2025-06-12 13:08:08.563 [background-preinit] INFO  o.h.validator.internal.util.Version - HV000001: Hibernate Validator 8.0.1.Final
2025-06-12 13:08:08.591 [main] INFO  roomescape.RoomescapeApplication - Starting RoomescapeApplication using Java 21.0.4 with PID 71528 (/Users/yuseokhyeon/woowa7/level2/spring-roomescape-payment/build/classes/java/main started by yuseokhyeon in /Users/yuseokhyeon/woowa7/level2/spring-roomescape-payment)
2025-06-12 13:08:08.591 [main] INFO  roomescape.RoomescapeApplication - No active profile set, falling back to 1 default profile: "default"
2025-06-12 13:08:09.038 [main] INFO  o.s.d.r.c.RepositoryConfigurationDelegate - Bootstrapping Spring Data JPA repositories in DEFAULT mode.
2025-06-12 13:08:09.069 [main] INFO  o.s.d.r.c.RepositoryConfigurationDelegate - Finished Spring Data repository scanning in 27 ms. Found 6 JPA repository interfaces.
2025-06-12 13:08:09.317 [main] INFO  o.s.b.w.e.tomcat.TomcatWebServer - Tomcat initialized with port 8080 (http)
2025-06-12 13:08:09.324 [main] INFO  o.a.coyote.http11.Http11NioProtocol - Initializing ProtocolHandler ["http-nio-8080"]
2025-06-12 13:08:09.325 [main] INFO  o.a.catalina.core.StandardService - Starting service [Tomcat]
2025-06-12 13:08:09.325 [main] INFO  o.a.catalina.core.StandardEngine - Starting Servlet engine: [Apache Tomcat/10.1.33]
2025-06-12 13:08:09.353 [main] INFO  o.a.c.c.C.[Tomcat].[localhost].[/] - Initializing Spring embedded WebApplicationContext
2025-06-12 13:08:09.354 [main] INFO  o.s.b.w.s.c.ServletWebServerApplicationContext - Root WebApplicationContext: initialization completed in 739 ms
2025-06-12 13:08:09.367 [main] INFO  com.zaxxer.hikari.HikariDataSource - HikariPool-1 - Starting...
2025-06-12 13:08:09.474 [main] INFO  com.zaxxer.hikari.pool.HikariPool - HikariPool-1 - Added connection conn0: url=jdbc:h2:mem:database user=SA
2025-06-12 13:08:09.475 [main] INFO  com.zaxxer.hikari.HikariDataSource - HikariPool-1 - Start completed.
2025-06-12 13:08:09.481 [main] INFO  o.s.b.a.h.H2ConsoleAutoConfiguration - H2 console available at '/h2-console'. Database available at 'jdbc:h2:mem:database'
2025-06-12 13:08:09.546 [main] INFO  o.h.jpa.internal.util.LogHelper - HHH000204: Processing PersistenceUnitInfo [name: default]
2025-06-12 13:08:09.576 [main] INFO  org.hibernate.Version - HHH000412: Hibernate ORM core version 6.6.2.Final
2025-06-12 13:08:09.593 [main] INFO  o.h.c.i.RegionFactoryInitiator - HHH000026: Second-level cache disabled
2025-06-12 13:08:09.992 [main] INFO  o.s.o.j.p.SpringPersistenceUnitInfo - No LoadTimeWeaver setup: ignoring JPA class transformer
2025-06-12 13:08:10.037 [main] INFO  o.hibernate.orm.connections.pooling - HHH10001005: Database info:
	Database JDBC URL [Connecting through datasource 'HikariDataSource (HikariPool-1)']
	Database driver: undefined/unknown
	Database version: 2.3.232
	Autocommit mode: undefined/unknown
	Isolation level: undefined/unknown
	Minimum pool size: undefined/unknown
	Maximum pool size: undefined/unknown
2025-06-12 13:08:10.484 [main] INFO  o.h.e.t.j.p.i.JtaPlatformInitiator - HHH000489: No JTA platform available (set 'hibernate.transaction.jta.platform' to enable JTA platform integration)
2025-06-12 13:08:10.512 [main] INFO  o.s.o.j.LocalContainerEntityManagerFactoryBean - Initialized JPA EntityManagerFactory for persistence unit 'default'
2025-06-12 13:08:10.706 [main] INFO  o.s.d.j.r.query.QueryEnhancerFactory - Hibernate is in classpath; If applicable, HQL parser will be used.
2025-06-12 13:08:11.236 [main] WARN  o.s.b.a.o.j.JpaBaseConfiguration$JpaWebConfiguration - spring.jpa.open-in-view is enabled by default. Therefore, database queries may be performed during view rendering. Explicitly configure spring.jpa.open-in-view to disable this warning
2025-06-12 13:08:11.246 [main] INFO  o.s.b.a.w.s.WelcomePageHandlerMapping - Adding welcome page template: index
2025-06-12 13:08:11.471 [main] INFO  o.a.coyote.http11.Http11NioProtocol - Starting ProtocolHandler ["http-nio-8080"]
2025-06-12 13:08:11.480 [main] INFO  o.s.b.w.e.tomcat.TomcatWebServer - Tomcat started on port 8080 (http) with context path '/'
2025-06-12 13:08:11.486 [main] INFO  roomescape.RoomescapeApplication - Started RoomescapeApplication in 3.162 seconds (process running for 3.574)
2025-06-12 13:08:14.336 [http-nio-8080-exec-1] INFO  o.a.c.c.C.[Tomcat].[localhost].[/] - Initializing Spring DispatcherServlet 'dispatcherServlet'
2025-06-12 13:08:14.336 [http-nio-8080-exec-1] INFO  o.s.web.servlet.DispatcherServlet - Initializing Servlet 'dispatcherServlet'
2025-06-12 13:08:14.337 [http-nio-8080-exec-1] INFO  o.s.web.servlet.DispatcherServlet - Completed initialization in 0 ms
2025-06-12 13:08:14.818 [http-nio-8080-exec-6] ERROR r.exception.GlobalExceptionHandler - CustomException 발생: message = 로그인이 필요합니다., status = 401 UNAUTHORIZED
2025-06-12 13:08:17.925 [http-nio-8080-exec-2] ERROR r.exception.GlobalExceptionHandler - CustomException 발생: message = 로그인이 필요합니다., status = 401 UNAUTHORIZED
2025-06-12 13:08:39.156 [http-nio-8080-exec-6] ERROR r.exception.GlobalExceptionHandler - CustomException 발생: message = 로그인이 필요합니다., status = 401 UNAUTHORIZED
2025-06-12 13:08:47.785 [http-nio-8080-exec-8] ERROR r.exception.GlobalExceptionHandler - CustomException 발생: message = 로그인이 필요합니다., status = 401 UNAUTHORIZED
2025-06-12 13:14:42.643 [HikariPool-1 housekeeper] WARN  com.zaxxer.hikari.pool.HikariPool - HikariPool-1 - Thread starvation or clock leap detected (housekeeper delta=1m33s35ms).
2025-06-12 13:25:09.188 [SpringApplicationShutdownHook] INFO  o.s.b.w.e.tomcat.GracefulShutdown - Commencing graceful shutdown. Waiting for active requests to complete
2025-06-12 13:25:09.195 [tomcat-shutdown] INFO  o.s.b.w.e.tomcat.GracefulShutdown - Graceful shutdown complete
2025-06-12 13:25:09.199 [SpringApplicationShutdownHook] INFO  o.s.o.j.LocalContainerEntityManagerFactoryBean - Closing JPA EntityManagerFactory for persistence unit 'default'
2025-06-12 13:25:09.206 [SpringApplicationShutdownHook] INFO  com.zaxxer.hikari.HikariDataSource - HikariPool-1 - Shutdown initiated...
2025-06-12 13:25:09.208 [SpringApplicationShutdownHook] INFO  com.zaxxer.hikari.HikariDataSource - HikariPool-1 - Shutdown completed.
2025-06-12 19:42:16.783 [background-preinit] INFO  o.h.validator.internal.util.Version - HV000001: Hibernate Validator 8.0.1.Final
2025-06-12 19:42:16.805 [Test worker] INFO  r.u.p.ReservationControllerTest - Starting ReservationControllerTest using Java 21.0.4 with PID 71634 (started by yuseokhyeon in /Users/yuseokhyeon/woowa7/level2/spring-roomescape-payment)
2025-06-12 19:42:16.806 [Test worker] INFO  r.u.p.ReservationControllerTest - No active profile set, falling back to 1 default profile: "default"
2025-06-12 19:42:17.832 [Test worker] INFO  o.s.b.a.w.s.WelcomePageHandlerMapping - Adding welcome page template: index
2025-06-12 19:42:17.999 [Test worker] INFO  o.s.b.t.m.w.SpringBootMockServletContext - Initializing Spring TestDispatcherServlet ''
2025-06-12 19:42:17.999 [Test worker] INFO  o.s.t.w.s.TestDispatcherServlet - Initializing Servlet ''
2025-06-12 19:42:18.000 [Test worker] INFO  o.s.t.w.s.TestDispatcherServlet - Completed initialization in 0 ms
2025-06-12 19:42:18.019 [Test worker] INFO  r.u.p.ReservationControllerTest - Started ReservationControllerTest in 1.418 seconds (process running for 1.99)
2025-06-12 19:42:18.152 [Test worker] INFO  r.presentation.ReservationController - 회원 예약 생성: 회원ID = 1, 테마ID = 1, 날짜 = 2025-01-01, 시간ID = 1, 금액 = 1000
2025-06-12 19:43:27.192 [background-preinit] INFO  o.h.validator.internal.util.Version - HV000001: Hibernate Validator 8.0.1.Final
2025-06-12 19:43:27.218 [Test worker] INFO  r.u.p.ReservationControllerTest - Starting ReservationControllerTest using Java 21.0.4 with PID 72189 (started by yuseokhyeon in /Users/yuseokhyeon/woowa7/level2/spring-roomescape-payment)
2025-06-12 19:43:27.218 [Test worker] INFO  r.u.p.ReservationControllerTest - No active profile set, falling back to 1 default profile: "default"
2025-06-12 19:43:28.284 [Test worker] INFO  o.s.b.a.w.s.WelcomePageHandlerMapping - Adding welcome page template: index
2025-06-12 19:43:28.458 [Test worker] INFO  o.s.b.t.m.w.SpringBootMockServletContext - Initializing Spring TestDispatcherServlet ''
2025-06-12 19:43:28.458 [Test worker] INFO  o.s.t.w.s.TestDispatcherServlet - Initializing Servlet ''
2025-06-12 19:43:28.459 [Test worker] INFO  o.s.t.w.s.TestDispatcherServlet - Completed initialization in 0 ms
2025-06-12 19:43:28.477 [Test worker] INFO  r.u.p.ReservationControllerTest - Started ReservationControllerTest in 1.498 seconds (process running for 2.199)
2025-06-12 19:43:28.609 [Test worker] INFO  r.presentation.ReservationController - 회원 예약 생성: 회원ID = 1, 테마ID = 1, 날짜 = 2025-01-01, 시간ID = 1, 금액 = 1000
2025-06-12 19:43:51.021 [background-preinit] INFO  o.h.validator.internal.util.Version - HV000001: Hibernate Validator 8.0.1.Final
2025-06-12 19:43:51.042 [Test worker] INFO  roomescape.api.AdminApiTest - Starting AdminApiTest using Java 21.0.4 with PID 72353 (started by yuseokhyeon in /Users/yuseokhyeon/woowa7/level2/spring-roomescape-payment)
2025-06-12 19:43:51.043 [Test worker] INFO  roomescape.api.AdminApiTest - No active profile set, falling back to 1 default profile: "default"
2025-06-12 19:43:51.469 [Test worker] INFO  o.s.d.r.c.RepositoryConfigurationDelegate - Bootstrapping Spring Data JPA repositories in DEFAULT mode.
2025-06-12 19:43:51.503 [Test worker] INFO  o.s.d.r.c.RepositoryConfigurationDelegate - Finished Spring Data repository scanning in 29 ms. Found 6 JPA repository interfaces.
2025-06-12 19:43:51.772 [Test worker] INFO  o.s.b.w.e.tomcat.TomcatWebServer - Tomcat initialized with port 8080 (http)
2025-06-12 19:43:51.780 [Test worker] INFO  o.a.coyote.http11.Http11NioProtocol - Initializing ProtocolHandler ["http-nio-8080"]
2025-06-12 19:43:51.781 [Test worker] INFO  o.a.catalina.core.StandardService - Starting service [Tomcat]
2025-06-12 19:43:51.781 [Test worker] INFO  o.a.catalina.core.StandardEngine - Starting Servlet engine: [Apache Tomcat/10.1.33]
2025-06-12 19:43:51.815 [Test worker] INFO  o.a.c.c.C.[Tomcat].[localhost].[/] - Initializing Spring embedded WebApplicationContext
2025-06-12 19:43:51.816 [Test worker] INFO  o.s.b.w.s.c.ServletWebServerApplicationContext - Root WebApplicationContext: initialization completed in 684 ms
2025-06-12 19:43:51.834 [Test worker] INFO  com.zaxxer.hikari.HikariDataSource - HikariPool-1 - Starting...
2025-06-12 19:43:51.932 [Test worker] INFO  com.zaxxer.hikari.pool.HikariPool - HikariPool-1 - Added connection conn0: url=jdbc:h2:mem:database user=SA
2025-06-12 19:43:51.933 [Test worker] INFO  com.zaxxer.hikari.HikariDataSource - HikariPool-1 - Start completed.
2025-06-12 19:43:51.939 [Test worker] INFO  o.s.b.a.h.H2ConsoleAutoConfiguration - H2 console available at '/h2-console'. Database available at 'jdbc:h2:mem:database'
2025-06-12 19:43:52.021 [Test worker] INFO  o.h.jpa.internal.util.LogHelper - HHH000204: Processing PersistenceUnitInfo [name: default]
2025-06-12 19:43:52.044 [Test worker] INFO  org.hibernate.Version - HHH000412: Hibernate ORM core version 6.6.2.Final
2025-06-12 19:43:52.058 [Test worker] INFO  o.h.c.i.RegionFactoryInitiator - HHH000026: Second-level cache disabled
2025-06-12 19:43:52.176 [Test worker] INFO  o.s.o.j.p.SpringPersistenceUnitInfo - No LoadTimeWeaver setup: ignoring JPA class transformer
2025-06-12 19:43:52.210 [Test worker] INFO  o.hibernate.orm.connections.pooling - HHH10001005: Database info:
	Database JDBC URL [Connecting through datasource 'HikariDataSource (HikariPool-1)']
	Database driver: undefined/unknown
	Database version: 2.3.232
	Autocommit mode: undefined/unknown
	Isolation level: undefined/unknown
	Minimum pool size: undefined/unknown
	Maximum pool size: undefined/unknown
2025-06-12 19:43:52.626 [Test worker] INFO  o.h.e.t.j.p.i.JtaPlatformInitiator - HHH000489: No JTA platform available (set 'hibernate.transaction.jta.platform' to enable JTA platform integration)
2025-06-12 19:43:52.654 [Test worker] INFO  o.s.o.j.LocalContainerEntityManagerFactoryBean - Initialized JPA EntityManagerFactory for persistence unit 'default'
2025-06-12 19:43:52.840 [Test worker] INFO  o.s.d.j.r.query.QueryEnhancerFactory - Hibernate is in classpath; If applicable, HQL parser will be used.
2025-06-12 19:43:53.527 [Test worker] WARN  o.s.b.a.o.j.JpaBaseConfiguration$JpaWebConfiguration - spring.jpa.open-in-view is enabled by default. Therefore, database queries may be performed during view rendering. Explicitly configure spring.jpa.open-in-view to disable this warning
2025-06-12 19:43:53.539 [Test worker] INFO  o.s.b.a.w.s.WelcomePageHandlerMapping - Adding welcome page template: index
2025-06-12 19:43:53.771 [Test worker] INFO  o.a.coyote.http11.Http11NioProtocol - Starting ProtocolHandler ["http-nio-8080"]
2025-06-12 19:43:53.777 [Test worker] INFO  o.s.b.w.e.tomcat.TomcatWebServer - Tomcat started on port 8080 (http) with context path '/'
2025-06-12 19:43:53.785 [Test worker] INFO  roomescape.api.AdminApiTest - Started AdminApiTest in 2.914 seconds (process running for 3.532)
2025-06-12 19:43:53.790 [Test worker] INFO  o.s.b.w.e.tomcat.GracefulShutdown - Commencing graceful shutdown. Waiting for active requests to complete
2025-06-12 19:43:53.791 [tomcat-shutdown] INFO  o.a.coyote.http11.Http11NioProtocol - Pausing ProtocolHandler ["http-nio-8080"]
2025-06-12 19:43:53.797 [tomcat-shutdown] INFO  o.s.b.w.e.tomcat.GracefulShutdown - Graceful shutdown complete
2025-06-12 19:43:53.798 [Test worker] INFO  o.a.coyote.http11.Http11NioProtocol - Stopping ProtocolHandler ["http-nio-8080"]
2025-06-12 19:43:53.801 [Test worker] INFO  o.s.o.j.LocalContainerEntityManagerFactoryBean - Closing JPA EntityManagerFactory for persistence unit 'default'
2025-06-12 19:43:53.805 [Test worker] INFO  com.zaxxer.hikari.HikariDataSource - HikariPool-1 - Shutdown initiated...
2025-06-12 19:43:53.806 [Test worker] INFO  com.zaxxer.hikari.HikariDataSource - HikariPool-1 - Shutdown completed.
2025-06-12 19:43:53.823 [Test worker] INFO  roomescape.api.AdminApiTest - Starting AdminApiTest using Java 21.0.4 with PID 72353 (started by yuseokhyeon in /Users/yuseokhyeon/woowa7/level2/spring-roomescape-payment)
2025-06-12 19:43:53.823 [Test worker] INFO  roomescape.api.AdminApiTest - No active profile set, falling back to 1 default profile: "default"
2025-06-12 19:43:53.913 [Test worker] INFO  o.s.d.r.c.RepositoryConfigurationDelegate - Bootstrapping Spring Data JPA repositories in DEFAULT mode.
2025-06-12 19:43:53.922 [Test worker] INFO  o.s.d.r.c.RepositoryConfigurationDelegate - Finished Spring Data repository scanning in 7 ms. Found 6 JPA repository interfaces.
2025-06-12 19:43:53.959 [Test worker] INFO  o.s.b.w.e.tomcat.TomcatWebServer - Tomcat initialized with port 8080 (http)
2025-06-12 19:43:53.959 [Test worker] INFO  o.a.coyote.http11.Http11NioProtocol - Initializing ProtocolHandler ["http-nio-8080"]
2025-06-12 19:43:53.959 [Test worker] INFO  o.a.catalina.core.StandardService - Starting service [Tomcat]
2025-06-12 19:43:53.959 [Test worker] INFO  o.a.catalina.core.StandardEngine - Starting Servlet engine: [Apache Tomcat/10.1.33]
2025-06-12 19:43:53.969 [Test worker] INFO  o.a.c.c.C.[Tomcat].[localhost].[/] - Initializing Spring embedded WebApplicationContext
2025-06-12 19:43:53.969 [Test worker] INFO  o.s.b.w.s.c.ServletWebServerApplicationContext - Root WebApplicationContext: initialization completed in 145 ms
2025-06-12 19:43:53.974 [Test worker] INFO  com.zaxxer.hikari.HikariDataSource - HikariPool-2 - Starting...
2025-06-12 19:43:53.975 [Test worker] INFO  com.zaxxer.hikari.pool.HikariPool - HikariPool-2 - Added connection conn10: url=jdbc:h2:mem:database user=SA
2025-06-12 19:43:53.975 [Test worker] INFO  com.zaxxer.hikari.HikariDataSource - HikariPool-2 - Start completed.
2025-06-12 19:43:53.975 [Test worker] INFO  o.s.b.a.h.H2ConsoleAutoConfiguration - H2 console available at '/h2-console'. Database available at 'jdbc:h2:mem:database'
2025-06-12 19:43:53.988 [Test worker] INFO  o.h.jpa.internal.util.LogHelper - HHH000204: Processing PersistenceUnitInfo [name: default]
2025-06-12 19:43:53.992 [Test worker] INFO  o.h.c.i.RegionFactoryInitiator - HHH000026: Second-level cache disabled
2025-06-12 19:43:53.997 [Test worker] INFO  o.s.o.j.p.SpringPersistenceUnitInfo - No LoadTimeWeaver setup: ignoring JPA class transformer
2025-06-12 19:43:53.997 [Test worker] INFO  o.hibernate.orm.connections.pooling - HHH10001005: Database info:
	Database JDBC URL [Connecting through datasource 'HikariDataSource (HikariPool-2)']
	Database driver: undefined/unknown
	Database version: 2.3.232
	Autocommit mode: undefined/unknown
	Isolation level: undefined/unknown
	Minimum pool size: undefined/unknown
	Maximum pool size: undefined/unknown
2025-06-12 19:43:54.045 [Test worker] INFO  o.h.e.t.j.p.i.JtaPlatformInitiator - HHH000489: No JTA platform available (set 'hibernate.transaction.jta.platform' to enable JTA platform integration)
2025-06-12 19:43:54.052 [Test worker] INFO  o.s.o.j.LocalContainerEntityManagerFactoryBean - Initialized JPA EntityManagerFactory for persistence unit 'default'
2025-06-12 19:43:54.119 [Test worker] WARN  o.s.b.a.o.j.JpaBaseConfiguration$JpaWebConfiguration - spring.jpa.open-in-view is enabled by default. Therefore, database queries may be performed during view rendering. Explicitly configure spring.jpa.open-in-view to disable this warning
2025-06-12 19:43:54.122 [Test worker] INFO  o.s.b.a.w.s.WelcomePageHandlerMapping - Adding welcome page template: index
2025-06-12 19:43:54.202 [Test worker] INFO  o.a.coyote.http11.Http11NioProtocol - Starting ProtocolHandler ["http-nio-8080"]
2025-06-12 19:43:54.203 [Test worker] INFO  o.s.b.w.e.tomcat.TomcatWebServer - Tomcat started on port 8080 (http) with context path '/'
2025-06-12 19:43:54.205 [Test worker] INFO  roomescape.api.AdminApiTest - Started AdminApiTest in 0.396 seconds (process running for 3.952)
2025-06-12 19:43:54.990 [http-nio-8080-exec-1] INFO  o.a.c.c.C.[Tomcat].[localhost].[/] - Initializing Spring DispatcherServlet 'dispatcherServlet'
2025-06-12 19:43:54.990 [http-nio-8080-exec-1] INFO  o.s.web.servlet.DispatcherServlet - Initializing Servlet 'dispatcherServlet'
2025-06-12 19:43:54.991 [http-nio-8080-exec-1] INFO  o.s.web.servlet.DispatcherServlet - Completed initialization in 1 ms
2025-06-12 19:43:55.088 [http-nio-8080-exec-1] INFO  r.presentation.AdminController - 관리자 예약 생성: 테마ID = 1, 날짜 = 2026-08-05, 시간ID = 1
2025-06-12 19:43:55.362 [Test worker] INFO  o.s.b.w.e.tomcat.GracefulShutdown - Commencing graceful shutdown. Waiting for active requests to complete
2025-06-12 19:43:55.363 [tomcat-shutdown] INFO  o.a.coyote.http11.Http11NioProtocol - Pausing ProtocolHandler ["http-nio-8080"]
2025-06-12 19:43:55.364 [tomcat-shutdown] INFO  o.s.b.w.e.tomcat.GracefulShutdown - Graceful shutdown complete
2025-06-12 19:43:55.364 [Test worker] INFO  o.a.coyote.http11.Http11NioProtocol - Stopping ProtocolHandler ["http-nio-8080"]
2025-06-12 19:43:55.367 [Test worker] INFO  o.s.o.j.LocalContainerEntityManagerFactoryBean - Closing JPA EntityManagerFactory for persistence unit 'default'
2025-06-12 19:43:55.370 [Test worker] INFO  com.zaxxer.hikari.HikariDataSource - HikariPool-2 - Shutdown initiated...
2025-06-12 19:43:55.370 [Test worker] INFO  com.zaxxer.hikari.HikariDataSource - HikariPool-2 - Shutdown completed.
2025-06-12 19:43:55.386 [Test worker] INFO  roomescape.api.AdminApiTest - Starting AdminApiTest using Java 21.0.4 with PID 72353 (started by yuseokhyeon in /Users/yuseokhyeon/woowa7/level2/spring-roomescape-payment)
2025-06-12 19:43:55.387 [Test worker] INFO  roomescape.api.AdminApiTest - No active profile set, falling back to 1 default profile: "default"
2025-06-12 19:43:55.481 [Test worker] INFO  o.s.d.r.c.RepositoryConfigurationDelegate - Bootstrapping Spring Data JPA repositories in DEFAULT mode.
2025-06-12 19:43:55.489 [Test worker] INFO  o.s.d.r.c.RepositoryConfigurationDelegate - Finished Spring Data repository scanning in 7 ms. Found 6 JPA repository interfaces.
2025-06-12 19:43:55.516 [Test worker] INFO  o.s.b.w.e.tomcat.TomcatWebServer - Tomcat initialized with port 8080 (http)
2025-06-12 19:43:55.517 [Test worker] INFO  o.a.coyote.http11.Http11NioProtocol - Initializing ProtocolHandler ["http-nio-8080"]
2025-06-12 19:43:55.517 [Test worker] INFO  o.a.catalina.core.StandardService - Starting service [Tomcat]
2025-06-12 19:43:55.517 [Test worker] INFO  o.a.catalina.core.StandardEngine - Starting Servlet engine: [Apache Tomcat/10.1.33]
2025-06-12 19:43:55.524 [Test worker] INFO  o.a.c.c.C.[Tomcat].[localhost].[/] - Initializing Spring embedded WebApplicationContext
2025-06-12 19:43:55.525 [Test worker] INFO  o.s.b.w.s.c.ServletWebServerApplicationContext - Root WebApplicationContext: initialization completed in 137 ms
2025-06-12 19:43:55.534 [Test worker] INFO  com.zaxxer.hikari.HikariDataSource - HikariPool-3 - Starting...
2025-06-12 19:43:55.535 [Test worker] INFO  com.zaxxer.hikari.pool.HikariPool - HikariPool-3 - Added connection conn20: url=jdbc:h2:mem:database user=SA
2025-06-12 19:43:55.535 [Test worker] INFO  com.zaxxer.hikari.HikariDataSource - HikariPool-3 - Start completed.
2025-06-12 19:43:55.535 [Test worker] INFO  o.s.b.a.h.H2ConsoleAutoConfiguration - H2 console available at '/h2-console'. Database available at 'jdbc:h2:mem:database'
2025-06-12 19:43:55.545 [Test worker] INFO  o.h.jpa.internal.util.LogHelper - HHH000204: Processing PersistenceUnitInfo [name: default]
2025-06-12 19:43:55.546 [Test worker] INFO  o.h.c.i.RegionFactoryInitiator - HHH000026: Second-level cache disabled
2025-06-12 19:43:55.550 [Test worker] INFO  o.s.o.j.p.SpringPersistenceUnitInfo - No LoadTimeWeaver setup: ignoring JPA class transformer
2025-06-12 19:43:55.550 [Test worker] INFO  o.hibernate.orm.connections.pooling - HHH10001005: Database info:
	Database JDBC URL [Connecting through datasource 'HikariDataSource (HikariPool-3)']
	Database driver: undefined/unknown
	Database version: 2.3.232
	Autocommit mode: undefined/unknown
	Isolation level: undefined/unknown
	Minimum pool size: undefined/unknown
	Maximum pool size: undefined/unknown
2025-06-12 19:43:55.591 [Test worker] INFO  o.h.e.t.j.p.i.JtaPlatformInitiator - HHH000489: No JTA platform available (set 'hibernate.transaction.jta.platform' to enable JTA platform integration)
2025-06-12 19:43:55.598 [Test worker] INFO  o.s.o.j.LocalContainerEntityManagerFactoryBean - Initialized JPA EntityManagerFactory for persistence unit 'default'
2025-06-12 19:43:55.649 [Test worker] WARN  o.s.b.a.o.j.JpaBaseConfiguration$JpaWebConfiguration - spring.jpa.open-in-view is enabled by default. Therefore, database queries may be performed during view rendering. Explicitly configure spring.jpa.open-in-view to disable this warning
2025-06-12 19:43:55.651 [Test worker] INFO  o.s.b.a.w.s.WelcomePageHandlerMapping - Adding welcome page template: index
2025-06-12 19:43:55.716 [Test worker] INFO  o.a.coyote.http11.Http11NioProtocol - Starting ProtocolHandler ["http-nio-8080"]
2025-06-12 19:43:55.717 [Test worker] INFO  o.s.b.w.e.tomcat.TomcatWebServer - Tomcat started on port 8080 (http) with context path '/'
2025-06-12 19:43:55.719 [Test worker] INFO  roomescape.api.AdminApiTest - Started AdminApiTest in 0.347 seconds (process running for 5.466)
2025-06-12 19:43:55.736 [http-nio-8080-exec-1] INFO  o.a.c.c.C.[Tomcat].[localhost].[/] - Initializing Spring DispatcherServlet 'dispatcherServlet'
2025-06-12 19:43:55.736 [http-nio-8080-exec-1] INFO  o.s.web.servlet.DispatcherServlet - Initializing Servlet 'dispatcherServlet'
2025-06-12 19:43:55.737 [http-nio-8080-exec-1] INFO  o.s.web.servlet.DispatcherServlet - Completed initialization in 1 ms
2025-06-12 19:43:55.745 [Test worker] INFO  o.s.b.w.e.tomcat.GracefulShutdown - Commencing graceful shutdown. Waiting for active requests to complete
2025-06-12 19:43:55.745 [tomcat-shutdown] INFO  o.a.coyote.http11.Http11NioProtocol - Pausing ProtocolHandler ["http-nio-8080"]
2025-06-12 19:43:55.747 [tomcat-shutdown] INFO  o.s.b.w.e.tomcat.GracefulShutdown - Graceful shutdown complete
2025-06-12 19:43:55.747 [Test worker] INFO  o.a.coyote.http11.Http11NioProtocol - Stopping ProtocolHandler ["http-nio-8080"]
2025-06-12 19:43:55.748 [Test worker] INFO  o.s.o.j.LocalContainerEntityManagerFactoryBean - Closing JPA EntityManagerFactory for persistence unit 'default'
2025-06-12 19:43:55.750 [Test worker] INFO  com.zaxxer.hikari.HikariDataSource - HikariPool-3 - Shutdown initiated...
2025-06-12 19:43:55.777 [Test worker] INFO  com.zaxxer.hikari.HikariDataSource - HikariPool-3 - Shutdown completed.
2025-06-12 19:43:55.789 [Test worker] INFO  roomescape.api.AdminApiTest - Starting AdminApiTest using Java 21.0.4 with PID 72353 (started by yuseokhyeon in /Users/yuseokhyeon/woowa7/level2/spring-roomescape-payment)
2025-06-12 19:43:55.789 [Test worker] INFO  roomescape.api.AdminApiTest - No active profile set, falling back to 1 default profile: "default"
2025-06-12 19:43:55.863 [Test worker] INFO  o.s.d.r.c.RepositoryConfigurationDelegate - Bootstrapping Spring Data JPA repositories in DEFAULT mode.
2025-06-12 19:43:55.869 [Test worker] INFO  o.s.d.r.c.RepositoryConfigurationDelegate - Finished Spring Data repository scanning in 6 ms. Found 6 JPA repository interfaces.
2025-06-12 19:43:55.894 [Test worker] INFO  o.s.b.w.e.tomcat.TomcatWebServer - Tomcat initialized with port 8080 (http)
2025-06-12 19:43:55.894 [Test worker] INFO  o.a.coyote.http11.Http11NioProtocol - Initializing ProtocolHandler ["http-nio-8080"]
2025-06-12 19:43:55.894 [Test worker] INFO  o.a.catalina.core.StandardService - Starting service [Tomcat]
2025-06-12 19:43:55.894 [Test worker] INFO  o.a.catalina.core.StandardEngine - Starting Servlet engine: [Apache Tomcat/10.1.33]
2025-06-12 19:43:55.901 [Test worker] INFO  o.a.c.c.C.[Tomcat].[localhost].[/] - Initializing Spring embedded WebApplicationContext
2025-06-12 19:43:55.902 [Test worker] INFO  o.s.b.w.s.c.ServletWebServerApplicationContext - Root WebApplicationContext: initialization completed in 112 ms
2025-06-12 19:43:55.906 [Test worker] INFO  com.zaxxer.hikari.HikariDataSource - HikariPool-4 - Starting...
2025-06-12 19:43:55.907 [Test worker] INFO  com.zaxxer.hikari.pool.HikariPool - HikariPool-4 - Added connection conn25: url=jdbc:h2:mem:database user=SA
2025-06-12 19:43:55.907 [Test worker] INFO  com.zaxxer.hikari.HikariDataSource - HikariPool-4 - Start completed.
2025-06-12 19:43:55.907 [Test worker] INFO  o.s.b.a.h.H2ConsoleAutoConfiguration - H2 console available at '/h2-console'. Database available at 'jdbc:h2:mem:database'
2025-06-12 19:43:55.915 [Test worker] INFO  o.h.jpa.internal.util.LogHelper - HHH000204: Processing PersistenceUnitInfo [name: default]
2025-06-12 19:43:55.916 [Test worker] INFO  o.h.c.i.RegionFactoryInitiator - HHH000026: Second-level cache disabled
2025-06-12 19:43:55.920 [Test worker] INFO  o.s.o.j.p.SpringPersistenceUnitInfo - No LoadTimeWeaver setup: ignoring JPA class transformer
2025-06-12 19:43:55.920 [Test worker] INFO  o.hibernate.orm.connections.pooling - HHH10001005: Database info:
	Database JDBC URL [Connecting through datasource 'HikariDataSource (HikariPool-4)']
	Database driver: undefined/unknown
	Database version: 2.3.232
	Autocommit mode: undefined/unknown
	Isolation level: undefined/unknown
	Minimum pool size: undefined/unknown
	Maximum pool size: undefined/unknown
2025-06-12 19:43:55.960 [Test worker] INFO  o.h.e.t.j.p.i.JtaPlatformInitiator - HHH000489: No JTA platform available (set 'hibernate.transaction.jta.platform' to enable JTA platform integration)
2025-06-12 19:43:55.971 [Test worker] INFO  o.s.o.j.LocalContainerEntityManagerFactoryBean - Initialized JPA EntityManagerFactory for persistence unit 'default'
2025-06-12 19:43:56.017 [Test worker] WARN  o.s.b.a.o.j.JpaBaseConfiguration$JpaWebConfiguration - spring.jpa.open-in-view is enabled by default. Therefore, database queries may be performed during view rendering. Explicitly configure spring.jpa.open-in-view to disable this warning
2025-06-12 19:43:56.020 [Test worker] INFO  o.s.b.a.w.s.WelcomePageHandlerMapping - Adding welcome page template: index
2025-06-12 19:43:56.059 [Test worker] INFO  o.a.coyote.http11.Http11NioProtocol - Starting ProtocolHandler ["http-nio-8080"]
2025-06-12 19:43:56.060 [Test worker] INFO  o.s.b.w.e.tomcat.TomcatWebServer - Tomcat started on port 8080 (http) with context path '/'
2025-06-12 19:43:56.061 [Test worker] INFO  roomescape.api.AdminApiTest - Started AdminApiTest in 0.282 seconds (process running for 5.808)
2025-06-12 19:43:56.084 [http-nio-8080-exec-1] INFO  o.a.c.c.C.[Tomcat].[localhost].[/] - Initializing Spring DispatcherServlet 'dispatcherServlet'
2025-06-12 19:43:56.084 [http-nio-8080-exec-1] INFO  o.s.web.servlet.DispatcherServlet - Initializing Servlet 'dispatcherServlet'
2025-06-12 19:43:56.084 [http-nio-8080-exec-1] INFO  o.s.web.servlet.DispatcherServlet - Completed initialization in 0 ms
2025-06-12 19:43:56.105 [Test worker] INFO  o.s.b.w.e.tomcat.GracefulShutdown - Commencing graceful shutdown. Waiting for active requests to complete
2025-06-12 19:43:56.106 [tomcat-shutdown] INFO  o.a.coyote.http11.Http11NioProtocol - Pausing ProtocolHandler ["http-nio-8080"]
2025-06-12 19:43:56.107 [tomcat-shutdown] INFO  o.s.b.w.e.tomcat.GracefulShutdown - Graceful shutdown complete
2025-06-12 19:43:56.107 [Test worker] INFO  o.a.coyote.http11.Http11NioProtocol - Stopping ProtocolHandler ["http-nio-8080"]
2025-06-12 19:43:56.108 [Test worker] INFO  o.s.o.j.LocalContainerEntityManagerFactoryBean - Closing JPA EntityManagerFactory for persistence unit 'default'
2025-06-12 19:43:56.110 [Test worker] INFO  com.zaxxer.hikari.HikariDataSource - HikariPool-4 - Shutdown initiated...
2025-06-12 19:43:56.116 [Test worker] INFO  com.zaxxer.hikari.HikariDataSource - HikariPool-4 - Shutdown completed.
2025-06-12 19:43:56.129 [Test worker] INFO  roomescape.api.AdminApiTest - Starting AdminApiTest using Java 21.0.4 with PID 72353 (started by yuseokhyeon in /Users/yuseokhyeon/woowa7/level2/spring-roomescape-payment)
2025-06-12 19:43:56.129 [Test worker] INFO  roomescape.api.AdminApiTest - No active profile set, falling back to 1 default profile: "default"
2025-06-12 19:43:56.214 [Test worker] INFO  o.s.d.r.c.RepositoryConfigurationDelegate - Bootstrapping Spring Data JPA repositories in DEFAULT mode.
2025-06-12 19:43:56.220 [Test worker] INFO  o.s.d.r.c.RepositoryConfigurationDelegate - Finished Spring Data repository scanning in 5 ms. Found 6 JPA repository interfaces.
2025-06-12 19:43:56.242 [Test worker] INFO  o.s.b.w.e.tomcat.TomcatWebServer - Tomcat initialized with port 8080 (http)
2025-06-12 19:43:56.242 [Test worker] INFO  o.a.coyote.http11.Http11NioProtocol - Initializing ProtocolHandler ["http-nio-8080"]
2025-06-12 19:43:56.242 [Test worker] INFO  o.a.catalina.core.StandardService - Starting service [Tomcat]
2025-06-12 19:43:56.242 [Test worker] INFO  o.a.catalina.core.StandardEngine - Starting Servlet engine: [Apache Tomcat/10.1.33]
2025-06-12 19:43:56.249 [Test worker] INFO  o.a.c.c.C.[Tomcat].[localhost].[/] - Initializing Spring embedded WebApplicationContext
2025-06-12 19:43:56.249 [Test worker] INFO  o.s.b.w.s.c.ServletWebServerApplicationContext - Root WebApplicationContext: initialization completed in 120 ms
2025-06-12 19:43:56.253 [Test worker] INFO  com.zaxxer.hikari.HikariDataSource - HikariPool-5 - Starting...
2025-06-12 19:43:56.254 [Test worker] INFO  com.zaxxer.hikari.pool.HikariPool - HikariPool-5 - Added connection conn29: url=jdbc:h2:mem:database user=SA
2025-06-12 19:43:56.254 [Test worker] INFO  com.zaxxer.hikari.HikariDataSource - HikariPool-5 - Start completed.
2025-06-12 19:43:56.254 [Test worker] INFO  o.s.b.a.h.H2ConsoleAutoConfiguration - H2 console available at '/h2-console'. Database available at 'jdbc:h2:mem:database'
2025-06-12 19:43:56.263 [Test worker] INFO  o.h.jpa.internal.util.LogHelper - HHH000204: Processing PersistenceUnitInfo [name: default]
2025-06-12 19:43:56.264 [Test worker] INFO  o.h.c.i.RegionFactoryInitiator - HHH000026: Second-level cache disabled
2025-06-12 19:43:56.267 [Test worker] INFO  o.s.o.j.p.SpringPersistenceUnitInfo - No LoadTimeWeaver setup: ignoring JPA class transformer
2025-06-12 19:43:56.268 [Test worker] INFO  o.hibernate.orm.connections.pooling - HHH10001005: Database info:
	Database JDBC URL [Connecting through datasource 'HikariDataSource (HikariPool-5)']
	Database driver: undefined/unknown
	Database version: 2.3.232
	Autocommit mode: undefined/unknown
	Isolation level: undefined/unknown
	Minimum pool size: undefined/unknown
	Maximum pool size: undefined/unknown
2025-06-12 19:43:56.306 [Test worker] INFO  o.h.e.t.j.p.i.JtaPlatformInitiator - HHH000489: No JTA platform available (set 'hibernate.transaction.jta.platform' to enable JTA platform integration)
2025-06-12 19:43:56.312 [Test worker] INFO  o.s.o.j.LocalContainerEntityManagerFactoryBean - Initialized JPA EntityManagerFactory for persistence unit 'default'
2025-06-12 19:43:56.349 [Test worker] WARN  o.s.b.a.o.j.JpaBaseConfiguration$JpaWebConfiguration - spring.jpa.open-in-view is enabled by default. Therefore, database queries may be performed during view rendering. Explicitly configure spring.jpa.open-in-view to disable this warning
2025-06-12 19:43:56.351 [Test worker] INFO  o.s.b.a.w.s.WelcomePageHandlerMapping - Adding welcome page template: index
2025-06-12 19:43:56.389 [Test worker] INFO  o.a.coyote.http11.Http11NioProtocol - Starting ProtocolHandler ["http-nio-8080"]
2025-06-12 19:43:56.394 [Test worker] INFO  o.s.b.w.e.tomcat.TomcatWebServer - Tomcat started on port 8080 (http) with context path '/'
2025-06-12 19:43:56.396 [Test worker] INFO  roomescape.api.AdminApiTest - Started AdminApiTest in 0.279 seconds (process running for 6.143)
2025-06-12 19:43:56.408 [http-nio-8080-exec-1] INFO  o.a.c.c.C.[Tomcat].[localhost].[/] - Initializing Spring DispatcherServlet 'dispatcherServlet'
2025-06-12 19:43:56.408 [http-nio-8080-exec-1] INFO  o.s.web.servlet.DispatcherServlet - Initializing Servlet 'dispatcherServlet'
2025-06-12 19:43:56.408 [http-nio-8080-exec-1] INFO  o.s.web.servlet.DispatcherServlet - Completed initialization in 0 ms
2025-06-12 19:43:56.436 [Test worker] INFO  o.s.t.c.s.AnnotationConfigContextLoaderUtils - Could not detect default configuration classes for test class [roomescape.api.AuthApiTest]: AuthApiTest does not declare any static, non-private, non-final, nested classes annotated with @Configuration.
2025-06-12 19:43:56.437 [Test worker] INFO  o.s.b.t.c.SpringBootTestContextBootstrapper - Found @SpringBootConfiguration roomescape.RoomescapeApplication for test class roomescape.api.AuthApiTest
2025-06-12 19:43:56.439 [Test worker] INFO  o.s.b.w.e.tomcat.GracefulShutdown - Commencing graceful shutdown. Waiting for active requests to complete
2025-06-12 19:43:56.440 [tomcat-shutdown] INFO  o.a.coyote.http11.Http11NioProtocol - Pausing ProtocolHandler ["http-nio-8080"]
2025-06-12 19:43:56.441 [tomcat-shutdown] INFO  o.s.b.w.e.tomcat.GracefulShutdown - Graceful shutdown complete
2025-06-12 19:43:56.441 [Test worker] INFO  o.a.coyote.http11.Http11NioProtocol - Stopping ProtocolHandler ["http-nio-8080"]
2025-06-12 19:43:56.442 [Test worker] INFO  o.s.o.j.LocalContainerEntityManagerFactoryBean - Closing JPA EntityManagerFactory for persistence unit 'default'
2025-06-12 19:43:56.443 [Test worker] INFO  com.zaxxer.hikari.HikariDataSource - HikariPool-5 - Shutdown initiated...
2025-06-12 19:43:56.460 [Test worker] INFO  com.zaxxer.hikari.HikariDataSource - HikariPool-5 - Shutdown completed.
2025-06-12 19:43:56.474 [Test worker] INFO  roomescape.api.AuthApiTest - Starting AuthApiTest using Java 21.0.4 with PID 72353 (started by yuseokhyeon in /Users/yuseokhyeon/woowa7/level2/spring-roomescape-payment)
2025-06-12 19:43:56.474 [Test worker] INFO  roomescape.api.AuthApiTest - No active profile set, falling back to 1 default profile: "default"
2025-06-12 19:43:56.539 [Test worker] INFO  o.s.d.r.c.RepositoryConfigurationDelegate - Bootstrapping Spring Data JPA repositories in DEFAULT mode.
2025-06-12 19:43:56.544 [Test worker] INFO  o.s.d.r.c.RepositoryConfigurationDelegate - Finished Spring Data repository scanning in 5 ms. Found 6 JPA repository interfaces.
2025-06-12 19:43:56.565 [Test worker] INFO  o.s.b.w.e.tomcat.TomcatWebServer - Tomcat initialized with port 8080 (http)
2025-06-12 19:43:56.566 [Test worker] INFO  o.a.coyote.http11.Http11NioProtocol - Initializing ProtocolHandler ["http-nio-8080"]
2025-06-12 19:43:56.566 [Test worker] INFO  o.a.catalina.core.StandardService - Starting service [Tomcat]
2025-06-12 19:43:56.566 [Test worker] INFO  o.a.catalina.core.StandardEngine - Starting Servlet engine: [Apache Tomcat/10.1.33]
2025-06-12 19:43:56.576 [Test worker] INFO  o.a.c.c.C.[Tomcat].[localhost].[/] - Initializing Spring embedded WebApplicationContext
2025-06-12 19:43:56.576 [Test worker] INFO  o.s.b.w.s.c.ServletWebServerApplicationContext - Root WebApplicationContext: initialization completed in 101 ms
2025-06-12 19:43:56.580 [Test worker] INFO  com.zaxxer.hikari.HikariDataSource - HikariPool-6 - Starting...
2025-06-12 19:43:56.581 [Test worker] INFO  com.zaxxer.hikari.pool.HikariPool - HikariPool-6 - Added connection conn33: url=jdbc:h2:mem:database user=SA
2025-06-12 19:43:56.581 [Test worker] INFO  com.zaxxer.hikari.HikariDataSource - HikariPool-6 - Start completed.
2025-06-12 19:43:56.581 [Test worker] INFO  o.s.b.a.h.H2ConsoleAutoConfiguration - H2 console available at '/h2-console'. Database available at 'jdbc:h2:mem:database'
2025-06-12 19:43:56.589 [Test worker] INFO  o.h.jpa.internal.util.LogHelper - HHH000204: Processing PersistenceUnitInfo [name: default]
2025-06-12 19:43:56.590 [Test worker] INFO  o.h.c.i.RegionFactoryInitiator - HHH000026: Second-level cache disabled
2025-06-12 19:43:56.593 [Test worker] INFO  o.s.o.j.p.SpringPersistenceUnitInfo - No LoadTimeWeaver setup: ignoring JPA class transformer
2025-06-12 19:43:56.594 [Test worker] INFO  o.hibernate.orm.connections.pooling - HHH10001005: Database info:
	Database JDBC URL [Connecting through datasource 'HikariDataSource (HikariPool-6)']
	Database driver: undefined/unknown
	Database version: 2.3.232
	Autocommit mode: undefined/unknown
	Isolation level: undefined/unknown
	Minimum pool size: undefined/unknown
	Maximum pool size: undefined/unknown
2025-06-12 19:43:56.625 [Test worker] INFO  o.h.e.t.j.p.i.JtaPlatformInitiator - HHH000489: No JTA platform available (set 'hibernate.transaction.jta.platform' to enable JTA platform integration)
2025-06-12 19:43:56.630 [Test worker] INFO  o.s.o.j.LocalContainerEntityManagerFactoryBean - Initialized JPA EntityManagerFactory for persistence unit 'default'
2025-06-12 19:43:56.667 [Test worker] WARN  o.s.b.a.o.j.JpaBaseConfiguration$JpaWebConfiguration - spring.jpa.open-in-view is enabled by default. Therefore, database queries may be performed during view rendering. Explicitly configure spring.jpa.open-in-view to disable this warning
2025-06-12 19:43:56.669 [Test worker] INFO  o.s.b.a.w.s.WelcomePageHandlerMapping - Adding welcome page template: index
2025-06-12 19:43:56.726 [Test worker] INFO  o.a.coyote.http11.Http11NioProtocol - Starting ProtocolHandler ["http-nio-8080"]
2025-06-12 19:43:56.728 [Test worker] INFO  o.s.b.w.e.tomcat.TomcatWebServer - Tomcat started on port 8080 (http) with context path '/'
2025-06-12 19:43:56.734 [Test worker] INFO  roomescape.api.AuthApiTest - Started AuthApiTest in 0.271 seconds (process running for 6.481)
2025-06-12 19:43:56.744 [http-nio-8080-exec-1] INFO  o.a.c.c.C.[Tomcat].[localhost].[/] - Initializing Spring DispatcherServlet 'dispatcherServlet'
2025-06-12 19:43:56.744 [http-nio-8080-exec-1] INFO  o.s.web.servlet.DispatcherServlet - Initializing Servlet 'dispatcherServlet'
2025-06-12 19:43:56.745 [http-nio-8080-exec-1] INFO  o.s.web.servlet.DispatcherServlet - Completed initialization in 0 ms
2025-06-12 19:43:56.753 [http-nio-8080-exec-1] INFO  r.presentation.AuthController - 유저 로그인: email=email1@domain.com
2025-06-12 19:43:56.766 [Test worker] INFO  o.s.b.w.e.tomcat.GracefulShutdown - Commencing graceful shutdown. Waiting for active requests to complete
2025-06-12 19:43:56.767 [tomcat-shutdown] INFO  o.a.coyote.http11.Http11NioProtocol - Pausing ProtocolHandler ["http-nio-8080"]
2025-06-12 19:43:56.768 [tomcat-shutdown] INFO  o.s.b.w.e.tomcat.GracefulShutdown - Graceful shutdown complete
2025-06-12 19:43:56.768 [Test worker] INFO  o.a.coyote.http11.Http11NioProtocol - Stopping ProtocolHandler ["http-nio-8080"]
2025-06-12 19:43:56.769 [Test worker] INFO  o.s.o.j.LocalContainerEntityManagerFactoryBean - Closing JPA EntityManagerFactory for persistence unit 'default'
2025-06-12 19:43:56.771 [Test worker] INFO  com.zaxxer.hikari.HikariDataSource - HikariPool-6 - Shutdown initiated...
2025-06-12 19:43:56.792 [Test worker] INFO  com.zaxxer.hikari.HikariDataSource - HikariPool-6 - Shutdown completed.
2025-06-12 19:43:56.803 [Test worker] INFO  roomescape.api.AuthApiTest - Starting AuthApiTest using Java 21.0.4 with PID 72353 (started by yuseokhyeon in /Users/yuseokhyeon/woowa7/level2/spring-roomescape-payment)
2025-06-12 19:43:56.803 [Test worker] INFO  roomescape.api.AuthApiTest - No active profile set, falling back to 1 default profile: "default"
2025-06-12 19:43:56.864 [Test worker] INFO  o.s.d.r.c.RepositoryConfigurationDelegate - Bootstrapping Spring Data JPA repositories in DEFAULT mode.
2025-06-12 19:43:56.870 [Test worker] INFO  o.s.d.r.c.RepositoryConfigurationDelegate - Finished Spring Data repository scanning in 5 ms. Found 6 JPA repository interfaces.
2025-06-12 19:43:56.890 [Test worker] INFO  o.s.b.w.e.tomcat.TomcatWebServer - Tomcat initialized with port 8080 (http)
2025-06-12 19:43:56.890 [Test worker] INFO  o.a.coyote.http11.Http11NioProtocol - Initializing ProtocolHandler ["http-nio-8080"]
2025-06-12 19:43:56.890 [Test worker] INFO  o.a.catalina.core.StandardService - Starting service [Tomcat]
2025-06-12 19:43:56.890 [Test worker] INFO  o.a.catalina.core.StandardEngine - Starting Servlet engine: [Apache Tomcat/10.1.33]
2025-06-12 19:43:56.897 [Test worker] INFO  o.a.c.c.C.[Tomcat].[localhost].[/] - Initializing Spring embedded WebApplicationContext
2025-06-12 19:43:56.897 [Test worker] INFO  o.s.b.w.s.c.ServletWebServerApplicationContext - Root WebApplicationContext: initialization completed in 93 ms
2025-06-12 19:43:56.901 [Test worker] INFO  com.zaxxer.hikari.HikariDataSource - HikariPool-7 - Starting...
2025-06-12 19:43:56.902 [Test worker] INFO  com.zaxxer.hikari.pool.HikariPool - HikariPool-7 - Added connection conn37: url=jdbc:h2:mem:database user=SA
2025-06-12 19:43:56.902 [Test worker] INFO  com.zaxxer.hikari.HikariDataSource - HikariPool-7 - Start completed.
2025-06-12 19:43:56.902 [Test worker] INFO  o.s.b.a.h.H2ConsoleAutoConfiguration - H2 console available at '/h2-console'. Database available at 'jdbc:h2:mem:database'
2025-06-12 19:43:56.911 [Test worker] INFO  o.h.jpa.internal.util.LogHelper - HHH000204: Processing PersistenceUnitInfo [name: default]
2025-06-12 19:43:56.912 [Test worker] INFO  o.h.c.i.RegionFactoryInitiator - HHH000026: Second-level cache disabled
2025-06-12 19:43:56.915 [Test worker] INFO  o.s.o.j.p.SpringPersistenceUnitInfo - No LoadTimeWeaver setup: ignoring JPA class transformer
2025-06-12 19:43:56.916 [Test worker] INFO  o.hibernate.orm.connections.pooling - HHH10001005: Database info:
	Database JDBC URL [Connecting through datasource 'HikariDataSource (HikariPool-7)']
	Database driver: undefined/unknown
	Database version: 2.3.232
	Autocommit mode: undefined/unknown
	Isolation level: undefined/unknown
	Minimum pool size: undefined/unknown
	Maximum pool size: undefined/unknown
2025-06-12 19:43:56.948 [Test worker] INFO  o.h.e.t.j.p.i.JtaPlatformInitiator - HHH000489: No JTA platform available (set 'hibernate.transaction.jta.platform' to enable JTA platform integration)
2025-06-12 19:43:56.952 [Test worker] INFO  o.s.o.j.LocalContainerEntityManagerFactoryBean - Initialized JPA EntityManagerFactory for persistence unit 'default'
2025-06-12 19:43:57.000 [Test worker] WARN  o.s.b.a.o.j.JpaBaseConfiguration$JpaWebConfiguration - spring.jpa.open-in-view is enabled by default. Therefore, database queries may be performed during view rendering. Explicitly configure spring.jpa.open-in-view to disable this warning
2025-06-12 19:43:57.002 [Test worker] INFO  o.s.b.a.w.s.WelcomePageHandlerMapping - Adding welcome page template: index
2025-06-12 19:43:57.039 [Test worker] INFO  o.a.coyote.http11.Http11NioProtocol - Starting ProtocolHandler ["http-nio-8080"]
2025-06-12 19:43:57.040 [Test worker] INFO  o.s.b.w.e.tomcat.TomcatWebServer - Tomcat started on port 8080 (http) with context path '/'
2025-06-12 19:43:57.041 [Test worker] INFO  roomescape.api.AuthApiTest - Started AuthApiTest in 0.248 seconds (process running for 6.788)
2025-06-12 19:43:57.049 [http-nio-8080-exec-1] INFO  o.a.c.c.C.[Tomcat].[localhost].[/] - Initializing Spring DispatcherServlet 'dispatcherServlet'
2025-06-12 19:43:57.049 [http-nio-8080-exec-1] INFO  o.s.web.servlet.DispatcherServlet - Initializing Servlet 'dispatcherServlet'
2025-06-12 19:43:57.050 [http-nio-8080-exec-1] INFO  o.s.web.servlet.DispatcherServlet - Completed initialization in 0 ms
2025-06-12 19:43:57.065 [Test worker] INFO  o.s.b.w.e.tomcat.GracefulShutdown - Commencing graceful shutdown. Waiting for active requests to complete
2025-06-12 19:43:57.065 [tomcat-shutdown] INFO  o.a.coyote.http11.Http11NioProtocol - Pausing ProtocolHandler ["http-nio-8080"]
2025-06-12 19:43:57.066 [tomcat-shutdown] INFO  o.s.b.w.e.tomcat.GracefulShutdown - Graceful shutdown complete
2025-06-12 19:43:57.066 [Test worker] INFO  o.a.coyote.http11.Http11NioProtocol - Stopping ProtocolHandler ["http-nio-8080"]
2025-06-12 19:43:57.068 [Test worker] INFO  o.s.o.j.LocalContainerEntityManagerFactoryBean - Closing JPA EntityManagerFactory for persistence unit 'default'
2025-06-12 19:43:57.069 [Test worker] INFO  com.zaxxer.hikari.HikariDataSource - HikariPool-7 - Shutdown initiated...
2025-06-12 19:43:57.077 [Test worker] INFO  com.zaxxer.hikari.HikariDataSource - HikariPool-7 - Shutdown completed.
2025-06-12 19:43:57.088 [Test worker] INFO  roomescape.api.AuthApiTest - Starting AuthApiTest using Java 21.0.4 with PID 72353 (started by yuseokhyeon in /Users/yuseokhyeon/woowa7/level2/spring-roomescape-payment)
2025-06-12 19:43:57.088 [Test worker] INFO  roomescape.api.AuthApiTest - No active profile set, falling back to 1 default profile: "default"
2025-06-12 19:43:57.147 [Test worker] INFO  o.s.d.r.c.RepositoryConfigurationDelegate - Bootstrapping Spring Data JPA repositories in DEFAULT mode.
2025-06-12 19:43:57.153 [Test worker] INFO  o.s.d.r.c.RepositoryConfigurationDelegate - Finished Spring Data repository scanning in 5 ms. Found 6 JPA repository interfaces.
2025-06-12 19:43:57.173 [Test worker] INFO  o.s.b.w.e.tomcat.TomcatWebServer - Tomcat initialized with port 8080 (http)
2025-06-12 19:43:57.174 [Test worker] INFO  o.a.coyote.http11.Http11NioProtocol - Initializing ProtocolHandler ["http-nio-8080"]
2025-06-12 19:43:57.174 [Test worker] INFO  o.a.catalina.core.StandardService - Starting service [Tomcat]
2025-06-12 19:43:57.174 [Test worker] INFO  o.a.catalina.core.StandardEngine - Starting Servlet engine: [Apache Tomcat/10.1.33]
2025-06-12 19:43:57.181 [Test worker] INFO  o.a.c.c.C.[Tomcat].[localhost].[/] - Initializing Spring embedded WebApplicationContext
2025-06-12 19:43:57.181 [Test worker] INFO  o.s.b.w.s.c.ServletWebServerApplicationContext - Root WebApplicationContext: initialization completed in 92 ms
2025-06-12 19:43:57.185 [Test worker] INFO  com.zaxxer.hikari.HikariDataSource - HikariPool-8 - Starting...
2025-06-12 19:43:57.187 [Test worker] INFO  com.zaxxer.hikari.pool.HikariPool - HikariPool-8 - Added connection conn40: url=jdbc:h2:mem:database user=SA
2025-06-12 19:43:57.187 [Test worker] INFO  com.zaxxer.hikari.HikariDataSource - HikariPool-8 - Start completed.
2025-06-12 19:43:57.187 [Test worker] INFO  o.s.b.a.h.H2ConsoleAutoConfiguration - H2 console available at '/h2-console'. Database available at 'jdbc:h2:mem:database'
2025-06-12 19:43:57.196 [Test worker] INFO  o.h.jpa.internal.util.LogHelper - HHH000204: Processing PersistenceUnitInfo [name: default]
2025-06-12 19:43:57.197 [Test worker] INFO  o.h.c.i.RegionFactoryInitiator - HHH000026: Second-level cache disabled
2025-06-12 19:43:57.200 [Test worker] INFO  o.s.o.j.p.SpringPersistenceUnitInfo - No LoadTimeWeaver setup: ignoring JPA class transformer
2025-06-12 19:43:57.201 [Test worker] INFO  o.hibernate.orm.connections.pooling - HHH10001005: Database info:
	Database JDBC URL [Connecting through datasource 'HikariDataSource (HikariPool-8)']
	Database driver: undefined/unknown
	Database version: 2.3.232
	Autocommit mode: undefined/unknown
	Isolation level: undefined/unknown
	Minimum pool size: undefined/unknown
	Maximum pool size: undefined/unknown
2025-06-12 19:43:57.240 [Test worker] INFO  o.h.e.t.j.p.i.JtaPlatformInitiator - HHH000489: No JTA platform available (set 'hibernate.transaction.jta.platform' to enable JTA platform integration)
2025-06-12 19:43:57.256 [Test worker] INFO  o.s.o.j.LocalContainerEntityManagerFactoryBean - Initialized JPA EntityManagerFactory for persistence unit 'default'
2025-06-12 19:43:57.298 [Test worker] WARN  o.s.b.a.o.j.JpaBaseConfiguration$JpaWebConfiguration - spring.jpa.open-in-view is enabled by default. Therefore, database queries may be performed during view rendering. Explicitly configure spring.jpa.open-in-view to disable this warning
2025-06-12 19:43:57.300 [Test worker] INFO  o.s.b.a.w.s.WelcomePageHandlerMapping - Adding welcome page template: index
2025-06-12 19:43:57.335 [Test worker] INFO  o.a.coyote.http11.Http11NioProtocol - Starting ProtocolHandler ["http-nio-8080"]
2025-06-12 19:43:57.336 [Test worker] INFO  o.s.b.w.e.tomcat.TomcatWebServer - Tomcat started on port 8080 (http) with context path '/'
2025-06-12 19:43:57.337 [Test worker] INFO  roomescape.api.AuthApiTest - Started AuthApiTest in 0.258 seconds (process running for 7.084)
2025-06-12 19:43:57.345 [http-nio-8080-exec-1] INFO  o.a.c.c.C.[Tomcat].[localhost].[/] - Initializing Spring DispatcherServlet 'dispatcherServlet'
2025-06-12 19:43:57.345 [http-nio-8080-exec-1] INFO  o.s.web.servlet.DispatcherServlet - Initializing Servlet 'dispatcherServlet'
2025-06-12 19:43:57.345 [http-nio-8080-exec-1] INFO  o.s.web.servlet.DispatcherServlet - Completed initialization in 0 ms
2025-06-12 19:43:57.362 [Test worker] INFO  o.s.b.w.e.tomcat.GracefulShutdown - Commencing graceful shutdown. Waiting for active requests to complete
2025-06-12 19:43:57.362 [tomcat-shutdown] INFO  o.a.coyote.http11.Http11NioProtocol - Pausing ProtocolHandler ["http-nio-8080"]
2025-06-12 19:43:57.363 [tomcat-shutdown] INFO  o.s.b.w.e.tomcat.GracefulShutdown - Graceful shutdown complete
2025-06-12 19:43:57.363 [Test worker] INFO  o.a.coyote.http11.Http11NioProtocol - Stopping ProtocolHandler ["http-nio-8080"]
2025-06-12 19:43:57.364 [Test worker] INFO  o.s.o.j.LocalContainerEntityManagerFactoryBean - Closing JPA EntityManagerFactory for persistence unit 'default'
2025-06-12 19:43:57.366 [Test worker] INFO  com.zaxxer.hikari.HikariDataSource - HikariPool-8 - Shutdown initiated...
2025-06-12 19:43:57.391 [Test worker] INFO  com.zaxxer.hikari.HikariDataSource - HikariPool-8 - Shutdown completed.
2025-06-12 19:43:57.402 [Test worker] INFO  roomescape.api.AuthApiTest - Starting AuthApiTest using Java 21.0.4 with PID 72353 (started by yuseokhyeon in /Users/yuseokhyeon/woowa7/level2/spring-roomescape-payment)
2025-06-12 19:43:57.402 [Test worker] INFO  roomescape.api.AuthApiTest - No active profile set, falling back to 1 default profile: "default"
2025-06-12 19:43:57.459 [Test worker] INFO  o.s.d.r.c.RepositoryConfigurationDelegate - Bootstrapping Spring Data JPA repositories in DEFAULT mode.
2025-06-12 19:43:57.465 [Test worker] INFO  o.s.d.r.c.RepositoryConfigurationDelegate - Finished Spring Data repository scanning in 5 ms. Found 6 JPA repository interfaces.
2025-06-12 19:43:57.488 [Test worker] INFO  o.s.b.w.e.tomcat.TomcatWebServer - Tomcat initialized with port 8080 (http)
2025-06-12 19:43:57.488 [Test worker] INFO  o.a.coyote.http11.Http11NioProtocol - Initializing ProtocolHandler ["http-nio-8080"]
2025-06-12 19:43:57.488 [Test worker] INFO  o.a.catalina.core.StandardService - Starting service [Tomcat]
2025-06-12 19:43:57.488 [Test worker] INFO  o.a.catalina.core.StandardEngine - Starting Servlet engine: [Apache Tomcat/10.1.33]
2025-06-12 19:43:57.499 [Test worker] INFO  o.a.c.c.C.[Tomcat].[localhost].[/] - Initializing Spring embedded WebApplicationContext
2025-06-12 19:43:57.499 [Test worker] INFO  o.s.b.w.s.c.ServletWebServerApplicationContext - Root WebApplicationContext: initialization completed in 97 ms
2025-06-12 19:43:57.503 [Test worker] INFO  com.zaxxer.hikari.HikariDataSource - HikariPool-9 - Starting...
2025-06-12 19:43:57.503 [Test worker] INFO  com.zaxxer.hikari.pool.HikariPool - HikariPool-9 - Added connection conn44: url=jdbc:h2:mem:database user=SA
2025-06-12 19:43:57.504 [Test worker] INFO  com.zaxxer.hikari.HikariDataSource - HikariPool-9 - Start completed.
2025-06-12 19:43:57.504 [Test worker] INFO  o.s.b.a.h.H2ConsoleAutoConfiguration - H2 console available at '/h2-console'. Database available at 'jdbc:h2:mem:database'
2025-06-12 19:43:57.511 [Test worker] INFO  o.h.jpa.internal.util.LogHelper - HHH000204: Processing PersistenceUnitInfo [name: default]
2025-06-12 19:43:57.512 [Test worker] INFO  o.h.c.i.RegionFactoryInitiator - HHH000026: Second-level cache disabled
2025-06-12 19:43:57.515 [Test worker] INFO  o.s.o.j.p.SpringPersistenceUnitInfo - No LoadTimeWeaver setup: ignoring JPA class transformer
2025-06-12 19:43:57.516 [Test worker] INFO  o.hibernate.orm.connections.pooling - HHH10001005: Database info:
	Database JDBC URL [Connecting through datasource 'HikariDataSource (HikariPool-9)']
	Database driver: undefined/unknown
	Database version: 2.3.232
	Autocommit mode: undefined/unknown
	Isolation level: undefined/unknown
	Minimum pool size: undefined/unknown
	Maximum pool size: undefined/unknown
2025-06-12 19:43:57.549 [Test worker] INFO  o.h.e.t.j.p.i.JtaPlatformInitiator - HHH000489: No JTA platform available (set 'hibernate.transaction.jta.platform' to enable JTA platform integration)
2025-06-12 19:43:57.554 [Test worker] INFO  o.s.o.j.LocalContainerEntityManagerFactoryBean - Initialized JPA EntityManagerFactory for persistence unit 'default'
2025-06-12 19:43:57.591 [Test worker] WARN  o.s.b.a.o.j.JpaBaseConfiguration$JpaWebConfiguration - spring.jpa.open-in-view is enabled by default. Therefore, database queries may be performed during view rendering. Explicitly configure spring.jpa.open-in-view to disable this warning
2025-06-12 19:43:57.593 [Test worker] INFO  o.s.b.a.w.s.WelcomePageHandlerMapping - Adding welcome page template: index
2025-06-12 19:43:57.629 [Test worker] INFO  o.a.coyote.http11.Http11NioProtocol - Starting ProtocolHandler ["http-nio-8080"]
2025-06-12 19:43:57.630 [Test worker] INFO  o.s.b.w.e.tomcat.TomcatWebServer - Tomcat started on port 8080 (http) with context path '/'
2025-06-12 19:43:57.631 [Test worker] INFO  roomescape.api.AuthApiTest - Started AuthApiTest in 0.238 seconds (process running for 7.378)
2025-06-12 19:43:57.645 [http-nio-8080-exec-1] INFO  o.a.c.c.C.[Tomcat].[localhost].[/] - Initializing Spring DispatcherServlet 'dispatcherServlet'
2025-06-12 19:43:57.645 [http-nio-8080-exec-1] INFO  o.s.web.servlet.DispatcherServlet - Initializing Servlet 'dispatcherServlet'
2025-06-12 19:43:57.646 [http-nio-8080-exec-1] INFO  o.s.web.servlet.DispatcherServlet - Completed initialization in 1 ms
2025-06-12 19:43:57.651 [http-nio-8080-exec-1] INFO  r.presentation.AuthController - 유저 로그인: email=email1@domain.com
2025-06-12 19:43:57.666 [Test worker] INFO  o.s.b.w.e.tomcat.GracefulShutdown - Commencing graceful shutdown. Waiting for active requests to complete
2025-06-12 19:43:57.667 [tomcat-shutdown] INFO  o.a.coyote.http11.Http11NioProtocol - Pausing ProtocolHandler ["http-nio-8080"]
2025-06-12 19:43:57.668 [tomcat-shutdown] INFO  o.s.b.w.e.tomcat.GracefulShutdown - Graceful shutdown complete
2025-06-12 19:43:57.668 [Test worker] INFO  o.a.coyote.http11.Http11NioProtocol - Stopping ProtocolHandler ["http-nio-8080"]
2025-06-12 19:43:57.669 [Test worker] INFO  o.s.o.j.LocalContainerEntityManagerFactoryBean - Closing JPA EntityManagerFactory for persistence unit 'default'
2025-06-12 19:43:57.670 [Test worker] INFO  com.zaxxer.hikari.HikariDataSource - HikariPool-9 - Shutdown initiated...
2025-06-12 19:43:57.679 [Test worker] INFO  com.zaxxer.hikari.HikariDataSource - HikariPool-9 - Shutdown completed.
2025-06-12 19:43:57.690 [Test worker] INFO  roomescape.api.AuthApiTest - Starting AuthApiTest using Java 21.0.4 with PID 72353 (started by yuseokhyeon in /Users/yuseokhyeon/woowa7/level2/spring-roomescape-payment)
2025-06-12 19:43:57.690 [Test worker] INFO  roomescape.api.AuthApiTest - No active profile set, falling back to 1 default profile: "default"
2025-06-12 19:43:57.751 [Test worker] INFO  o.s.d.r.c.RepositoryConfigurationDelegate - Bootstrapping Spring Data JPA repositories in DEFAULT mode.
2025-06-12 19:43:57.757 [Test worker] INFO  o.s.d.r.c.RepositoryConfigurationDelegate - Finished Spring Data repository scanning in 5 ms. Found 6 JPA repository interfaces.
2025-06-12 19:43:57.776 [Test worker] INFO  o.s.b.w.e.tomcat.TomcatWebServer - Tomcat initialized with port 8080 (http)
2025-06-12 19:43:57.777 [Test worker] INFO  o.a.coyote.http11.Http11NioProtocol - Initializing ProtocolHandler ["http-nio-8080"]
2025-06-12 19:43:57.777 [Test worker] INFO  o.a.catalina.core.StandardService - Starting service [Tomcat]
2025-06-12 19:43:57.777 [Test worker] INFO  o.a.catalina.core.StandardEngine - Starting Servlet engine: [Apache Tomcat/10.1.33]
2025-06-12 19:43:57.783 [Test worker] INFO  o.a.c.c.C.[Tomcat].[localhost].[/] - Initializing Spring embedded WebApplicationContext
2025-06-12 19:43:57.783 [Test worker] INFO  o.s.b.w.s.c.ServletWebServerApplicationContext - Root WebApplicationContext: initialization completed in 92 ms
2025-06-12 19:43:57.787 [Test worker] INFO  com.zaxxer.hikari.HikariDataSource - HikariPool-10 - Starting...
2025-06-12 19:43:57.787 [Test worker] INFO  com.zaxxer.hikari.pool.HikariPool - HikariPool-10 - Added connection conn47: url=jdbc:h2:mem:database user=SA
2025-06-12 19:43:57.788 [Test worker] INFO  com.zaxxer.hikari.HikariDataSource - HikariPool-10 - Start completed.
2025-06-12 19:43:57.788 [Test worker] INFO  o.s.b.a.h.H2ConsoleAutoConfiguration - H2 console available at '/h2-console'. Database available at 'jdbc:h2:mem:database'
2025-06-12 19:43:57.795 [Test worker] INFO  o.h.jpa.internal.util.LogHelper - HHH000204: Processing PersistenceUnitInfo [name: default]
2025-06-12 19:43:57.796 [Test worker] INFO  o.h.c.i.RegionFactoryInitiator - HHH000026: Second-level cache disabled
2025-06-12 19:43:57.799 [Test worker] INFO  o.s.o.j.p.SpringPersistenceUnitInfo - No LoadTimeWeaver setup: ignoring JPA class transformer
2025-06-12 19:43:57.800 [Test worker] INFO  o.hibernate.orm.connections.pooling - HHH10001005: Database info:
	Database JDBC URL [Connecting through datasource 'HikariDataSource (HikariPool-10)']
	Database driver: undefined/unknown
	Database version: 2.3.232
	Autocommit mode: undefined/unknown
	Isolation level: undefined/unknown
	Minimum pool size: undefined/unknown
	Maximum pool size: undefined/unknown
2025-06-12 19:43:57.828 [Test worker] INFO  o.h.e.t.j.p.i.JtaPlatformInitiator - HHH000489: No JTA platform available (set 'hibernate.transaction.jta.platform' to enable JTA platform integration)
2025-06-12 19:43:57.832 [Test worker] INFO  o.s.o.j.LocalContainerEntityManagerFactoryBean - Initialized JPA EntityManagerFactory for persistence unit 'default'
2025-06-12 19:43:57.867 [Test worker] WARN  o.s.b.a.o.j.JpaBaseConfiguration$JpaWebConfiguration - spring.jpa.open-in-view is enabled by default. Therefore, database queries may be performed during view rendering. Explicitly configure spring.jpa.open-in-view to disable this warning
2025-06-12 19:43:57.869 [Test worker] INFO  o.s.b.a.w.s.WelcomePageHandlerMapping - Adding welcome page template: index
2025-06-12 19:43:57.903 [Test worker] INFO  o.a.coyote.http11.Http11NioProtocol - Starting ProtocolHandler ["http-nio-8080"]
2025-06-12 19:43:57.904 [Test worker] INFO  o.s.b.w.e.tomcat.TomcatWebServer - Tomcat started on port 8080 (http) with context path '/'
2025-06-12 19:43:57.905 [Test worker] INFO  roomescape.api.AuthApiTest - Started AuthApiTest in 0.224 seconds (process running for 7.652)
2025-06-12 19:43:57.912 [http-nio-8080-exec-1] INFO  o.a.c.c.C.[Tomcat].[localhost].[/] - Initializing Spring DispatcherServlet 'dispatcherServlet'
2025-06-12 19:43:57.912 [http-nio-8080-exec-1] INFO  o.s.web.servlet.DispatcherServlet - Initializing Servlet 'dispatcherServlet'
2025-06-12 19:43:57.912 [http-nio-8080-exec-1] INFO  o.s.web.servlet.DispatcherServlet - Completed initialization in 0 ms
2025-06-12 19:43:57.913 [http-nio-8080-exec-1] WARN  r.exception.GlobalExceptionHandler - 권한 없음: message = 유효하지 않은 토큰입니다., status = 401 UNAUTHORIZED
2025-06-12 19:43:57.917 [Test worker] INFO  o.s.t.c.s.AnnotationConfigContextLoaderUtils - Could not detect default configuration classes for test class [roomescape.api.MemberApiTest]: MemberApiTest does not declare any static, non-private, non-final, nested classes annotated with @Configuration.
2025-06-12 19:43:57.918 [Test worker] INFO  o.s.b.t.c.SpringBootTestContextBootstrapper - Found @SpringBootConfiguration roomescape.RoomescapeApplication for test class roomescape.api.MemberApiTest
2025-06-12 19:43:57.919 [Test worker] INFO  o.s.b.w.e.tomcat.GracefulShutdown - Commencing graceful shutdown. Waiting for active requests to complete
2025-06-12 19:43:57.919 [tomcat-shutdown] INFO  o.a.coyote.http11.Http11NioProtocol - Pausing ProtocolHandler ["http-nio-8080"]
2025-06-12 19:43:57.921 [tomcat-shutdown] INFO  o.s.b.w.e.tomcat.GracefulShutdown - Graceful shutdown complete
2025-06-12 19:43:57.921 [Test worker] INFO  o.a.coyote.http11.Http11NioProtocol - Stopping ProtocolHandler ["http-nio-8080"]
2025-06-12 19:43:57.922 [Test worker] INFO  o.s.o.j.LocalContainerEntityManagerFactoryBean - Closing JPA EntityManagerFactory for persistence unit 'default'
2025-06-12 19:43:57.923 [Test worker] INFO  com.zaxxer.hikari.HikariDataSource - HikariPool-10 - Shutdown initiated...
2025-06-12 19:43:57.928 [Test worker] INFO  com.zaxxer.hikari.HikariDataSource - HikariPool-10 - Shutdown completed.
2025-06-12 19:43:57.944 [Test worker] INFO  roomescape.api.MemberApiTest - Starting MemberApiTest using Java 21.0.4 with PID 72353 (started by yuseokhyeon in /Users/yuseokhyeon/woowa7/level2/spring-roomescape-payment)
2025-06-12 19:43:57.944 [Test worker] INFO  roomescape.api.MemberApiTest - No active profile set, falling back to 1 default profile: "default"
2025-06-12 19:43:58.004 [Test worker] INFO  o.s.d.r.c.RepositoryConfigurationDelegate - Bootstrapping Spring Data JPA repositories in DEFAULT mode.
2025-06-12 19:43:58.009 [Test worker] INFO  o.s.d.r.c.RepositoryConfigurationDelegate - Finished Spring Data repository scanning in 5 ms. Found 6 JPA repository interfaces.
2025-06-12 19:43:58.033 [Test worker] INFO  o.s.b.w.e.tomcat.TomcatWebServer - Tomcat initialized with port 8080 (http)
2025-06-12 19:43:58.033 [Test worker] INFO  o.a.coyote.http11.Http11NioProtocol - Initializing ProtocolHandler ["http-nio-8080"]
2025-06-12 19:43:58.033 [Test worker] INFO  o.a.catalina.core.StandardService - Starting service [Tomcat]
2025-06-12 19:43:58.033 [Test worker] INFO  o.a.catalina.core.StandardEngine - Starting Servlet engine: [Apache Tomcat/10.1.33]
2025-06-12 19:43:58.040 [Test worker] INFO  o.a.c.c.C.[Tomcat].[localhost].[/] - Initializing Spring embedded WebApplicationContext
2025-06-12 19:43:58.040 [Test worker] INFO  o.s.b.w.s.c.ServletWebServerApplicationContext - Root WebApplicationContext: initialization completed in 95 ms
2025-06-12 19:43:58.043 [Test worker] INFO  com.zaxxer.hikari.HikariDataSource - HikariPool-11 - Starting...
2025-06-12 19:43:58.044 [Test worker] INFO  com.zaxxer.hikari.pool.HikariPool - HikariPool-11 - Added connection conn49: url=jdbc:h2:mem:database user=SA
2025-06-12 19:43:58.044 [Test worker] INFO  com.zaxxer.hikari.HikariDataSource - HikariPool-11 - Start completed.
2025-06-12 19:43:58.044 [Test worker] INFO  o.s.b.a.h.H2ConsoleAutoConfiguration - H2 console available at '/h2-console'. Database available at 'jdbc:h2:mem:database'
2025-06-12 19:43:58.052 [Test worker] INFO  o.h.jpa.internal.util.LogHelper - HHH000204: Processing PersistenceUnitInfo [name: default]
2025-06-12 19:43:58.053 [Test worker] INFO  o.h.c.i.RegionFactoryInitiator - HHH000026: Second-level cache disabled
2025-06-12 19:43:58.056 [Test worker] INFO  o.s.o.j.p.SpringPersistenceUnitInfo - No LoadTimeWeaver setup: ignoring JPA class transformer
2025-06-12 19:43:58.056 [Test worker] INFO  o.hibernate.orm.connections.pooling - HHH10001005: Database info:
	Database JDBC URL [Connecting through datasource 'HikariDataSource (HikariPool-11)']
	Database driver: undefined/unknown
	Database version: 2.3.232
	Autocommit mode: undefined/unknown
	Isolation level: undefined/unknown
	Minimum pool size: undefined/unknown
	Maximum pool size: undefined/unknown
2025-06-12 19:43:58.083 [Test worker] INFO  o.h.e.t.j.p.i.JtaPlatformInitiator - HHH000489: No JTA platform available (set 'hibernate.transaction.jta.platform' to enable JTA platform integration)
2025-06-12 19:43:58.088 [Test worker] INFO  o.s.o.j.LocalContainerEntityManagerFactoryBean - Initialized JPA EntityManagerFactory for persistence unit 'default'
2025-06-12 19:43:58.121 [Test worker] WARN  o.s.b.a.o.j.JpaBaseConfiguration$JpaWebConfiguration - spring.jpa.open-in-view is enabled by default. Therefore, database queries may be performed during view rendering. Explicitly configure spring.jpa.open-in-view to disable this warning
2025-06-12 19:43:58.123 [Test worker] INFO  o.s.b.a.w.s.WelcomePageHandlerMapping - Adding welcome page template: index
2025-06-12 19:43:58.155 [Test worker] INFO  o.a.coyote.http11.Http11NioProtocol - Starting ProtocolHandler ["http-nio-8080"]
2025-06-12 19:43:58.156 [Test worker] INFO  o.s.b.w.e.tomcat.TomcatWebServer - Tomcat started on port 8080 (http) with context path '/'
2025-06-12 19:43:58.157 [Test worker] INFO  roomescape.api.MemberApiTest - Started MemberApiTest in 0.223 seconds (process running for 7.904)
2025-06-12 19:43:58.164 [http-nio-8080-exec-1] INFO  o.a.c.c.C.[Tomcat].[localhost].[/] - Initializing Spring DispatcherServlet 'dispatcherServlet'
2025-06-12 19:43:58.164 [http-nio-8080-exec-1] INFO  o.s.web.servlet.DispatcherServlet - Initializing Servlet 'dispatcherServlet'
2025-06-12 19:43:58.164 [http-nio-8080-exec-1] INFO  o.s.web.servlet.DispatcherServlet - Completed initialization in 0 ms
2025-06-12 19:43:58.175 [Test worker] INFO  o.s.b.w.e.tomcat.GracefulShutdown - Commencing graceful shutdown. Waiting for active requests to complete
2025-06-12 19:43:58.175 [tomcat-shutdown] INFO  o.a.coyote.http11.Http11NioProtocol - Pausing ProtocolHandler ["http-nio-8080"]
2025-06-12 19:43:58.176 [tomcat-shutdown] INFO  o.s.b.w.e.tomcat.GracefulShutdown - Graceful shutdown complete
2025-06-12 19:43:58.177 [Test worker] INFO  o.a.coyote.http11.Http11NioProtocol - Stopping ProtocolHandler ["http-nio-8080"]
2025-06-12 19:43:58.178 [Test worker] INFO  o.s.o.j.LocalContainerEntityManagerFactoryBean - Closing JPA EntityManagerFactory for persistence unit 'default'
2025-06-12 19:43:58.179 [Test worker] INFO  com.zaxxer.hikari.HikariDataSource - HikariPool-11 - Shutdown initiated...
2025-06-12 19:43:58.183 [Test worker] INFO  com.zaxxer.hikari.HikariDataSource - HikariPool-11 - Shutdown completed.
2025-06-12 19:43:58.194 [Test worker] INFO  roomescape.api.MemberApiTest - Starting MemberApiTest using Java 21.0.4 with PID 72353 (started by yuseokhyeon in /Users/yuseokhyeon/woowa7/level2/spring-roomescape-payment)
2025-06-12 19:43:58.194 [Test worker] INFO  roomescape.api.MemberApiTest - No active profile set, falling back to 1 default profile: "default"
2025-06-12 19:43:58.281 [Test worker] INFO  o.s.d.r.c.RepositoryConfigurationDelegate - Bootstrapping Spring Data JPA repositories in DEFAULT mode.
2025-06-12 19:43:58.287 [Test worker] INFO  o.s.d.r.c.RepositoryConfigurationDelegate - Finished Spring Data repository scanning in 5 ms. Found 6 JPA repository interfaces.
2025-06-12 19:43:58.307 [Test worker] INFO  o.s.b.w.e.tomcat.TomcatWebServer - Tomcat initialized with port 8080 (http)
2025-06-12 19:43:58.307 [Test worker] INFO  o.a.coyote.http11.Http11NioProtocol - Initializing ProtocolHandler ["http-nio-8080"]
2025-06-12 19:43:58.307 [Test worker] INFO  o.a.catalina.core.StandardService - Starting service [Tomcat]
2025-06-12 19:43:58.307 [Test worker] INFO  o.a.catalina.core.StandardEngine - Starting Servlet engine: [Apache Tomcat/10.1.33]
2025-06-12 19:43:58.314 [Test worker] INFO  o.a.c.c.C.[Tomcat].[localhost].[/] - Initializing Spring embedded WebApplicationContext
2025-06-12 19:43:58.314 [Test worker] INFO  o.s.b.w.s.c.ServletWebServerApplicationContext - Root WebApplicationContext: initialization completed in 119 ms
2025-06-12 19:43:58.317 [Test worker] INFO  com.zaxxer.hikari.HikariDataSource - HikariPool-12 - Starting...
2025-06-12 19:43:58.318 [Test worker] INFO  com.zaxxer.hikari.pool.HikariPool - HikariPool-12 - Added connection conn51: url=jdbc:h2:mem:database user=SA
2025-06-12 19:43:58.318 [Test worker] INFO  com.zaxxer.hikari.HikariDataSource - HikariPool-12 - Start completed.
2025-06-12 19:43:58.318 [Test worker] INFO  o.s.b.a.h.H2ConsoleAutoConfiguration - H2 console available at '/h2-console'. Database available at 'jdbc:h2:mem:database'
2025-06-12 19:43:58.326 [Test worker] INFO  o.h.jpa.internal.util.LogHelper - HHH000204: Processing PersistenceUnitInfo [name: default]
2025-06-12 19:43:58.326 [Test worker] INFO  o.h.c.i.RegionFactoryInitiator - HHH000026: Second-level cache disabled
2025-06-12 19:43:58.329 [Test worker] INFO  o.s.o.j.p.SpringPersistenceUnitInfo - No LoadTimeWeaver setup: ignoring JPA class transformer
2025-06-12 19:43:58.330 [Test worker] INFO  o.hibernate.orm.connections.pooling - HHH10001005: Database info:
	Database JDBC URL [Connecting through datasource 'HikariDataSource (HikariPool-12)']
	Database driver: undefined/unknown
	Database version: 2.3.232
	Autocommit mode: undefined/unknown
	Isolation level: undefined/unknown
	Minimum pool size: undefined/unknown
	Maximum pool size: undefined/unknown
2025-06-12 19:43:58.356 [Test worker] INFO  o.h.e.t.j.p.i.JtaPlatformInitiator - HHH000489: No JTA platform available (set 'hibernate.transaction.jta.platform' to enable JTA platform integration)
2025-06-12 19:43:58.360 [Test worker] INFO  o.s.o.j.LocalContainerEntityManagerFactoryBean - Initialized JPA EntityManagerFactory for persistence unit 'default'
2025-06-12 19:43:58.396 [Test worker] WARN  o.s.b.a.o.j.JpaBaseConfiguration$JpaWebConfiguration - spring.jpa.open-in-view is enabled by default. Therefore, database queries may be performed during view rendering. Explicitly configure spring.jpa.open-in-view to disable this warning
2025-06-12 19:43:58.398 [Test worker] INFO  o.s.b.a.w.s.WelcomePageHandlerMapping - Adding welcome page template: index
2025-06-12 19:43:58.428 [Test worker] INFO  o.a.coyote.http11.Http11NioProtocol - Starting ProtocolHandler ["http-nio-8080"]
2025-06-12 19:43:58.429 [Test worker] INFO  o.s.b.w.e.tomcat.TomcatWebServer - Tomcat started on port 8080 (http) with context path '/'
2025-06-12 19:43:58.431 [Test worker] INFO  roomescape.api.MemberApiTest - Started MemberApiTest in 0.246 seconds (process running for 8.178)
2025-06-12 19:43:58.437 [http-nio-8080-exec-1] INFO  o.a.c.c.C.[Tomcat].[localhost].[/] - Initializing Spring DispatcherServlet 'dispatcherServlet'
2025-06-12 19:43:58.437 [http-nio-8080-exec-1] INFO  o.s.web.servlet.DispatcherServlet - Initializing Servlet 'dispatcherServlet'
2025-06-12 19:43:58.438 [http-nio-8080-exec-1] INFO  o.s.web.servlet.DispatcherServlet - Completed initialization in 1 ms
2025-06-12 19:43:58.453 [http-nio-8080-exec-1] INFO  r.presentation.MemberController - 회원 가입 완료: username=name1, id=1
2025-06-12 19:43:58.464 [Test worker] INFO  o.s.t.c.s.AnnotationConfigContextLoaderUtils - Could not detect default configuration classes for test class [roomescape.api.PageTest]: PageTest does not declare any static, non-private, non-final, nested classes annotated with @Configuration.
2025-06-12 19:43:58.465 [Test worker] INFO  o.s.b.t.c.SpringBootTestContextBootstrapper - Found @SpringBootConfiguration roomescape.RoomescapeApplication for test class roomescape.api.PageTest
2025-06-12 19:43:58.466 [Test worker] INFO  o.s.b.w.e.tomcat.GracefulShutdown - Commencing graceful shutdown. Waiting for active requests to complete
2025-06-12 19:43:58.466 [tomcat-shutdown] INFO  o.a.coyote.http11.Http11NioProtocol - Pausing ProtocolHandler ["http-nio-8080"]
2025-06-12 19:43:58.467 [tomcat-shutdown] INFO  o.s.b.w.e.tomcat.GracefulShutdown - Graceful shutdown complete
2025-06-12 19:43:58.467 [Test worker] INFO  o.a.coyote.http11.Http11NioProtocol - Stopping ProtocolHandler ["http-nio-8080"]
2025-06-12 19:43:58.468 [Test worker] INFO  o.s.o.j.LocalContainerEntityManagerFactoryBean - Closing JPA EntityManagerFactory for persistence unit 'default'
2025-06-12 19:43:58.547 [Test worker] INFO  com.zaxxer.hikari.HikariDataSource - HikariPool-12 - Shutdown initiated...
2025-06-12 19:43:58.582 [Test worker] INFO  com.zaxxer.hikari.HikariDataSource - HikariPool-12 - Shutdown completed.
2025-06-12 19:43:58.594 [Test worker] INFO  roomescape.api.PageTest - Starting PageTest using Java 21.0.4 with PID 72353 (started by yuseokhyeon in /Users/yuseokhyeon/woowa7/level2/spring-roomescape-payment)
2025-06-12 19:43:58.594 [Test worker] INFO  roomescape.api.PageTest - No active profile set, falling back to 1 default profile: "default"
2025-06-12 19:43:58.652 [Test worker] INFO  o.s.d.r.c.RepositoryConfigurationDelegate - Bootstrapping Spring Data JPA repositories in DEFAULT mode.
2025-06-12 19:43:58.658 [Test worker] INFO  o.s.d.r.c.RepositoryConfigurationDelegate - Finished Spring Data repository scanning in 5 ms. Found 6 JPA repository interfaces.
2025-06-12 19:43:58.677 [Test worker] INFO  o.s.b.w.e.tomcat.TomcatWebServer - Tomcat initialized with port 8080 (http)
2025-06-12 19:43:58.677 [Test worker] INFO  o.a.coyote.http11.Http11NioProtocol - Initializing ProtocolHandler ["http-nio-8080"]
2025-06-12 19:43:58.677 [Test worker] INFO  o.a.catalina.core.StandardService - Starting service [Tomcat]
2025-06-12 19:43:58.677 [Test worker] INFO  o.a.catalina.core.StandardEngine - Starting Servlet engine: [Apache Tomcat/10.1.33]
2025-06-12 19:43:58.683 [Test worker] INFO  o.a.c.c.C.[Tomcat].[localhost].[/] - Initializing Spring embedded WebApplicationContext
2025-06-12 19:43:58.683 [Test worker] INFO  o.s.b.w.s.c.ServletWebServerApplicationContext - Root WebApplicationContext: initialization completed in 89 ms
2025-06-12 19:43:58.686 [Test worker] INFO  com.zaxxer.hikari.HikariDataSource - HikariPool-13 - Starting...
2025-06-12 19:43:58.687 [Test worker] INFO  com.zaxxer.hikari.pool.HikariPool - HikariPool-13 - Added connection conn55: url=jdbc:h2:mem:database user=SA
2025-06-12 19:43:58.687 [Test worker] INFO  com.zaxxer.hikari.HikariDataSource - HikariPool-13 - Start completed.
2025-06-12 19:43:58.687 [Test worker] INFO  o.s.b.a.h.H2ConsoleAutoConfiguration - H2 console available at '/h2-console'. Database available at 'jdbc:h2:mem:database'
2025-06-12 19:43:58.695 [Test worker] INFO  o.h.jpa.internal.util.LogHelper - HHH000204: Processing PersistenceUnitInfo [name: default]
2025-06-12 19:43:58.696 [Test worker] INFO  o.h.c.i.RegionFactoryInitiator - HHH000026: Second-level cache disabled
2025-06-12 19:43:58.699 [Test worker] INFO  o.s.o.j.p.SpringPersistenceUnitInfo - No LoadTimeWeaver setup: ignoring JPA class transformer
2025-06-12 19:43:58.700 [Test worker] INFO  o.hibernate.orm.connections.pooling - HHH10001005: Database info:
	Database JDBC URL [Connecting through datasource 'HikariDataSource (HikariPool-13)']
	Database driver: undefined/unknown
	Database version: 2.3.232
	Autocommit mode: undefined/unknown
	Isolation level: undefined/unknown
	Minimum pool size: undefined/unknown
	Maximum pool size: undefined/unknown
2025-06-12 19:43:58.727 [Test worker] INFO  o.h.e.t.j.p.i.JtaPlatformInitiator - HHH000489: No JTA platform available (set 'hibernate.transaction.jta.platform' to enable JTA platform integration)
2025-06-12 19:43:58.731 [Test worker] INFO  o.s.o.j.LocalContainerEntityManagerFactoryBean - Initialized JPA EntityManagerFactory for persistence unit 'default'
2025-06-12 19:43:58.763 [Test worker] WARN  o.s.b.a.o.j.JpaBaseConfiguration$JpaWebConfiguration - spring.jpa.open-in-view is enabled by default. Therefore, database queries may be performed during view rendering. Explicitly configure spring.jpa.open-in-view to disable this warning
2025-06-12 19:43:58.765 [Test worker] INFO  o.s.b.a.w.s.WelcomePageHandlerMapping - Adding welcome page template: index
2025-06-12 19:43:58.799 [Test worker] INFO  o.a.coyote.http11.Http11NioProtocol - Starting ProtocolHandler ["http-nio-8080"]
2025-06-12 19:43:58.800 [Test worker] INFO  o.s.b.w.e.tomcat.TomcatWebServer - Tomcat started on port 8080 (http) with context path '/'
2025-06-12 19:43:58.802 [Test worker] INFO  roomescape.api.PageTest - Started PageTest in 0.218 seconds (process running for 8.549)
2025-06-12 19:43:58.806 [http-nio-8080-exec-1] INFO  o.a.c.c.C.[Tomcat].[localhost].[/] - Initializing Spring DispatcherServlet 'dispatcherServlet'
2025-06-12 19:43:58.807 [http-nio-8080-exec-1] INFO  o.s.web.servlet.DispatcherServlet - Initializing Servlet 'dispatcherServlet'
2025-06-12 19:43:58.807 [http-nio-8080-exec-1] INFO  o.s.web.servlet.DispatcherServlet - Completed initialization in 0 ms
2025-06-12 19:43:59.464 [Test worker] INFO  o.s.b.w.e.tomcat.GracefulShutdown - Commencing graceful shutdown. Waiting for active requests to complete
2025-06-12 19:43:59.464 [tomcat-shutdown] INFO  o.a.coyote.http11.Http11NioProtocol - Pausing ProtocolHandler ["http-nio-8080"]
2025-06-12 19:43:59.465 [tomcat-shutdown] INFO  o.s.b.w.e.tomcat.GracefulShutdown - Graceful shutdown complete
2025-06-12 19:43:59.465 [Test worker] INFO  o.a.coyote.http11.Http11NioProtocol - Stopping ProtocolHandler ["http-nio-8080"]
2025-06-12 19:43:59.466 [Test worker] INFO  o.s.o.j.LocalContainerEntityManagerFactoryBean - Closing JPA EntityManagerFactory for persistence unit 'default'
2025-06-12 19:43:59.467 [Test worker] INFO  com.zaxxer.hikari.HikariDataSource - HikariPool-13 - Shutdown initiated...
2025-06-12 19:43:59.468 [Test worker] INFO  com.zaxxer.hikari.HikariDataSource - HikariPool-13 - Shutdown completed.
2025-06-12 19:43:59.477 [Test worker] INFO  roomescape.api.PageTest - Starting PageTest using Java 21.0.4 with PID 72353 (started by yuseokhyeon in /Users/yuseokhyeon/woowa7/level2/spring-roomescape-payment)
2025-06-12 19:43:59.477 [Test worker] INFO  roomescape.api.PageTest - No active profile set, falling back to 1 default profile: "default"
2025-06-12 19:43:59.544 [Test worker] INFO  o.s.d.r.c.RepositoryConfigurationDelegate - Bootstrapping Spring Data JPA repositories in DEFAULT mode.
2025-06-12 19:43:59.551 [Test worker] INFO  o.s.d.r.c.RepositoryConfigurationDelegate - Finished Spring Data repository scanning in 6 ms. Found 6 JPA repository interfaces.
2025-06-12 19:43:59.606 [Test worker] INFO  o.s.b.w.e.tomcat.TomcatWebServer - Tomcat initialized with port 8080 (http)
2025-06-12 19:43:59.606 [Test worker] INFO  o.a.coyote.http11.Http11NioProtocol - Initializing ProtocolHandler ["http-nio-8080"]
2025-06-12 19:43:59.606 [Test worker] INFO  o.a.catalina.core.StandardService - Starting service [Tomcat]
2025-06-12 19:43:59.606 [Test worker] INFO  o.a.catalina.core.StandardEngine - Starting Servlet engine: [Apache Tomcat/10.1.33]
2025-06-12 19:43:59.630 [Test worker] INFO  o.a.c.c.C.[Tomcat].[localhost].[/] - Initializing Spring embedded WebApplicationContext
2025-06-12 19:43:59.630 [Test worker] INFO  o.s.b.w.s.c.ServletWebServerApplicationContext - Root WebApplicationContext: initialization completed in 152 ms
2025-06-12 19:43:59.634 [Test worker] INFO  com.zaxxer.hikari.HikariDataSource - HikariPool-14 - Starting...
2025-06-12 19:43:59.636 [Test worker] INFO  com.zaxxer.hikari.pool.HikariPool - HikariPool-14 - Added connection conn65: url=jdbc:h2:mem:database user=SA
2025-06-12 19:43:59.636 [Test worker] INFO  com.zaxxer.hikari.HikariDataSource - HikariPool-14 - Start completed.
2025-06-12 19:43:59.636 [Test worker] INFO  o.s.b.a.h.H2ConsoleAutoConfiguration - H2 console available at '/h2-console'. Database available at 'jdbc:h2:mem:database'
2025-06-12 19:43:59.646 [Test worker] INFO  o.h.jpa.internal.util.LogHelper - HHH000204: Processing PersistenceUnitInfo [name: default]
2025-06-12 19:43:59.646 [Test worker] INFO  o.h.c.i.RegionFactoryInitiator - HHH000026: Second-level cache disabled
2025-06-12 19:43:59.650 [Test worker] INFO  o.s.o.j.p.SpringPersistenceUnitInfo - No LoadTimeWeaver setup: ignoring JPA class transformer
2025-06-12 19:43:59.650 [Test worker] INFO  o.hibernate.orm.connections.pooling - HHH10001005: Database info:
	Database JDBC URL [Connecting through datasource 'HikariDataSource (HikariPool-14)']
	Database driver: undefined/unknown
	Database version: 2.3.232
	Autocommit mode: undefined/unknown
	Isolation level: undefined/unknown
	Minimum pool size: undefined/unknown
	Maximum pool size: undefined/unknown
2025-06-12 19:43:59.679 [Test worker] INFO  o.h.e.t.j.p.i.JtaPlatformInitiator - HHH000489: No JTA platform available (set 'hibernate.transaction.jta.platform' to enable JTA platform integration)
2025-06-12 19:43:59.682 [Test worker] INFO  o.s.o.j.LocalContainerEntityManagerFactoryBean - Initialized JPA EntityManagerFactory for persistence unit 'default'
2025-06-12 19:43:59.717 [Test worker] WARN  o.s.b.a.o.j.JpaBaseConfiguration$JpaWebConfiguration - spring.jpa.open-in-view is enabled by default. Therefore, database queries may be performed during view rendering. Explicitly configure spring.jpa.open-in-view to disable this warning
2025-06-12 19:43:59.720 [Test worker] INFO  o.s.b.a.w.s.WelcomePageHandlerMapping - Adding welcome page template: index
2025-06-12 19:43:59.755 [Test worker] INFO  o.a.coyote.http11.Http11NioProtocol - Starting ProtocolHandler ["http-nio-8080"]
2025-06-12 19:43:59.756 [Test worker] INFO  o.s.b.w.e.tomcat.TomcatWebServer - Tomcat started on port 8080 (http) with context path '/'
2025-06-12 19:43:59.757 [Test worker] INFO  roomescape.api.PageTest - Started PageTest in 0.287 seconds (process running for 9.504)
2025-06-12 19:43:59.773 [http-nio-8080-exec-1] INFO  o.a.c.c.C.[Tomcat].[localhost].[/] - Initializing Spring DispatcherServlet 'dispatcherServlet'
2025-06-12 19:43:59.773 [http-nio-8080-exec-1] INFO  o.s.web.servlet.DispatcherServlet - Initializing Servlet 'dispatcherServlet'
2025-06-12 19:43:59.773 [http-nio-8080-exec-1] INFO  o.s.web.servlet.DispatcherServlet - Completed initialization in 0 ms
2025-06-12 19:43:59.783 [http-nio-8080-exec-1] INFO  r.presentation.AuthController - 유저 로그인: email=admin@domain.com
2025-06-12 19:43:59.810 [Test worker] INFO  o.s.b.w.e.tomcat.GracefulShutdown - Commencing graceful shutdown. Waiting for active requests to complete
2025-06-12 19:43:59.811 [tomcat-shutdown] INFO  o.a.coyote.http11.Http11NioProtocol - Pausing ProtocolHandler ["http-nio-8080"]
2025-06-12 19:43:59.813 [tomcat-shutdown] INFO  o.s.b.w.e.tomcat.GracefulShutdown - Graceful shutdown complete
2025-06-12 19:43:59.814 [Test worker] INFO  o.a.coyote.http11.Http11NioProtocol - Stopping ProtocolHandler ["http-nio-8080"]
2025-06-12 19:43:59.817 [Test worker] INFO  o.s.o.j.LocalContainerEntityManagerFactoryBean - Closing JPA EntityManagerFactory for persistence unit 'default'
2025-06-12 19:43:59.819 [Test worker] INFO  com.zaxxer.hikari.HikariDataSource - HikariPool-14 - Shutdown initiated...
2025-06-12 19:43:59.848 [Test worker] INFO  com.zaxxer.hikari.HikariDataSource - HikariPool-14 - Shutdown completed.
2025-06-12 19:43:59.859 [Test worker] INFO  roomescape.api.PageTest - Starting PageTest using Java 21.0.4 with PID 72353 (started by yuseokhyeon in /Users/yuseokhyeon/woowa7/level2/spring-roomescape-payment)
2025-06-12 19:43:59.859 [Test worker] INFO  roomescape.api.PageTest - No active profile set, falling back to 1 default profile: "default"
2025-06-12 19:43:59.932 [Test worker] INFO  o.s.d.r.c.RepositoryConfigurationDelegate - Bootstrapping Spring Data JPA repositories in DEFAULT mode.
2025-06-12 19:43:59.940 [Test worker] INFO  o.s.d.r.c.RepositoryConfigurationDelegate - Finished Spring Data repository scanning in 7 ms. Found 6 JPA repository interfaces.
2025-06-12 19:43:59.973 [Test worker] INFO  o.s.b.w.e.tomcat.TomcatWebServer - Tomcat initialized with port 8080 (http)
2025-06-12 19:43:59.973 [Test worker] INFO  o.a.coyote.http11.Http11NioProtocol - Initializing ProtocolHandler ["http-nio-8080"]
2025-06-12 19:43:59.973 [Test worker] INFO  o.a.catalina.core.StandardService - Starting service [Tomcat]
2025-06-12 19:43:59.973 [Test worker] INFO  o.a.catalina.core.StandardEngine - Starting Servlet engine: [Apache Tomcat/10.1.33]
2025-06-12 19:43:59.988 [Test worker] INFO  o.a.c.c.C.[Tomcat].[localhost].[/] - Initializing Spring embedded WebApplicationContext
2025-06-12 19:43:59.989 [Test worker] INFO  o.s.b.w.s.c.ServletWebServerApplicationContext - Root WebApplicationContext: initialization completed in 129 ms
2025-06-12 19:43:59.994 [Test worker] INFO  com.zaxxer.hikari.HikariDataSource - HikariPool-15 - Starting...
2025-06-12 19:43:59.995 [Test worker] INFO  com.zaxxer.hikari.pool.HikariPool - HikariPool-15 - Added connection conn69: url=jdbc:h2:mem:database user=SA
2025-06-12 19:43:59.996 [Test worker] INFO  com.zaxxer.hikari.HikariDataSource - HikariPool-15 - Start completed.
2025-06-12 19:43:59.996 [Test worker] INFO  o.s.b.a.h.H2ConsoleAutoConfiguration - H2 console available at '/h2-console'. Database available at 'jdbc:h2:mem:database'
2025-06-12 19:44:00.007 [Test worker] INFO  o.h.jpa.internal.util.LogHelper - HHH000204: Processing PersistenceUnitInfo [name: default]
2025-06-12 19:44:00.008 [Test worker] INFO  o.h.c.i.RegionFactoryInitiator - HHH000026: Second-level cache disabled
2025-06-12 19:44:00.011 [Test worker] INFO  o.s.o.j.p.SpringPersistenceUnitInfo - No LoadTimeWeaver setup: ignoring JPA class transformer
2025-06-12 19:44:00.012 [Test worker] INFO  o.hibernate.orm.connections.pooling - HHH10001005: Database info:
	Database JDBC URL [Connecting through datasource 'HikariDataSource (HikariPool-15)']
	Database driver: undefined/unknown
	Database version: 2.3.232
	Autocommit mode: undefined/unknown
	Isolation level: undefined/unknown
	Minimum pool size: undefined/unknown
	Maximum pool size: undefined/unknown
2025-06-12 19:44:00.057 [Test worker] INFO  o.h.e.t.j.p.i.JtaPlatformInitiator - HHH000489: No JTA platform available (set 'hibernate.transaction.jta.platform' to enable JTA platform integration)
2025-06-12 19:44:00.062 [Test worker] INFO  o.s.o.j.LocalContainerEntityManagerFactoryBean - Initialized JPA EntityManagerFactory for persistence unit 'default'
2025-06-12 19:44:00.100 [Test worker] WARN  o.s.b.a.o.j.JpaBaseConfiguration$JpaWebConfiguration - spring.jpa.open-in-view is enabled by default. Therefore, database queries may be performed during view rendering. Explicitly configure spring.jpa.open-in-view to disable this warning
2025-06-12 19:44:00.104 [Test worker] INFO  o.s.b.a.w.s.WelcomePageHandlerMapping - Adding welcome page template: index
2025-06-12 19:44:00.140 [Test worker] INFO  o.a.coyote.http11.Http11NioProtocol - Starting ProtocolHandler ["http-nio-8080"]
2025-06-12 19:44:00.148 [Test worker] INFO  o.s.b.w.e.tomcat.TomcatWebServer - Tomcat started on port 8080 (http) with context path '/'
2025-06-12 19:44:00.150 [Test worker] INFO  roomescape.api.PageTest - Started PageTest in 0.299 seconds (process running for 9.897)
2025-06-12 19:44:00.161 [http-nio-8080-exec-1] INFO  o.a.c.c.C.[Tomcat].[localhost].[/] - Initializing Spring DispatcherServlet 'dispatcherServlet'
2025-06-12 19:44:00.161 [http-nio-8080-exec-1] INFO  o.s.web.servlet.DispatcherServlet - Initializing Servlet 'dispatcherServlet'
2025-06-12 19:44:00.162 [http-nio-8080-exec-1] INFO  o.s.web.servlet.DispatcherServlet - Completed initialization in 1 ms
2025-06-12 19:44:00.168 [http-nio-8080-exec-1] INFO  r.presentation.AuthController - 유저 로그인: email=member1@domain.com
2025-06-12 19:44:00.200 [Test worker] INFO  o.s.b.w.e.tomcat.GracefulShutdown - Commencing graceful shutdown. Waiting for active requests to complete
2025-06-12 19:44:00.201 [tomcat-shutdown] INFO  o.a.coyote.http11.Http11NioProtocol - Pausing ProtocolHandler ["http-nio-8080"]
2025-06-12 19:44:00.203 [tomcat-shutdown] INFO  o.s.b.w.e.tomcat.GracefulShutdown - Graceful shutdown complete
2025-06-12 19:44:00.204 [Test worker] INFO  o.a.coyote.http11.Http11NioProtocol - Stopping ProtocolHandler ["http-nio-8080"]
2025-06-12 19:44:00.206 [Test worker] INFO  o.s.o.j.LocalContainerEntityManagerFactoryBean - Closing JPA EntityManagerFactory for persistence unit 'default'
2025-06-12 19:44:00.207 [Test worker] INFO  com.zaxxer.hikari.HikariDataSource - HikariPool-15 - Shutdown initiated...
2025-06-12 19:44:00.241 [Test worker] INFO  com.zaxxer.hikari.HikariDataSource - HikariPool-15 - Shutdown completed.
2025-06-12 19:44:00.252 [Test worker] INFO  roomescape.api.PageTest - Starting PageTest using Java 21.0.4 with PID 72353 (started by yuseokhyeon in /Users/yuseokhyeon/woowa7/level2/spring-roomescape-payment)
2025-06-12 19:44:00.252 [Test worker] INFO  roomescape.api.PageTest - No active profile set, falling back to 1 default profile: "default"
2025-06-12 19:44:00.339 [Test worker] INFO  o.s.d.r.c.RepositoryConfigurationDelegate - Bootstrapping Spring Data JPA repositories in DEFAULT mode.
2025-06-12 19:44:00.346 [Test worker] INFO  o.s.d.r.c.RepositoryConfigurationDelegate - Finished Spring Data repository scanning in 5 ms. Found 6 JPA repository interfaces.
2025-06-12 19:44:00.375 [Test worker] INFO  o.s.b.w.e.tomcat.TomcatWebServer - Tomcat initialized with port 8080 (http)
2025-06-12 19:44:00.375 [Test worker] INFO  o.a.coyote.http11.Http11NioProtocol - Initializing ProtocolHandler ["http-nio-8080"]
2025-06-12 19:44:00.376 [Test worker] INFO  o.a.catalina.core.StandardService - Starting service [Tomcat]
2025-06-12 19:44:00.376 [Test worker] INFO  o.a.catalina.core.StandardEngine - Starting Servlet engine: [Apache Tomcat/10.1.33]
2025-06-12 19:44:00.383 [Test worker] INFO  o.a.c.c.C.[Tomcat].[localhost].[/] - Initializing Spring embedded WebApplicationContext
2025-06-12 19:44:00.383 [Test worker] INFO  o.s.b.w.s.c.ServletWebServerApplicationContext - Root WebApplicationContext: initialization completed in 131 ms
2025-06-12 19:44:00.386 [Test worker] INFO  com.zaxxer.hikari.HikariDataSource - HikariPool-16 - Starting...
2025-06-12 19:44:00.387 [Test worker] INFO  com.zaxxer.hikari.pool.HikariPool - HikariPool-16 - Added connection conn74: url=jdbc:h2:mem:database user=SA
2025-06-12 19:44:00.387 [Test worker] INFO  com.zaxxer.hikari.HikariDataSource - HikariPool-16 - Start completed.
2025-06-12 19:44:00.387 [Test worker] INFO  o.s.b.a.h.H2ConsoleAutoConfiguration - H2 console available at '/h2-console'. Database available at 'jdbc:h2:mem:database'
2025-06-12 19:44:00.395 [Test worker] INFO  o.h.jpa.internal.util.LogHelper - HHH000204: Processing PersistenceUnitInfo [name: default]
2025-06-12 19:44:00.396 [Test worker] INFO  o.h.c.i.RegionFactoryInitiator - HHH000026: Second-level cache disabled
2025-06-12 19:44:00.399 [Test worker] INFO  o.s.o.j.p.SpringPersistenceUnitInfo - No LoadTimeWeaver setup: ignoring JPA class transformer
2025-06-12 19:44:00.399 [Test worker] INFO  o.hibernate.orm.connections.pooling - HHH10001005: Database info:
	Database JDBC URL [Connecting through datasource 'HikariDataSource (HikariPool-16)']
	Database driver: undefined/unknown
	Database version: 2.3.232
	Autocommit mode: undefined/unknown
	Isolation level: undefined/unknown
	Minimum pool size: undefined/unknown
	Maximum pool size: undefined/unknown
2025-06-12 19:44:00.425 [Test worker] INFO  o.h.e.t.j.p.i.JtaPlatformInitiator - HHH000489: No JTA platform available (set 'hibernate.transaction.jta.platform' to enable JTA platform integration)
2025-06-12 19:44:00.429 [Test worker] INFO  o.s.o.j.LocalContainerEntityManagerFactoryBean - Initialized JPA EntityManagerFactory for persistence unit 'default'
2025-06-12 19:44:00.463 [Test worker] WARN  o.s.b.a.o.j.JpaBaseConfiguration$JpaWebConfiguration - spring.jpa.open-in-view is enabled by default. Therefore, database queries may be performed during view rendering. Explicitly configure spring.jpa.open-in-view to disable this warning
2025-06-12 19:44:00.465 [Test worker] INFO  o.s.b.a.w.s.WelcomePageHandlerMapping - Adding welcome page template: index
2025-06-12 19:44:00.499 [Test worker] INFO  o.a.coyote.http11.Http11NioProtocol - Starting ProtocolHandler ["http-nio-8080"]
2025-06-12 19:44:00.500 [Test worker] INFO  o.s.b.w.e.tomcat.TomcatWebServer - Tomcat started on port 8080 (http) with context path '/'
2025-06-12 19:44:00.501 [Test worker] INFO  roomescape.api.PageTest - Started PageTest in 0.258 seconds (process running for 10.248)
2025-06-12 19:44:00.509 [http-nio-8080-exec-1] INFO  o.a.c.c.C.[Tomcat].[localhost].[/] - Initializing Spring DispatcherServlet 'dispatcherServlet'
2025-06-12 19:44:00.509 [http-nio-8080-exec-1] INFO  o.s.web.servlet.DispatcherServlet - Initializing Servlet 'dispatcherServlet'
2025-06-12 19:44:00.510 [http-nio-8080-exec-1] INFO  o.s.web.servlet.DispatcherServlet - Completed initialization in 1 ms
2025-06-12 19:44:00.519 [http-nio-8080-exec-1] INFO  r.presentation.AuthController - 유저 로그인: email=member1@domain.com
2025-06-12 19:44:00.539 [Test worker] INFO  o.s.b.w.e.tomcat.GracefulShutdown - Commencing graceful shutdown. Waiting for active requests to complete
2025-06-12 19:44:00.539 [tomcat-shutdown] INFO  o.a.coyote.http11.Http11NioProtocol - Pausing ProtocolHandler ["http-nio-8080"]
2025-06-12 19:44:00.540 [tomcat-shutdown] INFO  o.s.b.w.e.tomcat.GracefulShutdown - Graceful shutdown complete
2025-06-12 19:44:00.541 [Test worker] INFO  o.a.coyote.http11.Http11NioProtocol - Stopping ProtocolHandler ["http-nio-8080"]
2025-06-12 19:44:00.542 [Test worker] INFO  o.s.o.j.LocalContainerEntityManagerFactoryBean - Closing JPA EntityManagerFactory for persistence unit 'default'
2025-06-12 19:44:00.543 [Test worker] INFO  com.zaxxer.hikari.HikariDataSource - HikariPool-16 - Shutdown initiated...
2025-06-12 19:44:00.557 [Test worker] INFO  com.zaxxer.hikari.HikariDataSource - HikariPool-16 - Shutdown completed.
2025-06-12 19:44:00.566 [Test worker] INFO  roomescape.api.PageTest - Starting PageTest using Java 21.0.4 with PID 72353 (started by yuseokhyeon in /Users/yuseokhyeon/woowa7/level2/spring-roomescape-payment)
2025-06-12 19:44:00.566 [Test worker] INFO  roomescape.api.PageTest - No active profile set, falling back to 1 default profile: "default"
2025-06-12 19:44:00.619 [Test worker] INFO  o.s.d.r.c.RepositoryConfigurationDelegate - Bootstrapping Spring Data JPA repositories in DEFAULT mode.
2025-06-12 19:44:00.629 [Test worker] INFO  o.s.d.r.c.RepositoryConfigurationDelegate - Finished Spring Data repository scanning in 9 ms. Found 6 JPA repository interfaces.
2025-06-12 19:44:00.646 [Test worker] INFO  o.s.b.w.e.tomcat.TomcatWebServer - Tomcat initialized with port 8080 (http)
2025-06-12 19:44:00.646 [Test worker] INFO  o.a.coyote.http11.Http11NioProtocol - Initializing ProtocolHandler ["http-nio-8080"]
2025-06-12 19:44:00.646 [Test worker] INFO  o.a.catalina.core.StandardService - Starting service [Tomcat]
2025-06-12 19:44:00.646 [Test worker] INFO  o.a.catalina.core.StandardEngine - Starting Servlet engine: [Apache Tomcat/10.1.33]
2025-06-12 19:44:00.652 [Test worker] INFO  o.a.c.c.C.[Tomcat].[localhost].[/] - Initializing Spring embedded WebApplicationContext
2025-06-12 19:44:00.653 [Test worker] INFO  o.s.b.w.s.c.ServletWebServerApplicationContext - Root WebApplicationContext: initialization completed in 86 ms
2025-06-12 19:44:00.655 [Test worker] INFO  com.zaxxer.hikari.HikariDataSource - HikariPool-17 - Starting...
2025-06-12 19:44:00.656 [Test worker] INFO  com.zaxxer.hikari.pool.HikariPool - HikariPool-17 - Added connection conn77: url=jdbc:h2:mem:database user=SA
2025-06-12 19:44:00.656 [Test worker] INFO  com.zaxxer.hikari.HikariDataSource - HikariPool-17 - Start completed.
2025-06-12 19:44:00.656 [Test worker] INFO  o.s.b.a.h.H2ConsoleAutoConfiguration - H2 console available at '/h2-console'. Database available at 'jdbc:h2:mem:database'
2025-06-12 19:44:00.664 [Test worker] INFO  o.h.jpa.internal.util.LogHelper - HHH000204: Processing PersistenceUnitInfo [name: default]
2025-06-12 19:44:00.665 [Test worker] INFO  o.h.c.i.RegionFactoryInitiator - HHH000026: Second-level cache disabled
2025-06-12 19:44:00.667 [Test worker] INFO  o.s.o.j.p.SpringPersistenceUnitInfo - No LoadTimeWeaver setup: ignoring JPA class transformer
2025-06-12 19:44:00.668 [Test worker] INFO  o.hibernate.orm.connections.pooling - HHH10001005: Database info:
	Database JDBC URL [Connecting through datasource 'HikariDataSource (HikariPool-17)']
	Database driver: undefined/unknown
	Database version: 2.3.232
	Autocommit mode: undefined/unknown
	Isolation level: undefined/unknown
	Minimum pool size: undefined/unknown
	Maximum pool size: undefined/unknown
2025-06-12 19:44:00.690 [Test worker] INFO  o.h.e.t.j.p.i.JtaPlatformInitiator - HHH000489: No JTA platform available (set 'hibernate.transaction.jta.platform' to enable JTA platform integration)
2025-06-12 19:44:00.694 [Test worker] INFO  o.s.o.j.LocalContainerEntityManagerFactoryBean - Initialized JPA EntityManagerFactory for persistence unit 'default'
2025-06-12 19:44:00.722 [Test worker] WARN  o.s.b.a.o.j.JpaBaseConfiguration$JpaWebConfiguration - spring.jpa.open-in-view is enabled by default. Therefore, database queries may be performed during view rendering. Explicitly configure spring.jpa.open-in-view to disable this warning
2025-06-12 19:44:00.723 [Test worker] INFO  o.s.b.a.w.s.WelcomePageHandlerMapping - Adding welcome page template: index
2025-06-12 19:44:00.758 [Test worker] INFO  o.a.coyote.http11.Http11NioProtocol - Starting ProtocolHandler ["http-nio-8080"]
2025-06-12 19:44:00.760 [Test worker] INFO  o.s.b.w.e.tomcat.TomcatWebServer - Tomcat started on port 8080 (http) with context path '/'
2025-06-12 19:44:00.761 [Test worker] INFO  roomescape.api.PageTest - Started PageTest in 0.202 seconds (process running for 10.508)
2025-06-12 19:44:00.768 [http-nio-8080-exec-1] INFO  o.a.c.c.C.[Tomcat].[localhost].[/] - Initializing Spring DispatcherServlet 'dispatcherServlet'
2025-06-12 19:44:00.768 [http-nio-8080-exec-1] INFO  o.s.web.servlet.DispatcherServlet - Initializing Servlet 'dispatcherServlet'
2025-06-12 19:44:00.768 [http-nio-8080-exec-1] INFO  o.s.web.servlet.DispatcherServlet - Completed initialization in 0 ms
2025-06-12 19:44:00.794 [Test worker] INFO  o.s.b.w.e.tomcat.GracefulShutdown - Commencing graceful shutdown. Waiting for active requests to complete
2025-06-12 19:44:00.794 [tomcat-shutdown] INFO  o.a.coyote.http11.Http11NioProtocol - Pausing ProtocolHandler ["http-nio-8080"]
2025-06-12 19:44:00.797 [tomcat-shutdown] INFO  o.s.b.w.e.tomcat.GracefulShutdown - Graceful shutdown complete
2025-06-12 19:44:00.797 [Test worker] INFO  o.a.coyote.http11.Http11NioProtocol - Stopping ProtocolHandler ["http-nio-8080"]
2025-06-12 19:44:00.799 [Test worker] INFO  o.s.o.j.LocalContainerEntityManagerFactoryBean - Closing JPA EntityManagerFactory for persistence unit 'default'
2025-06-12 19:44:00.800 [Test worker] INFO  com.zaxxer.hikari.HikariDataSource - HikariPool-17 - Shutdown initiated...
2025-06-12 19:44:00.826 [Test worker] INFO  com.zaxxer.hikari.HikariDataSource - HikariPool-17 - Shutdown completed.
2025-06-12 19:44:00.837 [Test worker] INFO  roomescape.api.PageTest - Starting PageTest using Java 21.0.4 with PID 72353 (started by yuseokhyeon in /Users/yuseokhyeon/woowa7/level2/spring-roomescape-payment)
2025-06-12 19:44:00.837 [Test worker] INFO  roomescape.api.PageTest - No active profile set, falling back to 1 default profile: "default"
2025-06-12 19:44:00.891 [Test worker] INFO  o.s.d.r.c.RepositoryConfigurationDelegate - Bootstrapping Spring Data JPA repositories in DEFAULT mode.
2025-06-12 19:44:00.896 [Test worker] INFO  o.s.d.r.c.RepositoryConfigurationDelegate - Finished Spring Data repository scanning in 4 ms. Found 6 JPA repository interfaces.
2025-06-12 19:44:00.913 [Test worker] INFO  o.s.b.w.e.tomcat.TomcatWebServer - Tomcat initialized with port 8080 (http)
2025-06-12 19:44:00.913 [Test worker] INFO  o.a.coyote.http11.Http11NioProtocol - Initializing ProtocolHandler ["http-nio-8080"]
2025-06-12 19:44:00.913 [Test worker] INFO  o.a.catalina.core.StandardService - Starting service [Tomcat]
2025-06-12 19:44:00.913 [Test worker] INFO  o.a.catalina.core.StandardEngine - Starting Servlet engine: [Apache Tomcat/10.1.33]
2025-06-12 19:44:00.919 [Test worker] INFO  o.a.c.c.C.[Tomcat].[localhost].[/] - Initializing Spring embedded WebApplicationContext
2025-06-12 19:44:00.919 [Test worker] INFO  o.s.b.w.s.c.ServletWebServerApplicationContext - Root WebApplicationContext: initialization completed in 82 ms
2025-06-12 19:44:00.922 [Test worker] INFO  com.zaxxer.hikari.HikariDataSource - HikariPool-18 - Starting...
2025-06-12 19:44:00.923 [Test worker] INFO  com.zaxxer.hikari.pool.HikariPool - HikariPool-18 - Added connection conn80: url=jdbc:h2:mem:database user=SA
2025-06-12 19:44:00.923 [Test worker] INFO  com.zaxxer.hikari.HikariDataSource - HikariPool-18 - Start completed.
2025-06-12 19:44:00.923 [Test worker] INFO  o.s.b.a.h.H2ConsoleAutoConfiguration - H2 console available at '/h2-console'. Database available at 'jdbc:h2:mem:database'
2025-06-12 19:44:00.933 [Test worker] INFO  o.h.jpa.internal.util.LogHelper - HHH000204: Processing PersistenceUnitInfo [name: default]
2025-06-12 19:44:00.934 [Test worker] INFO  o.h.c.i.RegionFactoryInitiator - HHH000026: Second-level cache disabled
2025-06-12 19:44:00.937 [Test worker] INFO  o.s.o.j.p.SpringPersistenceUnitInfo - No LoadTimeWeaver setup: ignoring JPA class transformer
2025-06-12 19:44:00.937 [Test worker] INFO  o.hibernate.orm.connections.pooling - HHH10001005: Database info:
	Database JDBC URL [Connecting through datasource 'HikariDataSource (HikariPool-18)']
	Database driver: undefined/unknown
	Database version: 2.3.232
	Autocommit mode: undefined/unknown
	Isolation level: undefined/unknown
	Minimum pool size: undefined/unknown
	Maximum pool size: undefined/unknown
2025-06-12 19:44:00.961 [Test worker] INFO  o.h.e.t.j.p.i.JtaPlatformInitiator - HHH000489: No JTA platform available (set 'hibernate.transaction.jta.platform' to enable JTA platform integration)
2025-06-12 19:44:00.964 [Test worker] INFO  o.s.o.j.LocalContainerEntityManagerFactoryBean - Initialized JPA EntityManagerFactory for persistence unit 'default'
2025-06-12 19:44:00.996 [Test worker] WARN  o.s.b.a.o.j.JpaBaseConfiguration$JpaWebConfiguration - spring.jpa.open-in-view is enabled by default. Therefore, database queries may be performed during view rendering. Explicitly configure spring.jpa.open-in-view to disable this warning
2025-06-12 19:44:00.998 [Test worker] INFO  o.s.b.a.w.s.WelcomePageHandlerMapping - Adding welcome page template: index
2025-06-12 19:44:01.027 [Test worker] INFO  o.a.coyote.http11.Http11NioProtocol - Starting ProtocolHandler ["http-nio-8080"]
2025-06-12 19:44:01.028 [Test worker] INFO  o.s.b.w.e.tomcat.TomcatWebServer - Tomcat started on port 8080 (http) with context path '/'
2025-06-12 19:44:01.029 [Test worker] INFO  roomescape.api.PageTest - Started PageTest in 0.201 seconds (process running for 10.777)
2025-06-12 19:44:01.036 [http-nio-8080-exec-1] INFO  o.a.c.c.C.[Tomcat].[localhost].[/] - Initializing Spring DispatcherServlet 'dispatcherServlet'
2025-06-12 19:44:01.036 [http-nio-8080-exec-1] INFO  o.s.web.servlet.DispatcherServlet - Initializing Servlet 'dispatcherServlet'
2025-06-12 19:44:01.037 [http-nio-8080-exec-1] INFO  o.s.web.servlet.DispatcherServlet - Completed initialization in 1 ms
2025-06-12 19:44:01.041 [http-nio-8080-exec-1] INFO  r.presentation.AuthController - 유저 로그인: email=admin@domain.com
2025-06-12 19:44:01.058 [Test worker] INFO  o.s.b.w.e.tomcat.GracefulShutdown - Commencing graceful shutdown. Waiting for active requests to complete
2025-06-12 19:44:01.058 [tomcat-shutdown] INFO  o.a.coyote.http11.Http11NioProtocol - Pausing ProtocolHandler ["http-nio-8080"]
2025-06-12 19:44:01.059 [tomcat-shutdown] INFO  o.s.b.w.e.tomcat.GracefulShutdown - Graceful shutdown complete
2025-06-12 19:44:01.059 [Test worker] INFO  o.a.coyote.http11.Http11NioProtocol - Stopping ProtocolHandler ["http-nio-8080"]
2025-06-12 19:44:01.061 [Test worker] INFO  o.s.o.j.LocalContainerEntityManagerFactoryBean - Closing JPA EntityManagerFactory for persistence unit 'default'
2025-06-12 19:44:01.062 [Test worker] INFO  com.zaxxer.hikari.HikariDataSource - HikariPool-18 - Shutdown initiated...
2025-06-12 19:44:01.064 [Test worker] INFO  com.zaxxer.hikari.HikariDataSource - HikariPool-18 - Shutdown completed.
2025-06-12 19:44:01.078 [Test worker] INFO  roomescape.api.PageTest - Starting PageTest using Java 21.0.4 with PID 72353 (started by yuseokhyeon in /Users/yuseokhyeon/woowa7/level2/spring-roomescape-payment)
2025-06-12 19:44:01.078 [Test worker] INFO  roomescape.api.PageTest - No active profile set, falling back to 1 default profile: "default"
2025-06-12 19:44:01.133 [Test worker] INFO  o.s.d.r.c.RepositoryConfigurationDelegate - Bootstrapping Spring Data JPA repositories in DEFAULT mode.
2025-06-12 19:44:01.139 [Test worker] INFO  o.s.d.r.c.RepositoryConfigurationDelegate - Finished Spring Data repository scanning in 5 ms. Found 6 JPA repository interfaces.
2025-06-12 19:44:01.158 [Test worker] INFO  o.s.b.w.e.tomcat.TomcatWebServer - Tomcat initialized with port 8080 (http)
2025-06-12 19:44:01.158 [Test worker] INFO  o.a.coyote.http11.Http11NioProtocol - Initializing ProtocolHandler ["http-nio-8080"]
2025-06-12 19:44:01.159 [Test worker] INFO  o.a.catalina.core.StandardService - Starting service [Tomcat]
2025-06-12 19:44:01.159 [Test worker] INFO  o.a.catalina.core.StandardEngine - Starting Servlet engine: [Apache Tomcat/10.1.33]
2025-06-12 19:44:01.165 [Test worker] INFO  o.a.c.c.C.[Tomcat].[localhost].[/] - Initializing Spring embedded WebApplicationContext
2025-06-12 19:44:01.165 [Test worker] INFO  o.s.b.w.s.c.ServletWebServerApplicationContext - Root WebApplicationContext: initialization completed in 87 ms
2025-06-12 19:44:01.168 [Test worker] INFO  com.zaxxer.hikari.HikariDataSource - HikariPool-19 - Starting...
2025-06-12 19:44:01.169 [Test worker] INFO  com.zaxxer.hikari.pool.HikariPool - HikariPool-19 - Added connection conn82: url=jdbc:h2:mem:database user=SA
2025-06-12 19:44:01.169 [Test worker] INFO  com.zaxxer.hikari.HikariDataSource - HikariPool-19 - Start completed.
2025-06-12 19:44:01.169 [Test worker] INFO  o.s.b.a.h.H2ConsoleAutoConfiguration - H2 console available at '/h2-console'. Database available at 'jdbc:h2:mem:database'
2025-06-12 19:44:01.178 [Test worker] INFO  o.h.jpa.internal.util.LogHelper - HHH000204: Processing PersistenceUnitInfo [name: default]
2025-06-12 19:44:01.178 [Test worker] INFO  o.h.c.i.RegionFactoryInitiator - HHH000026: Second-level cache disabled
2025-06-12 19:44:01.181 [Test worker] INFO  o.s.o.j.p.SpringPersistenceUnitInfo - No LoadTimeWeaver setup: ignoring JPA class transformer
2025-06-12 19:44:01.182 [Test worker] INFO  o.hibernate.orm.connections.pooling - HHH10001005: Database info:
	Database JDBC URL [Connecting through datasource 'HikariDataSource (HikariPool-19)']
	Database driver: undefined/unknown
	Database version: 2.3.232
	Autocommit mode: undefined/unknown
	Isolation level: undefined/unknown
	Minimum pool size: undefined/unknown
	Maximum pool size: undefined/unknown
2025-06-12 19:44:01.209 [Test worker] INFO  o.h.e.t.j.p.i.JtaPlatformInitiator - HHH000489: No JTA platform available (set 'hibernate.transaction.jta.platform' to enable JTA platform integration)
2025-06-12 19:44:01.213 [Test worker] INFO  o.s.o.j.LocalContainerEntityManagerFactoryBean - Initialized JPA EntityManagerFactory for persistence unit 'default'
2025-06-12 19:44:01.266 [Test worker] WARN  o.s.b.a.o.j.JpaBaseConfiguration$JpaWebConfiguration - spring.jpa.open-in-view is enabled by default. Therefore, database queries may be performed during view rendering. Explicitly configure spring.jpa.open-in-view to disable this warning
2025-06-12 19:44:01.269 [Test worker] INFO  o.s.b.a.w.s.WelcomePageHandlerMapping - Adding welcome page template: index
2025-06-12 19:44:01.301 [Test worker] INFO  o.a.coyote.http11.Http11NioProtocol - Starting ProtocolHandler ["http-nio-8080"]
2025-06-12 19:44:01.302 [Test worker] INFO  o.s.b.w.e.tomcat.TomcatWebServer - Tomcat started on port 8080 (http) with context path '/'
2025-06-12 19:44:01.303 [Test worker] INFO  roomescape.api.PageTest - Started PageTest in 0.238 seconds (process running for 11.05)
2025-06-12 19:44:01.310 [http-nio-8080-exec-1] INFO  o.a.c.c.C.[Tomcat].[localhost].[/] - Initializing Spring DispatcherServlet 'dispatcherServlet'
2025-06-12 19:44:01.310 [http-nio-8080-exec-1] INFO  o.s.web.servlet.DispatcherServlet - Initializing Servlet 'dispatcherServlet'
2025-06-12 19:44:01.310 [http-nio-8080-exec-1] INFO  o.s.web.servlet.DispatcherServlet - Completed initialization in 0 ms
2025-06-12 19:44:01.316 [http-nio-8080-exec-1] INFO  r.presentation.AuthController - 유저 로그인: email=member1@domain.com
2025-06-12 19:44:01.337 [Test worker] INFO  o.s.b.w.e.tomcat.GracefulShutdown - Commencing graceful shutdown. Waiting for active requests to complete
2025-06-12 19:44:01.338 [tomcat-shutdown] INFO  o.a.coyote.http11.Http11NioProtocol - Pausing ProtocolHandler ["http-nio-8080"]
2025-06-12 19:44:01.340 [tomcat-shutdown] INFO  o.s.b.w.e.tomcat.GracefulShutdown - Graceful shutdown complete
2025-06-12 19:44:01.340 [Test worker] INFO  o.a.coyote.http11.Http11NioProtocol - Stopping ProtocolHandler ["http-nio-8080"]
2025-06-12 19:44:01.340 [Test worker] INFO  o.s.o.j.LocalContainerEntityManagerFactoryBean - Closing JPA EntityManagerFactory for persistence unit 'default'
2025-06-12 19:44:01.341 [Test worker] INFO  com.zaxxer.hikari.HikariDataSource - HikariPool-19 - Shutdown initiated...
2025-06-12 19:44:01.375 [Test worker] INFO  com.zaxxer.hikari.HikariDataSource - HikariPool-19 - Shutdown completed.
2025-06-12 19:44:01.384 [Test worker] INFO  roomescape.api.PageTest - Starting PageTest using Java 21.0.4 with PID 72353 (started by yuseokhyeon in /Users/yuseokhyeon/woowa7/level2/spring-roomescape-payment)
2025-06-12 19:44:01.384 [Test worker] INFO  roomescape.api.PageTest - No active profile set, falling back to 1 default profile: "default"
2025-06-12 19:44:01.437 [Test worker] INFO  o.s.d.r.c.RepositoryConfigurationDelegate - Bootstrapping Spring Data JPA repositories in DEFAULT mode.
2025-06-12 19:44:01.442 [Test worker] INFO  o.s.d.r.c.RepositoryConfigurationDelegate - Finished Spring Data repository scanning in 4 ms. Found 6 JPA repository interfaces.
2025-06-12 19:44:01.458 [Test worker] INFO  o.s.b.w.e.tomcat.TomcatWebServer - Tomcat initialized with port 8080 (http)
2025-06-12 19:44:01.459 [Test worker] INFO  o.a.coyote.http11.Http11NioProtocol - Initializing ProtocolHandler ["http-nio-8080"]
2025-06-12 19:44:01.459 [Test worker] INFO  o.a.catalina.core.StandardService - Starting service [Tomcat]
2025-06-12 19:44:01.459 [Test worker] INFO  o.a.catalina.core.StandardEngine - Starting Servlet engine: [Apache Tomcat/10.1.33]
2025-06-12 19:44:01.464 [Test worker] INFO  o.a.c.c.C.[Tomcat].[localhost].[/] - Initializing Spring embedded WebApplicationContext
2025-06-12 19:44:01.464 [Test worker] INFO  o.s.b.w.s.c.ServletWebServerApplicationContext - Root WebApplicationContext: initialization completed in 80 ms
2025-06-12 19:44:01.467 [Test worker] INFO  com.zaxxer.hikari.HikariDataSource - HikariPool-20 - Starting...
2025-06-12 19:44:01.468 [Test worker] INFO  com.zaxxer.hikari.pool.HikariPool - HikariPool-20 - Added connection conn86: url=jdbc:h2:mem:database user=SA
2025-06-12 19:44:01.468 [Test worker] INFO  com.zaxxer.hikari.HikariDataSource - HikariPool-20 - Start completed.
2025-06-12 19:44:01.468 [Test worker] INFO  o.s.b.a.h.H2ConsoleAutoConfiguration - H2 console available at '/h2-console'. Database available at 'jdbc:h2:mem:database'
2025-06-12 19:44:01.475 [Test worker] INFO  o.h.jpa.internal.util.LogHelper - HHH000204: Processing PersistenceUnitInfo [name: default]
2025-06-12 19:44:01.475 [Test worker] INFO  o.h.c.i.RegionFactoryInitiator - HHH000026: Second-level cache disabled
2025-06-12 19:44:01.478 [Test worker] INFO  o.s.o.j.p.SpringPersistenceUnitInfo - No LoadTimeWeaver setup: ignoring JPA class transformer
2025-06-12 19:44:01.479 [Test worker] INFO  o.hibernate.orm.connections.pooling - HHH10001005: Database info:
	Database JDBC URL [Connecting through datasource 'HikariDataSource (HikariPool-20)']
	Database driver: undefined/unknown
	Database version: 2.3.232
	Autocommit mode: undefined/unknown
	Isolation level: undefined/unknown
	Minimum pool size: undefined/unknown
	Maximum pool size: undefined/unknown
2025-06-12 19:44:01.506 [Test worker] INFO  o.h.e.t.j.p.i.JtaPlatformInitiator - HHH000489: No JTA platform available (set 'hibernate.transaction.jta.platform' to enable JTA platform integration)
2025-06-12 19:44:01.510 [Test worker] INFO  o.s.o.j.LocalContainerEntityManagerFactoryBean - Initialized JPA EntityManagerFactory for persistence unit 'default'
2025-06-12 19:44:01.553 [Test worker] WARN  o.s.b.a.o.j.JpaBaseConfiguration$JpaWebConfiguration - spring.jpa.open-in-view is enabled by default. Therefore, database queries may be performed during view rendering. Explicitly configure spring.jpa.open-in-view to disable this warning
2025-06-12 19:44:01.555 [Test worker] INFO  o.s.b.a.w.s.WelcomePageHandlerMapping - Adding welcome page template: index
2025-06-12 19:44:01.582 [Test worker] INFO  o.a.coyote.http11.Http11NioProtocol - Starting ProtocolHandler ["http-nio-8080"]
2025-06-12 19:44:01.583 [Test worker] INFO  o.s.b.w.e.tomcat.TomcatWebServer - Tomcat started on port 8080 (http) with context path '/'
2025-06-12 19:44:01.584 [Test worker] INFO  roomescape.api.PageTest - Started PageTest in 0.207 seconds (process running for 11.331)
2025-06-12 19:44:01.591 [http-nio-8080-exec-1] INFO  o.a.c.c.C.[Tomcat].[localhost].[/] - Initializing Spring DispatcherServlet 'dispatcherServlet'
2025-06-12 19:44:01.591 [http-nio-8080-exec-1] INFO  o.s.web.servlet.DispatcherServlet - Initializing Servlet 'dispatcherServlet'
2025-06-12 19:44:01.591 [http-nio-8080-exec-1] INFO  o.s.web.servlet.DispatcherServlet - Completed initialization in 0 ms
2025-06-12 19:44:01.596 [http-nio-8080-exec-1] INFO  r.presentation.AuthController - 유저 로그인: email=admin@domain.com
2025-06-12 19:44:01.613 [Test worker] INFO  o.s.b.w.e.tomcat.GracefulShutdown - Commencing graceful shutdown. Waiting for active requests to complete
2025-06-12 19:44:01.613 [tomcat-shutdown] INFO  o.a.coyote.http11.Http11NioProtocol - Pausing ProtocolHandler ["http-nio-8080"]
2025-06-12 19:44:01.615 [tomcat-shutdown] INFO  o.s.b.w.e.tomcat.GracefulShutdown - Graceful shutdown complete
2025-06-12 19:44:01.616 [Test worker] INFO  o.a.coyote.http11.Http11NioProtocol - Stopping ProtocolHandler ["http-nio-8080"]
2025-06-12 19:44:01.617 [Test worker] INFO  o.s.o.j.LocalContainerEntityManagerFactoryBean - Closing JPA EntityManagerFactory for persistence unit 'default'
2025-06-12 19:44:01.618 [Test worker] INFO  com.zaxxer.hikari.HikariDataSource - HikariPool-20 - Shutdown initiated...
2025-06-12 19:44:01.642 [Test worker] INFO  com.zaxxer.hikari.HikariDataSource - HikariPool-20 - Shutdown completed.
2025-06-12 19:44:01.651 [Test worker] INFO  roomescape.api.PageTest - Starting PageTest using Java 21.0.4 with PID 72353 (started by yuseokhyeon in /Users/yuseokhyeon/woowa7/level2/spring-roomescape-payment)
2025-06-12 19:44:01.651 [Test worker] INFO  roomescape.api.PageTest - No active profile set, falling back to 1 default profile: "default"
2025-06-12 19:44:01.703 [Test worker] INFO  o.s.d.r.c.RepositoryConfigurationDelegate - Bootstrapping Spring Data JPA repositories in DEFAULT mode.
2025-06-12 19:44:01.708 [Test worker] INFO  o.s.d.r.c.RepositoryConfigurationDelegate - Finished Spring Data repository scanning in 4 ms. Found 6 JPA repository interfaces.
2025-06-12 19:44:01.729 [Test worker] INFO  o.s.b.w.e.tomcat.TomcatWebServer - Tomcat initialized with port 8080 (http)
2025-06-12 19:44:01.730 [Test worker] INFO  o.a.coyote.http11.Http11NioProtocol - Initializing ProtocolHandler ["http-nio-8080"]
2025-06-12 19:44:01.730 [Test worker] INFO  o.a.catalina.core.StandardService - Starting service [Tomcat]
2025-06-12 19:44:01.730 [Test worker] INFO  o.a.catalina.core.StandardEngine - Starting Servlet engine: [Apache Tomcat/10.1.33]
2025-06-12 19:44:01.736 [Test worker] INFO  o.a.c.c.C.[Tomcat].[localhost].[/] - Initializing Spring embedded WebApplicationContext
2025-06-12 19:44:01.736 [Test worker] INFO  o.s.b.w.s.c.ServletWebServerApplicationContext - Root WebApplicationContext: initialization completed in 84 ms
2025-06-12 19:44:01.739 [Test worker] INFO  com.zaxxer.hikari.HikariDataSource - HikariPool-21 - Starting...
2025-06-12 19:44:01.740 [Test worker] INFO  com.zaxxer.hikari.pool.HikariPool - HikariPool-21 - Added connection conn89: url=jdbc:h2:mem:database user=SA
2025-06-12 19:44:01.740 [Test worker] INFO  com.zaxxer.hikari.HikariDataSource - HikariPool-21 - Start completed.
2025-06-12 19:44:01.740 [Test worker] INFO  o.s.b.a.h.H2ConsoleAutoConfiguration - H2 console available at '/h2-console'. Database available at 'jdbc:h2:mem:database'
2025-06-12 19:44:01.747 [Test worker] INFO  o.h.jpa.internal.util.LogHelper - HHH000204: Processing PersistenceUnitInfo [name: default]
2025-06-12 19:44:01.748 [Test worker] INFO  o.h.c.i.RegionFactoryInitiator - HHH000026: Second-level cache disabled
2025-06-12 19:44:01.751 [Test worker] INFO  o.s.o.j.p.SpringPersistenceUnitInfo - No LoadTimeWeaver setup: ignoring JPA class transformer
2025-06-12 19:44:01.752 [Test worker] INFO  o.hibernate.orm.connections.pooling - HHH10001005: Database info:
	Database JDBC URL [Connecting through datasource 'HikariDataSource (HikariPool-21)']
	Database driver: undefined/unknown
	Database version: 2.3.232
	Autocommit mode: undefined/unknown
	Isolation level: undefined/unknown
	Minimum pool size: undefined/unknown
	Maximum pool size: undefined/unknown
2025-06-12 19:44:01.776 [Test worker] INFO  o.h.e.t.j.p.i.JtaPlatformInitiator - HHH000489: No JTA platform available (set 'hibernate.transaction.jta.platform' to enable JTA platform integration)
2025-06-12 19:44:01.779 [Test worker] INFO  o.s.o.j.LocalContainerEntityManagerFactoryBean - Initialized JPA EntityManagerFactory for persistence unit 'default'
2025-06-12 19:44:01.807 [Test worker] WARN  o.s.b.a.o.j.JpaBaseConfiguration$JpaWebConfiguration - spring.jpa.open-in-view is enabled by default. Therefore, database queries may be performed during view rendering. Explicitly configure spring.jpa.open-in-view to disable this warning
2025-06-12 19:44:01.809 [Test worker] INFO  o.s.b.a.w.s.WelcomePageHandlerMapping - Adding welcome page template: index
2025-06-12 19:44:01.836 [Test worker] INFO  o.a.coyote.http11.Http11NioProtocol - Starting ProtocolHandler ["http-nio-8080"]
2025-06-12 19:44:01.837 [Test worker] INFO  o.s.b.w.e.tomcat.TomcatWebServer - Tomcat started on port 8080 (http) with context path '/'
2025-06-12 19:44:01.838 [Test worker] INFO  roomescape.api.PageTest - Started PageTest in 0.195 seconds (process running for 11.585)
2025-06-12 19:44:01.842 [http-nio-8080-exec-1] INFO  o.a.c.c.C.[Tomcat].[localhost].[/] - Initializing Spring DispatcherServlet 'dispatcherServlet'
2025-06-12 19:44:01.842 [http-nio-8080-exec-1] INFO  o.s.web.servlet.DispatcherServlet - Initializing Servlet 'dispatcherServlet'
2025-06-12 19:44:01.842 [http-nio-8080-exec-1] INFO  o.s.web.servlet.DispatcherServlet - Completed initialization in 0 ms
2025-06-12 19:44:01.856 [Test worker] INFO  o.s.t.c.s.AnnotationConfigContextLoaderUtils - Could not detect default configuration classes for test class [roomescape.api.ReservationApiTest]: ReservationApiTest does not declare any static, non-private, non-final, nested classes annotated with @Configuration.
2025-06-12 19:44:01.859 [Test worker] INFO  o.s.b.t.c.SpringBootTestContextBootstrapper - Found @SpringBootConfiguration roomescape.RoomescapeApplication for test class roomescape.api.ReservationApiTest
2025-06-12 19:44:01.869 [Test worker] INFO  roomescape.api.ReservationApiTest - Starting ReservationApiTest using Java 21.0.4 with PID 72353 (started by yuseokhyeon in /Users/yuseokhyeon/woowa7/level2/spring-roomescape-payment)
2025-06-12 19:44:01.869 [Test worker] INFO  roomescape.api.ReservationApiTest - No active profile set, falling back to 1 default profile: "default"
2025-06-12 19:44:01.937 [Test worker] INFO  o.s.d.r.c.RepositoryConfigurationDelegate - Bootstrapping Spring Data JPA repositories in DEFAULT mode.
2025-06-12 19:44:01.942 [Test worker] INFO  o.s.d.r.c.RepositoryConfigurationDelegate - Finished Spring Data repository scanning in 4 ms. Found 6 JPA repository interfaces.
2025-06-12 19:44:02.144 [Test worker] INFO  o.s.b.w.e.tomcat.TomcatWebServer - Tomcat initialized with port 0 (http)
2025-06-12 19:44:02.145 [Test worker] INFO  o.a.coyote.http11.Http11NioProtocol - Initializing ProtocolHandler ["http-nio-auto-1"]
2025-06-12 19:44:02.146 [Test worker] INFO  o.a.catalina.core.StandardService - Starting service [Tomcat]
2025-06-12 19:44:02.146 [Test worker] INFO  o.a.catalina.core.StandardEngine - Starting Servlet engine: [Apache Tomcat/10.1.33]
2025-06-12 19:44:02.177 [Test worker] INFO  o.a.c.c.C.[Tomcat-1].[localhost].[/] - Initializing Spring embedded WebApplicationContext
2025-06-12 19:44:02.177 [Test worker] INFO  o.s.b.w.s.c.ServletWebServerApplicationContext - Root WebApplicationContext: initialization completed in 307 ms
2025-06-12 19:44:02.196 [Test worker] INFO  com.zaxxer.hikari.HikariDataSource - HikariPool-22 - Starting...
2025-06-12 19:44:02.197 [Test worker] INFO  com.zaxxer.hikari.pool.HikariPool - HikariPool-22 - Added connection conn99: url=jdbc:h2:mem:database user=SA
2025-06-12 19:44:02.197 [Test worker] INFO  com.zaxxer.hikari.HikariDataSource - HikariPool-22 - Start completed.
2025-06-12 19:44:02.197 [Test worker] INFO  o.s.b.a.h.H2ConsoleAutoConfiguration - H2 console available at '/h2-console'. Database available at 'jdbc:h2:mem:database'
2025-06-12 19:44:02.237 [Test worker] INFO  o.h.jpa.internal.util.LogHelper - HHH000204: Processing PersistenceUnitInfo [name: default]
2025-06-12 19:44:02.240 [Test worker] INFO  o.h.c.i.RegionFactoryInitiator - HHH000026: Second-level cache disabled
2025-06-12 19:44:02.251 [Test worker] INFO  o.s.o.j.p.SpringPersistenceUnitInfo - No LoadTimeWeaver setup: ignoring JPA class transformer
2025-06-12 19:44:02.253 [Test worker] INFO  o.hibernate.orm.connections.pooling - HHH10001005: Database info:
	Database JDBC URL [Connecting through datasource 'HikariDataSource (HikariPool-22)']
	Database driver: undefined/unknown
	Database version: 2.3.232
	Autocommit mode: undefined/unknown
	Isolation level: undefined/unknown
	Minimum pool size: undefined/unknown
	Maximum pool size: undefined/unknown
2025-06-12 19:44:02.347 [Test worker] INFO  o.h.e.t.j.p.i.JtaPlatformInitiator - HHH000489: No JTA platform available (set 'hibernate.transaction.jta.platform' to enable JTA platform integration)
2025-06-12 19:44:02.360 [Test worker] INFO  o.s.o.j.LocalContainerEntityManagerFactoryBean - Initialized JPA EntityManagerFactory for persistence unit 'default'
2025-06-12 19:44:02.482 [Test worker] WARN  o.s.b.a.o.j.JpaBaseConfiguration$JpaWebConfiguration - spring.jpa.open-in-view is enabled by default. Therefore, database queries may be performed during view rendering. Explicitly configure spring.jpa.open-in-view to disable this warning
2025-06-12 19:44:02.489 [Test worker] INFO  o.s.b.a.w.s.WelcomePageHandlerMapping - Adding welcome page template: index
2025-06-12 19:44:02.601 [Test worker] INFO  o.a.coyote.http11.Http11NioProtocol - Starting ProtocolHandler ["http-nio-auto-1"]
2025-06-12 19:44:02.602 [Test worker] INFO  o.s.b.w.e.tomcat.TomcatWebServer - Tomcat started on port 52500 (http) with context path '/'
2025-06-12 19:44:02.606 [Test worker] INFO  roomescape.api.ReservationApiTest - Started ReservationApiTest in 0.746 seconds (process running for 12.353)
2025-06-12 19:44:02.612 [Test worker] INFO  o.s.b.w.e.tomcat.GracefulShutdown - Commencing graceful shutdown. Waiting for active requests to complete
2025-06-12 19:44:02.612 [tomcat-shutdown] INFO  o.a.coyote.http11.Http11NioProtocol - Pausing ProtocolHandler ["http-nio-auto-1-52500"]
2025-06-12 19:44:02.613 [tomcat-shutdown] INFO  o.s.b.w.e.tomcat.GracefulShutdown - Graceful shutdown complete
2025-06-12 19:44:02.614 [Test worker] INFO  o.a.coyote.http11.Http11NioProtocol - Stopping ProtocolHandler ["http-nio-auto-1"]
2025-06-12 19:44:02.616 [Test worker] INFO  o.s.o.j.LocalContainerEntityManagerFactoryBean - Closing JPA EntityManagerFactory for persistence unit 'default'
2025-06-12 19:44:02.619 [Test worker] INFO  com.zaxxer.hikari.HikariDataSource - HikariPool-22 - Shutdown initiated...
2025-06-12 19:44:02.619 [Test worker] INFO  com.zaxxer.hikari.HikariDataSource - HikariPool-22 - Shutdown completed.
2025-06-12 19:44:02.650 [Test worker] INFO  roomescape.api.ReservationApiTest - Starting ReservationApiTest using Java 21.0.4 with PID 72353 (started by yuseokhyeon in /Users/yuseokhyeon/woowa7/level2/spring-roomescape-payment)
2025-06-12 19:44:02.651 [Test worker] INFO  roomescape.api.ReservationApiTest - No active profile set, falling back to 1 default profile: "default"
2025-06-12 19:44:02.821 [Test worker] INFO  o.s.d.r.c.RepositoryConfigurationDelegate - Bootstrapping Spring Data JPA repositories in DEFAULT mode.
2025-06-12 19:44:02.837 [Test worker] INFO  o.s.d.r.c.RepositoryConfigurationDelegate - Finished Spring Data repository scanning in 14 ms. Found 6 JPA repository interfaces.
2025-06-12 19:44:02.896 [Test worker] INFO  o.s.b.w.e.tomcat.TomcatWebServer - Tomcat initialized with port 0 (http)
2025-06-12 19:44:02.897 [Test worker] INFO  o.a.coyote.http11.Http11NioProtocol - Initializing ProtocolHandler ["http-nio-auto-2"]
2025-06-12 19:44:02.897 [Test worker] INFO  o.a.catalina.core.StandardService - Starting service [Tomcat]
2025-06-12 19:44:02.897 [Test worker] INFO  o.a.catalina.core.StandardEngine - Starting Servlet engine: [Apache Tomcat/10.1.33]
2025-06-12 19:44:02.909 [Test worker] INFO  o.a.c.c.C.[Tomcat-1].[localhost].[/] - Initializing Spring embedded WebApplicationContext
2025-06-12 19:44:02.909 [Test worker] INFO  o.s.b.w.s.c.ServletWebServerApplicationContext - Root WebApplicationContext: initialization completed in 253 ms
2025-06-12 19:44:02.917 [Test worker] INFO  com.zaxxer.hikari.HikariDataSource - HikariPool-23 - Starting...
2025-06-12 19:44:02.918 [Test worker] INFO  com.zaxxer.hikari.pool.HikariPool - HikariPool-23 - Added connection conn109: url=jdbc:h2:mem:database user=SA
2025-06-12 19:44:02.918 [Test worker] INFO  com.zaxxer.hikari.HikariDataSource - HikariPool-23 - Start completed.
2025-06-12 19:44:02.918 [Test worker] INFO  o.s.b.a.h.H2ConsoleAutoConfiguration - H2 console available at '/h2-console'. Database available at 'jdbc:h2:mem:database'
2025-06-12 19:44:02.940 [Test worker] INFO  o.h.jpa.internal.util.LogHelper - HHH000204: Processing PersistenceUnitInfo [name: default]
2025-06-12 19:44:02.943 [Test worker] INFO  o.h.c.i.RegionFactoryInitiator - HHH000026: Second-level cache disabled
2025-06-12 19:44:02.950 [Test worker] INFO  o.s.o.j.p.SpringPersistenceUnitInfo - No LoadTimeWeaver setup: ignoring JPA class transformer
2025-06-12 19:44:02.952 [Test worker] INFO  o.hibernate.orm.connections.pooling - HHH10001005: Database info:
	Database JDBC URL [Connecting through datasource 'HikariDataSource (HikariPool-23)']
	Database driver: undefined/unknown
	Database version: 2.3.232
	Autocommit mode: undefined/unknown
	Isolation level: undefined/unknown
	Minimum pool size: undefined/unknown
	Maximum pool size: undefined/unknown
2025-06-12 19:44:03.034 [Test worker] INFO  o.h.e.t.j.p.i.JtaPlatformInitiator - HHH000489: No JTA platform available (set 'hibernate.transaction.jta.platform' to enable JTA platform integration)
2025-06-12 19:44:03.044 [Test worker] INFO  o.s.o.j.LocalContainerEntityManagerFactoryBean - Initialized JPA EntityManagerFactory for persistence unit 'default'
2025-06-12 19:44:03.143 [Test worker] WARN  o.s.b.a.o.j.JpaBaseConfiguration$JpaWebConfiguration - spring.jpa.open-in-view is enabled by default. Therefore, database queries may be performed during view rendering. Explicitly configure spring.jpa.open-in-view to disable this warning
2025-06-12 19:44:03.149 [Test worker] INFO  o.s.b.a.w.s.WelcomePageHandlerMapping - Adding welcome page template: index
2025-06-12 19:44:03.237 [Test worker] INFO  o.a.coyote.http11.Http11NioProtocol - Starting ProtocolHandler ["http-nio-auto-2"]
2025-06-12 19:44:03.238 [Test worker] INFO  o.s.b.w.e.tomcat.TomcatWebServer - Tomcat started on port 52502 (http) with context path '/'
2025-06-12 19:44:03.241 [Test worker] INFO  roomescape.api.ReservationApiTest - Started ReservationApiTest in 0.619 seconds (process running for 12.988)
2025-06-12 19:44:03.286 [http-nio-auto-2-exec-1] INFO  o.a.c.c.C.[Tomcat-1].[localhost].[/] - Initializing Spring DispatcherServlet 'dispatcherServlet'
2025-06-12 19:44:03.286 [http-nio-auto-2-exec-1] INFO  o.s.web.servlet.DispatcherServlet - Initializing Servlet 'dispatcherServlet'
2025-06-12 19:44:03.287 [http-nio-auto-2-exec-1] INFO  o.s.web.servlet.DispatcherServlet - Completed initialization in 1 ms
2025-06-12 19:44:03.319 [http-nio-auto-2-exec-1] INFO  r.presentation.ReservationController - 회원 예약 생성: 회원ID = 1, 테마ID = 1, 날짜 = 2026-08-05, 시간ID = 1, 금액 = 1000
2025-06-12 19:44:03.363 [Test worker] INFO  o.s.b.w.e.tomcat.GracefulShutdown - Commencing graceful shutdown. Waiting for active requests to complete
2025-06-12 19:44:03.364 [tomcat-shutdown] INFO  o.a.coyote.http11.Http11NioProtocol - Pausing ProtocolHandler ["http-nio-auto-2-52502"]
2025-06-12 19:44:03.366 [tomcat-shutdown] INFO  o.s.b.w.e.tomcat.GracefulShutdown - Graceful shutdown complete
2025-06-12 19:44:03.367 [Test worker] INFO  o.a.coyote.http11.Http11NioProtocol - Stopping ProtocolHandler ["http-nio-auto-2"]
2025-06-12 19:44:03.369 [Test worker] INFO  o.s.o.j.LocalContainerEntityManagerFactoryBean - Closing JPA EntityManagerFactory for persistence unit 'default'
2025-06-12 19:44:03.371 [Test worker] INFO  com.zaxxer.hikari.HikariDataSource - HikariPool-23 - Shutdown initiated...
2025-06-12 19:44:03.372 [Test worker] INFO  com.zaxxer.hikari.HikariDataSource - HikariPool-23 - Shutdown completed.
2025-06-12 19:44:03.397 [Test worker] INFO  roomescape.api.ReservationApiTest - Starting ReservationApiTest using Java 21.0.4 with PID 72353 (started by yuseokhyeon in /Users/yuseokhyeon/woowa7/level2/spring-roomescape-payment)
2025-06-12 19:44:03.397 [Test worker] INFO  roomescape.api.ReservationApiTest - No active profile set, falling back to 1 default profile: "default"
2025-06-12 19:44:03.618 [Test worker] INFO  o.s.d.r.c.RepositoryConfigurationDelegate - Bootstrapping Spring Data JPA repositories in DEFAULT mode.
2025-06-12 19:44:03.632 [Test worker] INFO  o.s.d.r.c.RepositoryConfigurationDelegate - Finished Spring Data repository scanning in 12 ms. Found 6 JPA repository interfaces.
2025-06-12 19:44:03.687 [Test worker] INFO  o.s.b.w.e.tomcat.TomcatWebServer - Tomcat initialized with port 0 (http)
2025-06-12 19:44:03.687 [Test worker] INFO  o.a.coyote.http11.Http11NioProtocol - Initializing ProtocolHandler ["http-nio-auto-3"]
2025-06-12 19:44:03.687 [Test worker] INFO  o.a.catalina.core.StandardService - Starting service [Tomcat]
2025-06-12 19:44:03.687 [Test worker] INFO  o.a.catalina.core.StandardEngine - Starting Servlet engine: [Apache Tomcat/10.1.33]
2025-06-12 19:44:03.696 [Test worker] INFO  o.a.c.c.C.[Tomcat-1].[localhost].[/] - Initializing Spring embedded WebApplicationContext
2025-06-12 19:44:03.696 [Test worker] INFO  o.s.b.w.s.c.ServletWebServerApplicationContext - Root WebApplicationContext: initialization completed in 298 ms
2025-06-12 19:44:03.705 [Test worker] INFO  com.zaxxer.hikari.HikariDataSource - HikariPool-24 - Starting...
2025-06-12 19:44:03.706 [Test worker] INFO  com.zaxxer.hikari.pool.HikariPool - HikariPool-24 - Added connection conn119: url=jdbc:h2:mem:database user=SA
2025-06-12 19:44:03.706 [Test worker] INFO  com.zaxxer.hikari.HikariDataSource - HikariPool-24 - Start completed.
2025-06-12 19:44:03.706 [Test worker] INFO  o.s.b.a.h.H2ConsoleAutoConfiguration - H2 console available at '/h2-console'. Database available at 'jdbc:h2:mem:database'
2025-06-12 19:44:03.732 [Test worker] INFO  o.h.jpa.internal.util.LogHelper - HHH000204: Processing PersistenceUnitInfo [name: default]
2025-06-12 19:44:03.734 [Test worker] INFO  o.h.c.i.RegionFactoryInitiator - HHH000026: Second-level cache disabled
2025-06-12 19:44:03.741 [Test worker] INFO  o.s.o.j.p.SpringPersistenceUnitInfo - No LoadTimeWeaver setup: ignoring JPA class transformer
2025-06-12 19:44:03.743 [Test worker] INFO  o.hibernate.orm.connections.pooling - HHH10001005: Database info:
	Database JDBC URL [Connecting through datasource 'HikariDataSource (HikariPool-24)']
	Database driver: undefined/unknown
	Database version: 2.3.232
	Autocommit mode: undefined/unknown
	Isolation level: undefined/unknown
	Minimum pool size: undefined/unknown
	Maximum pool size: undefined/unknown
2025-06-12 19:44:03.827 [Test worker] INFO  o.h.e.t.j.p.i.JtaPlatformInitiator - HHH000489: No JTA platform available (set 'hibernate.transaction.jta.platform' to enable JTA platform integration)
2025-06-12 19:44:03.835 [Test worker] INFO  o.s.o.j.LocalContainerEntityManagerFactoryBean - Initialized JPA EntityManagerFactory for persistence unit 'default'
2025-06-12 19:44:03.916 [Test worker] WARN  o.s.b.a.o.j.JpaBaseConfiguration$JpaWebConfiguration - spring.jpa.open-in-view is enabled by default. Therefore, database queries may be performed during view rendering. Explicitly configure spring.jpa.open-in-view to disable this warning
2025-06-12 19:44:03.928 [Test worker] INFO  o.s.b.a.w.s.WelcomePageHandlerMapping - Adding welcome page template: index
2025-06-12 19:44:04.014 [Test worker] INFO  o.a.coyote.http11.Http11NioProtocol - Starting ProtocolHandler ["http-nio-auto-3"]
2025-06-12 19:44:04.015 [Test worker] INFO  o.s.b.w.e.tomcat.TomcatWebServer - Tomcat started on port 52506 (http) with context path '/'
2025-06-12 19:44:04.018 [Test worker] INFO  roomescape.api.ReservationApiTest - Started ReservationApiTest in 0.643 seconds (process running for 13.766)
2025-06-12 19:44:04.069 [http-nio-auto-3-exec-1] INFO  o.a.c.c.C.[Tomcat-1].[localhost].[/] - Initializing Spring DispatcherServlet 'dispatcherServlet'
2025-06-12 19:44:04.069 [http-nio-auto-3-exec-1] INFO  o.s.web.servlet.DispatcherServlet - Initializing Servlet 'dispatcherServlet'
2025-06-12 19:44:04.070 [http-nio-auto-3-exec-1] INFO  o.s.web.servlet.DispatcherServlet - Completed initialization in 1 ms
2025-06-12 19:44:04.122 [Test worker] INFO  o.s.b.w.e.tomcat.GracefulShutdown - Commencing graceful shutdown. Waiting for active requests to complete
2025-06-12 19:44:04.123 [tomcat-shutdown] INFO  o.a.coyote.http11.Http11NioProtocol - Pausing ProtocolHandler ["http-nio-auto-3-52506"]
2025-06-12 19:44:04.124 [tomcat-shutdown] INFO  o.s.b.w.e.tomcat.GracefulShutdown - Graceful shutdown complete
2025-06-12 19:44:04.124 [Test worker] INFO  o.a.coyote.http11.Http11NioProtocol - Stopping ProtocolHandler ["http-nio-auto-3"]
2025-06-12 19:44:04.126 [Test worker] INFO  o.s.o.j.LocalContainerEntityManagerFactoryBean - Closing JPA EntityManagerFactory for persistence unit 'default'
2025-06-12 19:44:04.128 [Test worker] INFO  com.zaxxer.hikari.HikariDataSource - HikariPool-24 - Shutdown initiated...
2025-06-12 19:44:04.128 [Test worker] INFO  com.zaxxer.hikari.HikariDataSource - HikariPool-24 - Shutdown completed.
2025-06-12 19:44:04.150 [Test worker] INFO  roomescape.api.ReservationApiTest - Starting ReservationApiTest using Java 21.0.4 with PID 72353 (started by yuseokhyeon in /Users/yuseokhyeon/woowa7/level2/spring-roomescape-payment)
2025-06-12 19:44:04.150 [Test worker] INFO  roomescape.api.ReservationApiTest - No active profile set, falling back to 1 default profile: "default"
2025-06-12 19:44:04.277 [Test worker] INFO  o.s.d.r.c.RepositoryConfigurationDelegate - Bootstrapping Spring Data JPA repositories in DEFAULT mode.
2025-06-12 19:44:04.290 [Test worker] INFO  o.s.d.r.c.RepositoryConfigurationDelegate - Finished Spring Data repository scanning in 12 ms. Found 6 JPA repository interfaces.
2025-06-12 19:44:04.333 [Test worker] INFO  o.s.b.w.e.tomcat.TomcatWebServer - Tomcat initialized with port 0 (http)
2025-06-12 19:44:04.334 [Test worker] INFO  o.a.coyote.http11.Http11NioProtocol - Initializing ProtocolHandler ["http-nio-auto-4"]
2025-06-12 19:44:04.334 [Test worker] INFO  o.a.catalina.core.StandardService - Starting service [Tomcat]
2025-06-12 19:44:04.334 [Test worker] INFO  o.a.catalina.core.StandardEngine - Starting Servlet engine: [Apache Tomcat/10.1.33]
2025-06-12 19:44:04.342 [Test worker] INFO  o.a.c.c.C.[Tomcat-1].[localhost].[/] - Initializing Spring embedded WebApplicationContext
2025-06-12 19:44:04.342 [Test worker] INFO  o.s.b.w.s.c.ServletWebServerApplicationContext - Root WebApplicationContext: initialization completed in 191 ms
2025-06-12 19:44:04.350 [Test worker] INFO  com.zaxxer.hikari.HikariDataSource - HikariPool-25 - Starting...
2025-06-12 19:44:04.350 [Test worker] INFO  com.zaxxer.hikari.pool.HikariPool - HikariPool-25 - Added connection conn129: url=jdbc:h2:mem:database user=SA
2025-06-12 19:44:04.350 [Test worker] INFO  com.zaxxer.hikari.HikariDataSource - HikariPool-25 - Start completed.
2025-06-12 19:44:04.350 [Test worker] INFO  o.s.b.a.h.H2ConsoleAutoConfiguration - H2 console available at '/h2-console'. Database available at 'jdbc:h2:mem:database'
2025-06-12 19:44:04.368 [Test worker] INFO  o.h.jpa.internal.util.LogHelper - HHH000204: Processing PersistenceUnitInfo [name: default]
2025-06-12 19:44:04.370 [Test worker] INFO  o.h.c.i.RegionFactoryInitiator - HHH000026: Second-level cache disabled
2025-06-12 19:44:04.376 [Test worker] INFO  o.s.o.j.p.SpringPersistenceUnitInfo - No LoadTimeWeaver setup: ignoring JPA class transformer
2025-06-12 19:44:04.377 [Test worker] INFO  o.hibernate.orm.connections.pooling - HHH10001005: Database info:
	Database JDBC URL [Connecting through datasource 'HikariDataSource (HikariPool-25)']
	Database driver: undefined/unknown
	Database version: 2.3.232
	Autocommit mode: undefined/unknown
	Isolation level: undefined/unknown
	Minimum pool size: undefined/unknown
	Maximum pool size: undefined/unknown
2025-06-12 19:44:04.441 [Test worker] INFO  o.h.e.t.j.p.i.JtaPlatformInitiator - HHH000489: No JTA platform available (set 'hibernate.transaction.jta.platform' to enable JTA platform integration)
2025-06-12 19:44:04.447 [Test worker] INFO  o.s.o.j.LocalContainerEntityManagerFactoryBean - Initialized JPA EntityManagerFactory for persistence unit 'default'
2025-06-12 19:44:04.532 [Test worker] WARN  o.s.b.a.o.j.JpaBaseConfiguration$JpaWebConfiguration - spring.jpa.open-in-view is enabled by default. Therefore, database queries may be performed during view rendering. Explicitly configure spring.jpa.open-in-view to disable this warning
2025-06-12 19:44:04.538 [Test worker] INFO  o.s.b.a.w.s.WelcomePageHandlerMapping - Adding welcome page template: index
2025-06-12 19:44:04.618 [Test worker] INFO  o.a.coyote.http11.Http11NioProtocol - Starting ProtocolHandler ["http-nio-auto-4"]
2025-06-12 19:44:04.619 [Test worker] INFO  o.s.b.w.e.tomcat.TomcatWebServer - Tomcat started on port 52509 (http) with context path '/'
2025-06-12 19:44:04.622 [Test worker] INFO  roomescape.api.ReservationApiTest - Started ReservationApiTest in 0.491 seconds (process running for 14.369)
2025-06-12 19:44:04.636 [http-nio-auto-4-exec-1] INFO  o.a.c.c.C.[Tomcat-1].[localhost].[/] - Initializing Spring DispatcherServlet 'dispatcherServlet'
2025-06-12 19:44:04.636 [http-nio-auto-4-exec-1] INFO  o.s.web.servlet.DispatcherServlet - Initializing Servlet 'dispatcherServlet'
2025-06-12 19:44:04.637 [http-nio-auto-4-exec-1] INFO  o.s.web.servlet.DispatcherServlet - Completed initialization in 1 ms
2025-06-12 19:44:04.652 [Test worker] INFO  o.s.t.c.s.AnnotationConfigContextLoaderUtils - Could not detect default configuration classes for test class [roomescape.api.ReservationTimeApiTest]: ReservationTimeApiTest does not declare any static, non-private, non-final, nested classes annotated with @Configuration.
2025-06-12 19:44:04.654 [Test worker] INFO  o.s.b.t.c.SpringBootTestContextBootstrapper - Found @SpringBootConfiguration roomescape.RoomescapeApplication for test class roomescape.api.ReservationTimeApiTest
2025-06-12 19:44:04.656 [Test worker] INFO  o.s.b.w.e.tomcat.GracefulShutdown - Commencing graceful shutdown. Waiting for active requests to complete
2025-06-12 19:44:04.657 [tomcat-shutdown] INFO  o.a.coyote.http11.Http11NioProtocol - Pausing ProtocolHandler ["http-nio-8080"]
2025-06-12 19:44:04.658 [tomcat-shutdown] INFO  o.s.b.w.e.tomcat.GracefulShutdown - Graceful shutdown complete
2025-06-12 19:44:04.658 [Test worker] INFO  o.a.coyote.http11.Http11NioProtocol - Stopping ProtocolHandler ["http-nio-8080"]
2025-06-12 19:44:04.659 [Test worker] INFO  o.s.o.j.LocalContainerEntityManagerFactoryBean - Closing JPA EntityManagerFactory for persistence unit 'default'
2025-06-12 19:44:04.660 [Test worker] INFO  com.zaxxer.hikari.HikariDataSource - HikariPool-21 - Shutdown initiated...
2025-06-12 19:44:04.661 [Test worker] INFO  com.zaxxer.hikari.HikariDataSource - HikariPool-21 - Shutdown completed.
2025-06-12 19:44:04.682 [Test worker] INFO  r.api.ReservationTimeApiTest - Starting ReservationTimeApiTest using Java 21.0.4 with PID 72353 (started by yuseokhyeon in /Users/yuseokhyeon/woowa7/level2/spring-roomescape-payment)
2025-06-12 19:44:04.682 [Test worker] INFO  r.api.ReservationTimeApiTest - No active profile set, falling back to 1 default profile: "default"
2025-06-12 19:44:04.824 [Test worker] INFO  o.s.d.r.c.RepositoryConfigurationDelegate - Bootstrapping Spring Data JPA repositories in DEFAULT mode.
2025-06-12 19:44:04.836 [Test worker] INFO  o.s.d.r.c.RepositoryConfigurationDelegate - Finished Spring Data repository scanning in 10 ms. Found 6 JPA repository interfaces.
2025-06-12 19:44:04.876 [Test worker] INFO  o.s.b.w.e.tomcat.TomcatWebServer - Tomcat initialized with port 8080 (http)
2025-06-12 19:44:04.876 [Test worker] INFO  o.a.coyote.http11.Http11NioProtocol - Initializing ProtocolHandler ["http-nio-8080"]
2025-06-12 19:44:04.877 [Test worker] INFO  o.a.catalina.core.StandardService - Starting service [Tomcat]
2025-06-12 19:44:04.877 [Test worker] INFO  o.a.catalina.core.StandardEngine - Starting Servlet engine: [Apache Tomcat/10.1.33]
2025-06-12 19:44:04.884 [Test worker] INFO  o.a.c.c.C.[Tomcat-1].[localhost].[/] - Initializing Spring embedded WebApplicationContext
2025-06-12 19:44:04.885 [Test worker] INFO  o.s.b.w.s.c.ServletWebServerApplicationContext - Root WebApplicationContext: initialization completed in 202 ms
2025-06-12 19:44:04.893 [Test worker] INFO  com.zaxxer.hikari.HikariDataSource - HikariPool-26 - Starting...
2025-06-12 19:44:04.894 [Test worker] INFO  com.zaxxer.hikari.pool.HikariPool - HikariPool-26 - Added connection conn139: url=jdbc:h2:mem:database user=SA
2025-06-12 19:44:04.894 [Test worker] INFO  com.zaxxer.hikari.HikariDataSource - HikariPool-26 - Start completed.
2025-06-12 19:44:04.894 [Test worker] INFO  o.s.b.a.h.H2ConsoleAutoConfiguration - H2 console available at '/h2-console'. Database available at 'jdbc:h2:mem:database'
2025-06-12 19:44:04.912 [Test worker] INFO  o.h.jpa.internal.util.LogHelper - HHH000204: Processing PersistenceUnitInfo [name: default]
2025-06-12 19:44:04.914 [Test worker] INFO  o.h.c.i.RegionFactoryInitiator - HHH000026: Second-level cache disabled
2025-06-12 19:44:04.922 [Test worker] INFO  o.s.o.j.p.SpringPersistenceUnitInfo - No LoadTimeWeaver setup: ignoring JPA class transformer
2025-06-12 19:44:04.923 [Test worker] INFO  o.hibernate.orm.connections.pooling - HHH10001005: Database info:
	Database JDBC URL [Connecting through datasource 'HikariDataSource (HikariPool-26)']
	Database driver: undefined/unknown
	Database version: 2.3.232
	Autocommit mode: undefined/unknown
	Isolation level: undefined/unknown
	Minimum pool size: undefined/unknown
	Maximum pool size: undefined/unknown
2025-06-12 19:44:04.979 [Test worker] INFO  o.h.e.t.j.p.i.JtaPlatformInitiator - HHH000489: No JTA platform available (set 'hibernate.transaction.jta.platform' to enable JTA platform integration)
2025-06-12 19:44:04.987 [Test worker] INFO  o.s.o.j.LocalContainerEntityManagerFactoryBean - Initialized JPA EntityManagerFactory for persistence unit 'default'
2025-06-12 19:44:05.066 [Test worker] WARN  o.s.b.a.o.j.JpaBaseConfiguration$JpaWebConfiguration - spring.jpa.open-in-view is enabled by default. Therefore, database queries may be performed during view rendering. Explicitly configure spring.jpa.open-in-view to disable this warning
2025-06-12 19:44:05.071 [Test worker] INFO  o.s.b.a.w.s.WelcomePageHandlerMapping - Adding welcome page template: index
2025-06-12 19:44:05.142 [Test worker] INFO  o.a.coyote.http11.Http11NioProtocol - Starting ProtocolHandler ["http-nio-8080"]
2025-06-12 19:44:05.143 [Test worker] INFO  o.s.b.w.e.tomcat.TomcatWebServer - Tomcat started on port 8080 (http) with context path '/'
2025-06-12 19:44:05.146 [Test worker] INFO  r.api.ReservationTimeApiTest - Started ReservationTimeApiTest in 0.483 seconds (process running for 14.893)
2025-06-12 19:44:05.568 [Test worker] INFO  o.s.b.w.e.tomcat.GracefulShutdown - Commencing graceful shutdown. Waiting for active requests to complete
2025-06-12 19:44:05.569 [tomcat-shutdown] INFO  o.a.coyote.http11.Http11NioProtocol - Pausing ProtocolHandler ["http-nio-8080"]
2025-06-12 19:44:05.570 [tomcat-shutdown] INFO  o.s.b.w.e.tomcat.GracefulShutdown - Graceful shutdown complete
2025-06-12 19:44:05.570 [Test worker] INFO  o.a.coyote.http11.Http11NioProtocol - Stopping ProtocolHandler ["http-nio-8080"]
2025-06-12 19:44:05.572 [Test worker] INFO  o.s.o.j.LocalContainerEntityManagerFactoryBean - Closing JPA EntityManagerFactory for persistence unit 'default'
2025-06-12 19:44:05.573 [Test worker] INFO  com.zaxxer.hikari.HikariDataSource - HikariPool-26 - Shutdown initiated...
2025-06-12 19:44:05.573 [Test worker] INFO  com.zaxxer.hikari.HikariDataSource - HikariPool-26 - Shutdown completed.
2025-06-12 19:44:05.592 [Test worker] INFO  r.api.ReservationTimeApiTest - Starting ReservationTimeApiTest using Java 21.0.4 with PID 72353 (started by yuseokhyeon in /Users/yuseokhyeon/woowa7/level2/spring-roomescape-payment)
2025-06-12 19:44:05.592 [Test worker] INFO  r.api.ReservationTimeApiTest - No active profile set, falling back to 1 default profile: "default"
2025-06-12 19:44:05.705 [Test worker] INFO  o.s.d.r.c.RepositoryConfigurationDelegate - Bootstrapping Spring Data JPA repositories in DEFAULT mode.
2025-06-12 19:44:05.716 [Test worker] INFO  o.s.d.r.c.RepositoryConfigurationDelegate - Finished Spring Data repository scanning in 9 ms. Found 6 JPA repository interfaces.
2025-06-12 19:44:05.763 [Test worker] INFO  o.s.b.w.e.tomcat.TomcatWebServer - Tomcat initialized with port 8080 (http)
2025-06-12 19:44:05.764 [Test worker] INFO  o.a.coyote.http11.Http11NioProtocol - Initializing ProtocolHandler ["http-nio-8080"]
2025-06-12 19:44:05.764 [Test worker] INFO  o.a.catalina.core.StandardService - Starting service [Tomcat]
2025-06-12 19:44:05.764 [Test worker] INFO  o.a.catalina.core.StandardEngine - Starting Servlet engine: [Apache Tomcat/10.1.33]
2025-06-12 19:44:05.772 [Test worker] INFO  o.a.c.c.C.[Tomcat-1].[localhost].[/] - Initializing Spring embedded WebApplicationContext
2025-06-12 19:44:05.772 [Test worker] INFO  o.s.b.w.s.c.ServletWebServerApplicationContext - Root WebApplicationContext: initialization completed in 179 ms
2025-06-12 19:44:05.781 [Test worker] INFO  com.zaxxer.hikari.HikariDataSource - HikariPool-27 - Starting...
2025-06-12 19:44:05.781 [Test worker] INFO  com.zaxxer.hikari.pool.HikariPool - HikariPool-27 - Added connection conn149: url=jdbc:h2:mem:database user=SA
2025-06-12 19:44:05.781 [Test worker] INFO  com.zaxxer.hikari.HikariDataSource - HikariPool-27 - Start completed.
2025-06-12 19:44:05.782 [Test worker] INFO  o.s.b.a.h.H2ConsoleAutoConfiguration - H2 console available at '/h2-console'. Database available at 'jdbc:h2:mem:database'
2025-06-12 19:44:05.797 [Test worker] INFO  o.h.jpa.internal.util.LogHelper - HHH000204: Processing PersistenceUnitInfo [name: default]
2025-06-12 19:44:05.800 [Test worker] INFO  o.h.c.i.RegionFactoryInitiator - HHH000026: Second-level cache disabled
2025-06-12 19:44:05.807 [Test worker] INFO  o.s.o.j.p.SpringPersistenceUnitInfo - No LoadTimeWeaver setup: ignoring JPA class transformer
2025-06-12 19:44:05.808 [Test worker] INFO  o.hibernate.orm.connections.pooling - HHH10001005: Database info:
	Database JDBC URL [Connecting through datasource 'HikariDataSource (HikariPool-27)']
	Database driver: undefined/unknown
	Database version: 2.3.232
	Autocommit mode: undefined/unknown
	Isolation level: undefined/unknown
	Minimum pool size: undefined/unknown
	Maximum pool size: undefined/unknown
2025-06-12 19:44:05.864 [Test worker] INFO  o.h.e.t.j.p.i.JtaPlatformInitiator - HHH000489: No JTA platform available (set 'hibernate.transaction.jta.platform' to enable JTA platform integration)
2025-06-12 19:44:05.870 [Test worker] INFO  o.s.o.j.LocalContainerEntityManagerFactoryBean - Initialized JPA EntityManagerFactory for persistence unit 'default'
2025-06-12 19:44:05.961 [Test worker] WARN  o.s.b.a.o.j.JpaBaseConfiguration$JpaWebConfiguration - spring.jpa.open-in-view is enabled by default. Therefore, database queries may be performed during view rendering. Explicitly configure spring.jpa.open-in-view to disable this warning
2025-06-12 19:44:05.966 [Test worker] INFO  o.s.b.a.w.s.WelcomePageHandlerMapping - Adding welcome page template: index
2025-06-12 19:44:06.035 [Test worker] INFO  o.a.coyote.http11.Http11NioProtocol - Starting ProtocolHandler ["http-nio-8080"]
2025-06-12 19:44:06.036 [Test worker] INFO  o.s.b.w.e.tomcat.TomcatWebServer - Tomcat started on port 8080 (http) with context path '/'
2025-06-12 19:44:06.039 [Test worker] INFO  r.api.ReservationTimeApiTest - Started ReservationTimeApiTest in 0.464 seconds (process running for 15.786)
2025-06-12 19:44:06.061 [Test worker] INFO  o.s.b.w.e.tomcat.GracefulShutdown - Commencing graceful shutdown. Waiting for active requests to complete
2025-06-12 19:44:06.062 [tomcat-shutdown] INFO  o.a.coyote.http11.Http11NioProtocol - Pausing ProtocolHandler ["http-nio-8080"]
2025-06-12 19:44:06.063 [tomcat-shutdown] INFO  o.s.b.w.e.tomcat.GracefulShutdown - Graceful shutdown complete
2025-06-12 19:44:06.063 [Test worker] INFO  o.a.coyote.http11.Http11NioProtocol - Stopping ProtocolHandler ["http-nio-8080"]
2025-06-12 19:44:06.065 [Test worker] INFO  o.s.o.j.LocalContainerEntityManagerFactoryBean - Closing JPA EntityManagerFactory for persistence unit 'default'
2025-06-12 19:44:06.066 [Test worker] INFO  com.zaxxer.hikari.HikariDataSource - HikariPool-27 - Shutdown initiated...
2025-06-12 19:44:06.097 [Test worker] INFO  com.zaxxer.hikari.HikariDataSource - HikariPool-27 - Shutdown completed.
2025-06-12 19:44:06.113 [Test worker] INFO  r.api.ReservationTimeApiTest - Starting ReservationTimeApiTest using Java 21.0.4 with PID 72353 (started by yuseokhyeon in /Users/yuseokhyeon/woowa7/level2/spring-roomescape-payment)
2025-06-12 19:44:06.113 [Test worker] INFO  r.api.ReservationTimeApiTest - No active profile set, falling back to 1 default profile: "default"
2025-06-12 19:44:06.201 [Test worker] INFO  o.s.d.r.c.RepositoryConfigurationDelegate - Bootstrapping Spring Data JPA repositories in DEFAULT mode.
2025-06-12 19:44:06.208 [Test worker] INFO  o.s.d.r.c.RepositoryConfigurationDelegate - Finished Spring Data repository scanning in 6 ms. Found 6 JPA repository interfaces.
2025-06-12 19:44:06.248 [Test worker] INFO  o.s.b.w.e.tomcat.TomcatWebServer - Tomcat initialized with port 8080 (http)
2025-06-12 19:44:06.248 [Test worker] INFO  o.a.coyote.http11.Http11NioProtocol - Initializing ProtocolHandler ["http-nio-8080"]
2025-06-12 19:44:06.248 [Test worker] INFO  o.a.catalina.core.StandardService - Starting service [Tomcat]
2025-06-12 19:44:06.248 [Test worker] INFO  o.a.catalina.core.StandardEngine - Starting Servlet engine: [Apache Tomcat/10.1.33]
2025-06-12 19:44:06.255 [Test worker] INFO  o.a.c.c.C.[Tomcat-1].[localhost].[/] - Initializing Spring embedded WebApplicationContext
2025-06-12 19:44:06.255 [Test worker] INFO  o.s.b.w.s.c.ServletWebServerApplicationContext - Root WebApplicationContext: initialization completed in 141 ms
2025-06-12 19:44:06.263 [Test worker] INFO  com.zaxxer.hikari.HikariDataSource - HikariPool-28 - Starting...
2025-06-12 19:44:06.264 [Test worker] INFO  com.zaxxer.hikari.pool.HikariPool - HikariPool-28 - Added connection conn156: url=jdbc:h2:mem:database user=SA
2025-06-12 19:44:06.264 [Test worker] INFO  com.zaxxer.hikari.HikariDataSource - HikariPool-28 - Start completed.
2025-06-12 19:44:06.264 [Test worker] INFO  o.s.b.a.h.H2ConsoleAutoConfiguration - H2 console available at '/h2-console'. Database available at 'jdbc:h2:mem:database'
2025-06-12 19:44:06.277 [Test worker] INFO  o.h.jpa.internal.util.LogHelper - HHH000204: Processing PersistenceUnitInfo [name: default]
2025-06-12 19:44:06.279 [Test worker] INFO  o.h.c.i.RegionFactoryInitiator - HHH000026: Second-level cache disabled
2025-06-12 19:44:06.283 [Test worker] INFO  o.s.o.j.p.SpringPersistenceUnitInfo - No LoadTimeWeaver setup: ignoring JPA class transformer
2025-06-12 19:44:06.284 [Test worker] INFO  o.hibernate.orm.connections.pooling - HHH10001005: Database info:
	Database JDBC URL [Connecting through datasource 'HikariDataSource (HikariPool-28)']
	Database driver: undefined/unknown
	Database version: 2.3.232
	Autocommit mode: undefined/unknown
	Isolation level: undefined/unknown
	Minimum pool size: undefined/unknown
	Maximum pool size: undefined/unknown
2025-06-12 19:44:06.332 [Test worker] INFO  o.h.e.t.j.p.i.JtaPlatformInitiator - HHH000489: No JTA platform available (set 'hibernate.transaction.jta.platform' to enable JTA platform integration)
2025-06-12 19:44:06.337 [Test worker] INFO  o.s.o.j.LocalContainerEntityManagerFactoryBean - Initialized JPA EntityManagerFactory for persistence unit 'default'
2025-06-12 19:44:06.405 [Test worker] WARN  o.s.b.a.o.j.JpaBaseConfiguration$JpaWebConfiguration - spring.jpa.open-in-view is enabled by default. Therefore, database queries may be performed during view rendering. Explicitly configure spring.jpa.open-in-view to disable this warning
2025-06-12 19:44:06.410 [Test worker] INFO  o.s.b.a.w.s.WelcomePageHandlerMapping - Adding welcome page template: index
2025-06-12 19:44:06.476 [Test worker] INFO  o.a.coyote.http11.Http11NioProtocol - Starting ProtocolHandler ["http-nio-8080"]
2025-06-12 19:44:06.477 [Test worker] INFO  o.s.b.w.e.tomcat.TomcatWebServer - Tomcat started on port 8080 (http) with context path '/'
2025-06-12 19:44:06.479 [Test worker] INFO  r.api.ReservationTimeApiTest - Started ReservationTimeApiTest in 0.38 seconds (process running for 16.226)
2025-06-12 19:44:06.566 [Test worker] INFO  o.s.b.w.e.tomcat.GracefulShutdown - Commencing graceful shutdown. Waiting for active requests to complete
2025-06-12 19:44:06.567 [tomcat-shutdown] INFO  o.a.coyote.http11.Http11NioProtocol - Pausing ProtocolHandler ["http-nio-8080"]
2025-06-12 19:44:06.568 [tomcat-shutdown] INFO  o.s.b.w.e.tomcat.GracefulShutdown - Graceful shutdown complete
2025-06-12 19:44:06.569 [Test worker] INFO  o.a.coyote.http11.Http11NioProtocol - Stopping ProtocolHandler ["http-nio-8080"]
2025-06-12 19:44:06.570 [Test worker] INFO  o.s.o.j.LocalContainerEntityManagerFactoryBean - Closing JPA EntityManagerFactory for persistence unit 'default'
2025-06-12 19:44:06.571 [Test worker] INFO  com.zaxxer.hikari.HikariDataSource - HikariPool-28 - Shutdown initiated...
2025-06-12 19:44:06.577 [Test worker] INFO  com.zaxxer.hikari.HikariDataSource - HikariPool-28 - Shutdown completed.
2025-06-12 19:44:06.594 [Test worker] INFO  r.api.ReservationTimeApiTest - Starting ReservationTimeApiTest using Java 21.0.4 with PID 72353 (started by yuseokhyeon in /Users/yuseokhyeon/woowa7/level2/spring-roomescape-payment)
2025-06-12 19:44:06.594 [Test worker] INFO  r.api.ReservationTimeApiTest - No active profile set, falling back to 1 default profile: "default"
2025-06-12 19:44:06.685 [Test worker] INFO  o.s.d.r.c.RepositoryConfigurationDelegate - Bootstrapping Spring Data JPA repositories in DEFAULT mode.
2025-06-12 19:44:06.692 [Test worker] INFO  o.s.d.r.c.RepositoryConfigurationDelegate - Finished Spring Data repository scanning in 6 ms. Found 6 JPA repository interfaces.
2025-06-12 19:44:06.730 [Test worker] INFO  o.s.b.w.e.tomcat.TomcatWebServer - Tomcat initialized with port 8080 (http)
2025-06-12 19:44:06.731 [Test worker] INFO  o.a.coyote.http11.Http11NioProtocol - Initializing ProtocolHandler ["http-nio-8080"]
2025-06-12 19:44:06.731 [Test worker] INFO  o.a.catalina.core.StandardService - Starting service [Tomcat]
2025-06-12 19:44:06.731 [Test worker] INFO  o.a.catalina.core.StandardEngine - Starting Servlet engine: [Apache Tomcat/10.1.33]
2025-06-12 19:44:06.738 [Test worker] INFO  o.a.c.c.C.[Tomcat-1].[localhost].[/] - Initializing Spring embedded WebApplicationContext
2025-06-12 19:44:06.738 [Test worker] INFO  o.s.b.w.s.c.ServletWebServerApplicationContext - Root WebApplicationContext: initialization completed in 144 ms
2025-06-12 19:44:06.745 [Test worker] INFO  com.zaxxer.hikari.HikariDataSource - HikariPool-29 - Starting...
2025-06-12 19:44:06.746 [Test worker] INFO  com.zaxxer.hikari.pool.HikariPool - HikariPool-29 - Added connection conn163: url=jdbc:h2:mem:database user=SA
2025-06-12 19:44:06.746 [Test worker] INFO  com.zaxxer.hikari.HikariDataSource - HikariPool-29 - Start completed.
2025-06-12 19:44:06.746 [Test worker] INFO  o.s.b.a.h.H2ConsoleAutoConfiguration - H2 console available at '/h2-console'. Database available at 'jdbc:h2:mem:database'
2025-06-12 19:44:06.760 [Test worker] INFO  o.h.jpa.internal.util.LogHelper - HHH000204: Processing PersistenceUnitInfo [name: default]
2025-06-12 19:44:06.761 [Test worker] INFO  o.h.c.i.RegionFactoryInitiator - HHH000026: Second-level cache disabled
2025-06-12 19:44:06.765 [Test worker] INFO  o.s.o.j.p.SpringPersistenceUnitInfo - No LoadTimeWeaver setup: ignoring JPA class transformer
2025-06-12 19:44:06.765 [Test worker] INFO  o.hibernate.orm.connections.pooling - HHH10001005: Database info:
	Database JDBC URL [Connecting through datasource 'HikariDataSource (HikariPool-29)']
	Database driver: undefined/unknown
	Database version: 2.3.232
	Autocommit mode: undefined/unknown
	Isolation level: undefined/unknown
	Minimum pool size: undefined/unknown
	Maximum pool size: undefined/unknown
2025-06-12 19:44:06.806 [Test worker] INFO  o.h.e.t.j.p.i.JtaPlatformInitiator - HHH000489: No JTA platform available (set 'hibernate.transaction.jta.platform' to enable JTA platform integration)
2025-06-12 19:44:06.811 [Test worker] INFO  o.s.o.j.LocalContainerEntityManagerFactoryBean - Initialized JPA EntityManagerFactory for persistence unit 'default'
2025-06-12 19:44:06.873 [Test worker] WARN  o.s.b.a.o.j.JpaBaseConfiguration$JpaWebConfiguration - spring.jpa.open-in-view is enabled by default. Therefore, database queries may be performed during view rendering. Explicitly configure spring.jpa.open-in-view to disable this warning
2025-06-12 19:44:06.877 [Test worker] INFO  o.s.b.a.w.s.WelcomePageHandlerMapping - Adding welcome page template: index
2025-06-12 19:44:06.966 [Test worker] INFO  o.a.coyote.http11.Http11NioProtocol - Starting ProtocolHandler ["http-nio-8080"]
2025-06-12 19:44:06.967 [Test worker] INFO  o.s.b.w.e.tomcat.TomcatWebServer - Tomcat started on port 8080 (http) with context path '/'
2025-06-12 19:44:06.970 [Test worker] INFO  r.api.ReservationTimeApiTest - Started ReservationTimeApiTest in 0.391 seconds (process running for 16.717)
2025-06-12 19:44:06.986 [http-nio-auto-4-exec-9] INFO  r.p.ReservationTimeController - 예약 시간 생성: 예약시간 id = 1, 시작시간 = 10:00
2025-06-12 19:44:07.003 [Test worker] INFO  o.s.t.c.s.AnnotationConfigContextLoaderUtils - Could not detect default configuration classes for test class [roomescape.api.ThemeApiTest]: ThemeApiTest does not declare any static, non-private, non-final, nested classes annotated with @Configuration.
2025-06-12 19:44:07.004 [Test worker] INFO  o.s.b.t.c.SpringBootTestContextBootstrapper - Found @SpringBootConfiguration roomescape.RoomescapeApplication for test class roomescape.api.ThemeApiTest
2025-06-12 19:44:07.006 [Test worker] INFO  o.s.b.w.e.tomcat.GracefulShutdown - Commencing graceful shutdown. Waiting for active requests to complete
2025-06-12 19:44:07.007 [tomcat-shutdown] INFO  o.a.coyote.http11.Http11NioProtocol - Pausing ProtocolHandler ["http-nio-8080"]
2025-06-12 19:44:07.008 [tomcat-shutdown] INFO  o.s.b.w.e.tomcat.GracefulShutdown - Graceful shutdown complete
2025-06-12 19:44:07.008 [Test worker] INFO  o.a.coyote.http11.Http11NioProtocol - Stopping ProtocolHandler ["http-nio-8080"]
2025-06-12 19:44:07.009 [Test worker] INFO  o.s.o.j.LocalContainerEntityManagerFactoryBean - Closing JPA EntityManagerFactory for persistence unit 'default'
2025-06-12 19:44:07.010 [Test worker] INFO  com.zaxxer.hikari.HikariDataSource - HikariPool-29 - Shutdown initiated...
2025-06-12 19:44:07.019 [Test worker] INFO  com.zaxxer.hikari.HikariDataSource - HikariPool-29 - Shutdown completed.
2025-06-12 19:44:07.034 [Test worker] INFO  roomescape.api.ThemeApiTest - Starting ThemeApiTest using Java 21.0.4 with PID 72353 (started by yuseokhyeon in /Users/yuseokhyeon/woowa7/level2/spring-roomescape-payment)
2025-06-12 19:44:07.034 [Test worker] INFO  roomescape.api.ThemeApiTest - No active profile set, falling back to 1 default profile: "default"
2025-06-12 19:44:07.117 [Test worker] INFO  o.s.d.r.c.RepositoryConfigurationDelegate - Bootstrapping Spring Data JPA repositories in DEFAULT mode.
2025-06-12 19:44:07.124 [Test worker] INFO  o.s.d.r.c.RepositoryConfigurationDelegate - Finished Spring Data repository scanning in 6 ms. Found 6 JPA repository interfaces.
2025-06-12 19:44:07.164 [Test worker] INFO  o.s.b.w.e.tomcat.TomcatWebServer - Tomcat initialized with port 8080 (http)
2025-06-12 19:44:07.164 [Test worker] INFO  o.a.coyote.http11.Http11NioProtocol - Initializing ProtocolHandler ["http-nio-8080"]
2025-06-12 19:44:07.164 [Test worker] INFO  o.a.catalina.core.StandardService - Starting service [Tomcat]
2025-06-12 19:44:07.164 [Test worker] INFO  o.a.catalina.core.StandardEngine - Starting Servlet engine: [Apache Tomcat/10.1.33]
2025-06-12 19:44:07.172 [Test worker] INFO  o.a.c.c.C.[Tomcat-1].[localhost].[/] - Initializing Spring embedded WebApplicationContext
2025-06-12 19:44:07.172 [Test worker] INFO  o.s.b.w.s.c.ServletWebServerApplicationContext - Root WebApplicationContext: initialization completed in 137 ms
2025-06-12 19:44:07.179 [Test worker] INFO  com.zaxxer.hikari.HikariDataSource - HikariPool-30 - Starting...
2025-06-12 19:44:07.179 [Test worker] INFO  com.zaxxer.hikari.pool.HikariPool - HikariPool-30 - Added connection conn169: url=jdbc:h2:mem:database user=SA
2025-06-12 19:44:07.179 [Test worker] INFO  com.zaxxer.hikari.HikariDataSource - HikariPool-30 - Start completed.
2025-06-12 19:44:07.179 [Test worker] INFO  o.s.b.a.h.H2ConsoleAutoConfiguration - H2 console available at '/h2-console'. Database available at 'jdbc:h2:mem:database'
2025-06-12 19:44:07.194 [Test worker] INFO  o.h.jpa.internal.util.LogHelper - HHH000204: Processing PersistenceUnitInfo [name: default]
2025-06-12 19:44:07.195 [Test worker] INFO  o.h.c.i.RegionFactoryInitiator - HHH000026: Second-level cache disabled
2025-06-12 19:44:07.199 [Test worker] INFO  o.s.o.j.p.SpringPersistenceUnitInfo - No LoadTimeWeaver setup: ignoring JPA class transformer
2025-06-12 19:44:07.199 [Test worker] INFO  o.hibernate.orm.connections.pooling - HHH10001005: Database info:
	Database JDBC URL [Connecting through datasource 'HikariDataSource (HikariPool-30)']
	Database driver: undefined/unknown
	Database version: 2.3.232
	Autocommit mode: undefined/unknown
	Isolation level: undefined/unknown
	Minimum pool size: undefined/unknown
	Maximum pool size: undefined/unknown
2025-06-12 19:44:07.241 [Test worker] INFO  o.h.e.t.j.p.i.JtaPlatformInitiator - HHH000489: No JTA platform available (set 'hibernate.transaction.jta.platform' to enable JTA platform integration)
2025-06-12 19:44:07.245 [Test worker] INFO  o.s.o.j.LocalContainerEntityManagerFactoryBean - Initialized JPA EntityManagerFactory for persistence unit 'default'
2025-06-12 19:44:07.306 [Test worker] WARN  o.s.b.a.o.j.JpaBaseConfiguration$JpaWebConfiguration - spring.jpa.open-in-view is enabled by default. Therefore, database queries may be performed during view rendering. Explicitly configure spring.jpa.open-in-view to disable this warning
2025-06-12 19:44:07.310 [Test worker] INFO  o.s.b.a.w.s.WelcomePageHandlerMapping - Adding welcome page template: index
2025-06-12 19:44:07.374 [Test worker] INFO  o.a.coyote.http11.Http11NioProtocol - Starting ProtocolHandler ["http-nio-8080"]
2025-06-12 19:44:07.375 [Test worker] INFO  o.s.b.w.e.tomcat.TomcatWebServer - Tomcat started on port 8080 (http) with context path '/'
2025-06-12 19:44:07.377 [Test worker] INFO  roomescape.api.ThemeApiTest - Started ThemeApiTest in 0.356 seconds (process running for 17.124)
2025-06-12 19:44:07.412 [Test worker] INFO  o.s.b.w.e.tomcat.GracefulShutdown - Commencing graceful shutdown. Waiting for active requests to complete
2025-06-12 19:44:07.412 [tomcat-shutdown] INFO  o.a.coyote.http11.Http11NioProtocol - Pausing ProtocolHandler ["http-nio-8080"]
2025-06-12 19:44:07.413 [tomcat-shutdown] INFO  o.s.b.w.e.tomcat.GracefulShutdown - Graceful shutdown complete
2025-06-12 19:44:07.413 [Test worker] INFO  o.a.coyote.http11.Http11NioProtocol - Stopping ProtocolHandler ["http-nio-8080"]
2025-06-12 19:44:07.415 [Test worker] INFO  o.s.o.j.LocalContainerEntityManagerFactoryBean - Closing JPA EntityManagerFactory for persistence unit 'default'
2025-06-12 19:44:07.416 [Test worker] INFO  com.zaxxer.hikari.HikariDataSource - HikariPool-30 - Shutdown initiated...
2025-06-12 19:44:07.451 [Test worker] INFO  com.zaxxer.hikari.HikariDataSource - HikariPool-30 - Shutdown completed.
2025-06-12 19:44:07.464 [Test worker] INFO  roomescape.api.ThemeApiTest - Starting ThemeApiTest using Java 21.0.4 with PID 72353 (started by yuseokhyeon in /Users/yuseokhyeon/woowa7/level2/spring-roomescape-payment)
2025-06-12 19:44:07.464 [Test worker] INFO  roomescape.api.ThemeApiTest - No active profile set, falling back to 1 default profile: "default"
2025-06-12 19:44:07.546 [Test worker] INFO  o.s.d.r.c.RepositoryConfigurationDelegate - Bootstrapping Spring Data JPA repositories in DEFAULT mode.
2025-06-12 19:44:07.553 [Test worker] INFO  o.s.d.r.c.RepositoryConfigurationDelegate - Finished Spring Data repository scanning in 6 ms. Found 6 JPA repository interfaces.
2025-06-12 19:44:07.589 [Test worker] INFO  o.s.b.w.e.tomcat.TomcatWebServer - Tomcat initialized with port 8080 (http)
2025-06-12 19:44:07.590 [Test worker] INFO  o.a.coyote.http11.Http11NioProtocol - Initializing ProtocolHandler ["http-nio-8080"]
2025-06-12 19:44:07.590 [Test worker] INFO  o.a.catalina.core.StandardService - Starting service [Tomcat]
2025-06-12 19:44:07.590 [Test worker] INFO  o.a.catalina.core.StandardEngine - Starting Servlet engine: [Apache Tomcat/10.1.33]
2025-06-12 19:44:07.597 [Test worker] INFO  o.a.c.c.C.[Tomcat-1].[localhost].[/] - Initializing Spring embedded WebApplicationContext
2025-06-12 19:44:07.597 [Test worker] INFO  o.s.b.w.s.c.ServletWebServerApplicationContext - Root WebApplicationContext: initialization completed in 133 ms
2025-06-12 19:44:07.604 [Test worker] INFO  com.zaxxer.hikari.HikariDataSource - HikariPool-31 - Starting...
2025-06-12 19:44:07.604 [Test worker] INFO  com.zaxxer.hikari.pool.HikariPool - HikariPool-31 - Added connection conn175: url=jdbc:h2:mem:database user=SA
2025-06-12 19:44:07.605 [Test worker] INFO  com.zaxxer.hikari.HikariDataSource - HikariPool-31 - Start completed.
2025-06-12 19:44:07.605 [Test worker] INFO  o.s.b.a.h.H2ConsoleAutoConfiguration - H2 console available at '/h2-console'. Database available at 'jdbc:h2:mem:database'
2025-06-12 19:44:07.618 [Test worker] INFO  o.h.jpa.internal.util.LogHelper - HHH000204: Processing PersistenceUnitInfo [name: default]
2025-06-12 19:44:07.619 [Test worker] INFO  o.h.c.i.RegionFactoryInitiator - HHH000026: Second-level cache disabled
2025-06-12 19:44:07.623 [Test worker] INFO  o.s.o.j.p.SpringPersistenceUnitInfo - No LoadTimeWeaver setup: ignoring JPA class transformer
2025-06-12 19:44:07.624 [Test worker] INFO  o.hibernate.orm.connections.pooling - HHH10001005: Database info:
	Database JDBC URL [Connecting through datasource 'HikariDataSource (HikariPool-31)']
	Database driver: undefined/unknown
	Database version: 2.3.232
	Autocommit mode: undefined/unknown
	Isolation level: undefined/unknown
	Minimum pool size: undefined/unknown
	Maximum pool size: undefined/unknown
2025-06-12 19:44:07.664 [Test worker] INFO  o.h.e.t.j.p.i.JtaPlatformInitiator - HHH000489: No JTA platform available (set 'hibernate.transaction.jta.platform' to enable JTA platform integration)
2025-06-12 19:44:07.668 [Test worker] INFO  o.s.o.j.LocalContainerEntityManagerFactoryBean - Initialized JPA EntityManagerFactory for persistence unit 'default'
2025-06-12 19:44:07.758 [Test worker] WARN  o.s.b.a.o.j.JpaBaseConfiguration$JpaWebConfiguration - spring.jpa.open-in-view is enabled by default. Therefore, database queries may be performed during view rendering. Explicitly configure spring.jpa.open-in-view to disable this warning
2025-06-12 19:44:07.763 [Test worker] INFO  o.s.b.a.w.s.WelcomePageHandlerMapping - Adding welcome page template: index
2025-06-12 19:44:07.828 [Test worker] INFO  o.a.coyote.http11.Http11NioProtocol - Starting ProtocolHandler ["http-nio-8080"]
2025-06-12 19:44:07.829 [Test worker] INFO  o.s.b.w.e.tomcat.TomcatWebServer - Tomcat started on port 8080 (http) with context path '/'
2025-06-12 19:44:07.830 [Test worker] INFO  roomescape.api.ThemeApiTest - Started ThemeApiTest in 0.377 seconds (process running for 17.578)
2025-06-12 19:44:07.909 [Test worker] INFO  o.s.b.w.e.tomcat.GracefulShutdown - Commencing graceful shutdown. Waiting for active requests to complete
2025-06-12 19:44:07.910 [tomcat-shutdown] INFO  o.a.coyote.http11.Http11NioProtocol - Pausing ProtocolHandler ["http-nio-8080"]
2025-06-12 19:44:07.911 [tomcat-shutdown] INFO  o.s.b.w.e.tomcat.GracefulShutdown - Graceful shutdown complete
2025-06-12 19:44:07.911 [Test worker] INFO  o.a.coyote.http11.Http11NioProtocol - Stopping ProtocolHandler ["http-nio-8080"]
2025-06-12 19:44:07.912 [Test worker] INFO  o.s.o.j.LocalContainerEntityManagerFactoryBean - Closing JPA EntityManagerFactory for persistence unit 'default'
2025-06-12 19:44:07.914 [Test worker] INFO  com.zaxxer.hikari.HikariDataSource - HikariPool-31 - Shutdown initiated...
2025-06-12 19:44:07.948 [Test worker] INFO  com.zaxxer.hikari.HikariDataSource - HikariPool-31 - Shutdown completed.
2025-06-12 19:44:07.962 [Test worker] INFO  roomescape.api.ThemeApiTest - Starting ThemeApiTest using Java 21.0.4 with PID 72353 (started by yuseokhyeon in /Users/yuseokhyeon/woowa7/level2/spring-roomescape-payment)
2025-06-12 19:44:07.962 [Test worker] INFO  roomescape.api.ThemeApiTest - No active profile set, falling back to 1 default profile: "default"
2025-06-12 19:44:08.048 [Test worker] INFO  o.s.d.r.c.RepositoryConfigurationDelegate - Bootstrapping Spring Data JPA repositories in DEFAULT mode.
2025-06-12 19:44:08.056 [Test worker] INFO  o.s.d.r.c.RepositoryConfigurationDelegate - Finished Spring Data repository scanning in 6 ms. Found 6 JPA repository interfaces.
2025-06-12 19:44:08.093 [Test worker] INFO  o.s.b.w.e.tomcat.TomcatWebServer - Tomcat initialized with port 8080 (http)
2025-06-12 19:44:08.094 [Test worker] INFO  o.a.coyote.http11.Http11NioProtocol - Initializing ProtocolHandler ["http-nio-8080"]
2025-06-12 19:44:08.094 [Test worker] INFO  o.a.catalina.core.StandardService - Starting service [Tomcat]
2025-06-12 19:44:08.094 [Test worker] INFO  o.a.catalina.core.StandardEngine - Starting Servlet engine: [Apache Tomcat/10.1.33]
2025-06-12 19:44:08.101 [Test worker] INFO  o.a.c.c.C.[Tomcat-1].[localhost].[/] - Initializing Spring embedded WebApplicationContext
2025-06-12 19:44:08.101 [Test worker] INFO  o.s.b.w.s.c.ServletWebServerApplicationContext - Root WebApplicationContext: initialization completed in 138 ms
2025-06-12 19:44:08.108 [Test worker] INFO  com.zaxxer.hikari.HikariDataSource - HikariPool-32 - Starting...
2025-06-12 19:44:08.108 [Test worker] INFO  com.zaxxer.hikari.pool.HikariPool - HikariPool-32 - Added connection conn183: url=jdbc:h2:mem:database user=SA
2025-06-12 19:44:08.108 [Test worker] INFO  com.zaxxer.hikari.HikariDataSource - HikariPool-32 - Start completed.
2025-06-12 19:44:08.108 [Test worker] INFO  o.s.b.a.h.H2ConsoleAutoConfiguration - H2 console available at '/h2-console'. Database available at 'jdbc:h2:mem:database'
2025-06-12 19:44:08.123 [Test worker] INFO  o.h.jpa.internal.util.LogHelper - HHH000204: Processing PersistenceUnitInfo [name: default]
2025-06-12 19:44:08.124 [Test worker] INFO  o.h.c.i.RegionFactoryInitiator - HHH000026: Second-level cache disabled
2025-06-12 19:44:08.128 [Test worker] INFO  o.s.o.j.p.SpringPersistenceUnitInfo - No LoadTimeWeaver setup: ignoring JPA class transformer
2025-06-12 19:44:08.129 [Test worker] INFO  o.hibernate.orm.connections.pooling - HHH10001005: Database info:
	Database JDBC URL [Connecting through datasource 'HikariDataSource (HikariPool-32)']
	Database driver: undefined/unknown
	Database version: 2.3.232
	Autocommit mode: undefined/unknown
	Isolation level: undefined/unknown
	Minimum pool size: undefined/unknown
	Maximum pool size: undefined/unknown
2025-06-12 19:44:08.171 [Test worker] INFO  o.h.e.t.j.p.i.JtaPlatformInitiator - HHH000489: No JTA platform available (set 'hibernate.transaction.jta.platform' to enable JTA platform integration)
2025-06-12 19:44:08.175 [Test worker] INFO  o.s.o.j.LocalContainerEntityManagerFactoryBean - Initialized JPA EntityManagerFactory for persistence unit 'default'
2025-06-12 19:44:08.241 [Test worker] WARN  o.s.b.a.o.j.JpaBaseConfiguration$JpaWebConfiguration - spring.jpa.open-in-view is enabled by default. Therefore, database queries may be performed during view rendering. Explicitly configure spring.jpa.open-in-view to disable this warning
2025-06-12 19:44:08.245 [Test worker] INFO  o.s.b.a.w.s.WelcomePageHandlerMapping - Adding welcome page template: index
2025-06-12 19:44:08.311 [Test worker] INFO  o.a.coyote.http11.Http11NioProtocol - Starting ProtocolHandler ["http-nio-8080"]
2025-06-12 19:44:08.312 [Test worker] INFO  o.s.b.w.e.tomcat.TomcatWebServer - Tomcat started on port 8080 (http) with context path '/'
2025-06-12 19:44:08.313 [Test worker] INFO  roomescape.api.ThemeApiTest - Started ThemeApiTest in 0.363 seconds (process running for 18.061)
2025-06-12 19:44:08.342 [Test worker] INFO  o.s.b.w.e.tomcat.GracefulShutdown - Commencing graceful shutdown. Waiting for active requests to complete
2025-06-12 19:44:08.342 [tomcat-shutdown] INFO  o.a.coyote.http11.Http11NioProtocol - Pausing ProtocolHandler ["http-nio-8080"]
2025-06-12 19:44:08.343 [tomcat-shutdown] INFO  o.s.b.w.e.tomcat.GracefulShutdown - Graceful shutdown complete
2025-06-12 19:44:08.343 [Test worker] INFO  o.a.coyote.http11.Http11NioProtocol - Stopping ProtocolHandler ["http-nio-8080"]
2025-06-12 19:44:08.344 [Test worker] INFO  o.s.o.j.LocalContainerEntityManagerFactoryBean - Closing JPA EntityManagerFactory for persistence unit 'default'
2025-06-12 19:44:08.345 [Test worker] INFO  com.zaxxer.hikari.HikariDataSource - HikariPool-32 - Shutdown initiated...
2025-06-12 19:44:08.348 [Test worker] INFO  com.zaxxer.hikari.HikariDataSource - HikariPool-32 - Shutdown completed.
2025-06-12 19:44:08.361 [Test worker] INFO  roomescape.api.ThemeApiTest - Starting ThemeApiTest using Java 21.0.4 with PID 72353 (started by yuseokhyeon in /Users/yuseokhyeon/woowa7/level2/spring-roomescape-payment)
2025-06-12 19:44:08.361 [Test worker] INFO  roomescape.api.ThemeApiTest - No active profile set, falling back to 1 default profile: "default"
2025-06-12 19:44:08.444 [Test worker] INFO  o.s.d.r.c.RepositoryConfigurationDelegate - Bootstrapping Spring Data JPA repositories in DEFAULT mode.
2025-06-12 19:44:08.451 [Test worker] INFO  o.s.d.r.c.RepositoryConfigurationDelegate - Finished Spring Data repository scanning in 6 ms. Found 6 JPA repository interfaces.
2025-06-12 19:44:08.492 [Test worker] INFO  o.s.b.w.e.tomcat.TomcatWebServer - Tomcat initialized with port 8080 (http)
2025-06-12 19:44:08.493 [Test worker] INFO  o.a.coyote.http11.Http11NioProtocol - Initializing ProtocolHandler ["http-nio-8080"]
2025-06-12 19:44:08.493 [Test worker] INFO  o.a.catalina.core.StandardService - Starting service [Tomcat]
2025-06-12 19:44:08.493 [Test worker] INFO  o.a.catalina.core.StandardEngine - Starting Servlet engine: [Apache Tomcat/10.1.33]
2025-06-12 19:44:08.500 [Test worker] INFO  o.a.c.c.C.[Tomcat-1].[localhost].[/] - Initializing Spring embedded WebApplicationContext
2025-06-12 19:44:08.500 [Test worker] INFO  o.s.b.w.s.c.ServletWebServerApplicationContext - Root WebApplicationContext: initialization completed in 138 ms
2025-06-12 19:44:08.509 [Test worker] INFO  com.zaxxer.hikari.HikariDataSource - HikariPool-33 - Starting...
2025-06-12 19:44:08.509 [Test worker] INFO  com.zaxxer.hikari.pool.HikariPool - HikariPool-33 - Added connection conn188: url=jdbc:h2:mem:database user=SA
2025-06-12 19:44:08.509 [Test worker] INFO  com.zaxxer.hikari.HikariDataSource - HikariPool-33 - Start completed.
2025-06-12 19:44:08.509 [Test worker] INFO  o.s.b.a.h.H2ConsoleAutoConfiguration - H2 console available at '/h2-console'. Database available at 'jdbc:h2:mem:database'
2025-06-12 19:44:08.538 [Test worker] INFO  o.h.jpa.internal.util.LogHelper - HHH000204: Processing PersistenceUnitInfo [name: default]
2025-06-12 19:44:08.540 [Test worker] INFO  o.h.c.i.RegionFactoryInitiator - HHH000026: Second-level cache disabled
2025-06-12 19:44:08.546 [Test worker] INFO  o.s.o.j.p.SpringPersistenceUnitInfo - No LoadTimeWeaver setup: ignoring JPA class transformer
2025-06-12 19:44:08.547 [Test worker] INFO  o.hibernate.orm.connections.pooling - HHH10001005: Database info:
	Database JDBC URL [Connecting through datasource 'HikariDataSource (HikariPool-33)']
	Database driver: undefined/unknown
	Database version: 2.3.232
	Autocommit mode: undefined/unknown
	Isolation level: undefined/unknown
	Minimum pool size: undefined/unknown
	Maximum pool size: undefined/unknown
2025-06-12 19:44:08.592 [Test worker] INFO  o.h.e.t.j.p.i.JtaPlatformInitiator - HHH000489: No JTA platform available (set 'hibernate.transaction.jta.platform' to enable JTA platform integration)
2025-06-12 19:44:08.596 [Test worker] INFO  o.s.o.j.LocalContainerEntityManagerFactoryBean - Initialized JPA EntityManagerFactory for persistence unit 'default'
2025-06-12 19:44:08.655 [Test worker] WARN  o.s.b.a.o.j.JpaBaseConfiguration$JpaWebConfiguration - spring.jpa.open-in-view is enabled by default. Therefore, database queries may be performed during view rendering. Explicitly configure spring.jpa.open-in-view to disable this warning
2025-06-12 19:44:08.659 [Test worker] INFO  o.s.b.a.w.s.WelcomePageHandlerMapping - Adding welcome page template: index
2025-06-12 19:44:08.723 [Test worker] INFO  o.a.coyote.http11.Http11NioProtocol - Starting ProtocolHandler ["http-nio-8080"]
2025-06-12 19:44:08.724 [Test worker] INFO  o.s.b.w.e.tomcat.TomcatWebServer - Tomcat started on port 8080 (http) with context path '/'
2025-06-12 19:44:08.726 [Test worker] INFO  roomescape.api.ThemeApiTest - Started ThemeApiTest in 0.376 seconds (process running for 18.473)
2025-06-12 19:44:08.739 [http-nio-auto-4-exec-8] INFO  r.presentation.ThemeController - 테마 생성: 테마 id = 1, 테마 이름 = 테마1
2025-06-12 19:44:08.751 [Test worker] INFO  o.s.b.w.e.tomcat.GracefulShutdown - Commencing graceful shutdown. Waiting for active requests to complete
2025-06-12 19:44:08.751 [tomcat-shutdown] INFO  o.a.coyote.http11.Http11NioProtocol - Pausing ProtocolHandler ["http-nio-8080"]
2025-06-12 19:44:08.753 [tomcat-shutdown] INFO  o.s.b.w.e.tomcat.GracefulShutdown - Graceful shutdown complete
2025-06-12 19:44:08.753 [Test worker] INFO  o.a.coyote.http11.Http11NioProtocol - Stopping ProtocolHandler ["http-nio-8080"]
2025-06-12 19:44:08.754 [Test worker] INFO  o.s.o.j.LocalContainerEntityManagerFactoryBean - Closing JPA EntityManagerFactory for persistence unit 'default'
2025-06-12 19:44:08.754 [Test worker] INFO  com.zaxxer.hikari.HikariDataSource - HikariPool-33 - Shutdown initiated...
2025-06-12 19:44:08.788 [Test worker] INFO  com.zaxxer.hikari.HikariDataSource - HikariPool-33 - Shutdown completed.
2025-06-12 19:44:08.803 [Test worker] INFO  roomescape.api.ThemeApiTest - Starting ThemeApiTest using Java 21.0.4 with PID 72353 (started by yuseokhyeon in /Users/yuseokhyeon/woowa7/level2/spring-roomescape-payment)
2025-06-12 19:44:08.803 [Test worker] INFO  roomescape.api.ThemeApiTest - No active profile set, falling back to 1 default profile: "default"
2025-06-12 19:44:08.881 [Test worker] INFO  o.s.d.r.c.RepositoryConfigurationDelegate - Bootstrapping Spring Data JPA repositories in DEFAULT mode.
2025-06-12 19:44:08.887 [Test worker] INFO  o.s.d.r.c.RepositoryConfigurationDelegate - Finished Spring Data repository scanning in 5 ms. Found 6 JPA repository interfaces.
2025-06-12 19:44:08.924 [Test worker] INFO  o.s.b.w.e.tomcat.TomcatWebServer - Tomcat initialized with port 8080 (http)
2025-06-12 19:44:08.925 [Test worker] INFO  o.a.coyote.http11.Http11NioProtocol - Initializing ProtocolHandler ["http-nio-8080"]
2025-06-12 19:44:08.925 [Test worker] INFO  o.a.catalina.core.StandardService - Starting service [Tomcat]
2025-06-12 19:44:08.925 [Test worker] INFO  o.a.catalina.core.StandardEngine - Starting Servlet engine: [Apache Tomcat/10.1.33]
2025-06-12 19:44:08.932 [Test worker] INFO  o.a.c.c.C.[Tomcat-1].[localhost].[/] - Initializing Spring embedded WebApplicationContext
2025-06-12 19:44:08.932 [Test worker] INFO  o.s.b.w.s.c.ServletWebServerApplicationContext - Root WebApplicationContext: initialization completed in 128 ms
2025-06-12 19:44:08.939 [Test worker] INFO  com.zaxxer.hikari.HikariDataSource - HikariPool-34 - Starting...
2025-06-12 19:44:08.939 [Test worker] INFO  com.zaxxer.hikari.pool.HikariPool - HikariPool-34 - Added connection conn194: url=jdbc:h2:mem:database user=SA
2025-06-12 19:44:08.939 [Test worker] INFO  com.zaxxer.hikari.HikariDataSource - HikariPool-34 - Start completed.
2025-06-12 19:44:08.940 [Test worker] INFO  o.s.b.a.h.H2ConsoleAutoConfiguration - H2 console available at '/h2-console'. Database available at 'jdbc:h2:mem:database'
2025-06-12 19:44:08.955 [Test worker] INFO  o.h.jpa.internal.util.LogHelper - HHH000204: Processing PersistenceUnitInfo [name: default]
2025-06-12 19:44:08.956 [Test worker] INFO  o.h.c.i.RegionFactoryInitiator - HHH000026: Second-level cache disabled
2025-06-12 19:44:08.959 [Test worker] INFO  o.s.o.j.p.SpringPersistenceUnitInfo - No LoadTimeWeaver setup: ignoring JPA class transformer
2025-06-12 19:44:08.960 [Test worker] INFO  o.hibernate.orm.connections.pooling - HHH10001005: Database info:
	Database JDBC URL [Connecting through datasource 'HikariDataSource (HikariPool-34)']
	Database driver: undefined/unknown
	Database version: 2.3.232
	Autocommit mode: undefined/unknown
	Isolation level: undefined/unknown
	Minimum pool size: undefined/unknown
	Maximum pool size: undefined/unknown
2025-06-12 19:44:08.998 [Test worker] INFO  o.h.e.t.j.p.i.JtaPlatformInitiator - HHH000489: No JTA platform available (set 'hibernate.transaction.jta.platform' to enable JTA platform integration)
2025-06-12 19:44:09.002 [Test worker] INFO  o.s.o.j.LocalContainerEntityManagerFactoryBean - Initialized JPA EntityManagerFactory for persistence unit 'default'
2025-06-12 19:44:09.071 [Test worker] WARN  o.s.b.a.o.j.JpaBaseConfiguration$JpaWebConfiguration - spring.jpa.open-in-view is enabled by default. Therefore, database queries may be performed during view rendering. Explicitly configure spring.jpa.open-in-view to disable this warning
2025-06-12 19:44:09.075 [Test worker] INFO  o.s.b.a.w.s.WelcomePageHandlerMapping - Adding welcome page template: index
2025-06-12 19:44:09.139 [Test worker] INFO  o.a.coyote.http11.Http11NioProtocol - Starting ProtocolHandler ["http-nio-8080"]
2025-06-12 19:44:09.140 [Test worker] INFO  o.s.b.w.e.tomcat.TomcatWebServer - Tomcat started on port 8080 (http) with context path '/'
2025-06-12 19:44:09.141 [Test worker] INFO  roomescape.api.ThemeApiTest - Started ThemeApiTest in 0.352 seconds (process running for 18.889)
2025-06-12 19:44:09.163 [Test worker] INFO  o.s.t.c.s.AnnotationConfigContextLoaderUtils - Could not detect default configuration classes for test class [roomescape.api.WaitingApiTest]: WaitingApiTest does not declare any static, non-private, non-final, nested classes annotated with @Configuration.
2025-06-12 19:44:09.165 [Test worker] INFO  o.s.b.t.c.SpringBootTestContextBootstrapper - Found @SpringBootConfiguration roomescape.RoomescapeApplication for test class roomescape.api.WaitingApiTest
2025-06-12 19:44:09.168 [Test worker] INFO  o.s.b.w.e.tomcat.GracefulShutdown - Commencing graceful shutdown. Waiting for active requests to complete
2025-06-12 19:44:09.168 [tomcat-shutdown] INFO  o.a.coyote.http11.Http11NioProtocol - Pausing ProtocolHandler ["http-nio-8080"]
2025-06-12 19:44:09.169 [tomcat-shutdown] INFO  o.s.b.w.e.tomcat.GracefulShutdown - Graceful shutdown complete
2025-06-12 19:44:09.169 [Test worker] INFO  o.a.coyote.http11.Http11NioProtocol - Stopping ProtocolHandler ["http-nio-8080"]
2025-06-12 19:44:09.170 [Test worker] INFO  o.s.o.j.LocalContainerEntityManagerFactoryBean - Closing JPA EntityManagerFactory for persistence unit 'default'
2025-06-12 19:44:09.171 [Test worker] INFO  com.zaxxer.hikari.HikariDataSource - HikariPool-34 - Shutdown initiated...
2025-06-12 19:44:09.180 [Test worker] INFO  com.zaxxer.hikari.HikariDataSource - HikariPool-34 - Shutdown completed.
2025-06-12 19:44:09.193 [Test worker] INFO  roomescape.api.WaitingApiTest - Starting WaitingApiTest using Java 21.0.4 with PID 72353 (started by yuseokhyeon in /Users/yuseokhyeon/woowa7/level2/spring-roomescape-payment)
2025-06-12 19:44:09.193 [Test worker] INFO  roomescape.api.WaitingApiTest - No active profile set, falling back to 1 default profile: "default"
2025-06-12 19:44:09.279 [Test worker] INFO  o.s.d.r.c.RepositoryConfigurationDelegate - Bootstrapping Spring Data JPA repositories in DEFAULT mode.
2025-06-12 19:44:09.286 [Test worker] INFO  o.s.d.r.c.RepositoryConfigurationDelegate - Finished Spring Data repository scanning in 6 ms. Found 6 JPA repository interfaces.
2025-06-12 19:44:09.340 [Test worker] INFO  o.s.b.w.e.tomcat.TomcatWebServer - Tomcat initialized with port 8080 (http)
2025-06-12 19:44:09.340 [Test worker] INFO  o.a.coyote.http11.Http11NioProtocol - Initializing ProtocolHandler ["http-nio-8080"]
2025-06-12 19:44:09.340 [Test worker] INFO  o.a.catalina.core.StandardService - Starting service [Tomcat]
2025-06-12 19:44:09.340 [Test worker] INFO  o.a.catalina.core.StandardEngine - Starting Servlet engine: [Apache Tomcat/10.1.33]
2025-06-12 19:44:09.347 [Test worker] INFO  o.a.c.c.C.[Tomcat-1].[localhost].[/] - Initializing Spring embedded WebApplicationContext
2025-06-12 19:44:09.347 [Test worker] INFO  o.s.b.w.s.c.ServletWebServerApplicationContext - Root WebApplicationContext: initialization completed in 153 ms
2025-06-12 19:44:09.354 [Test worker] INFO  com.zaxxer.hikari.HikariDataSource - HikariPool-35 - Starting...
2025-06-12 19:44:09.355 [Test worker] INFO  com.zaxxer.hikari.pool.HikariPool - HikariPool-35 - Added connection conn199: url=jdbc:h2:mem:database user=SA
2025-06-12 19:44:09.355 [Test worker] INFO  com.zaxxer.hikari.HikariDataSource - HikariPool-35 - Start completed.
2025-06-12 19:44:09.355 [Test worker] INFO  o.s.b.a.h.H2ConsoleAutoConfiguration - H2 console available at '/h2-console'. Database available at 'jdbc:h2:mem:database'
2025-06-12 19:44:09.370 [Test worker] INFO  o.h.jpa.internal.util.LogHelper - HHH000204: Processing PersistenceUnitInfo [name: default]
2025-06-12 19:44:09.371 [Test worker] INFO  o.h.c.i.RegionFactoryInitiator - HHH000026: Second-level cache disabled
2025-06-12 19:44:09.375 [Test worker] INFO  o.s.o.j.p.SpringPersistenceUnitInfo - No LoadTimeWeaver setup: ignoring JPA class transformer
2025-06-12 19:44:09.375 [Test worker] INFO  o.hibernate.orm.connections.pooling - HHH10001005: Database info:
	Database JDBC URL [Connecting through datasource 'HikariDataSource (HikariPool-35)']
	Database driver: undefined/unknown
	Database version: 2.3.232
	Autocommit mode: undefined/unknown
	Isolation level: undefined/unknown
	Minimum pool size: undefined/unknown
	Maximum pool size: undefined/unknown
2025-06-12 19:44:09.414 [Test worker] INFO  o.h.e.t.j.p.i.JtaPlatformInitiator - HHH000489: No JTA platform available (set 'hibernate.transaction.jta.platform' to enable JTA platform integration)
2025-06-12 19:44:09.418 [Test worker] INFO  o.s.o.j.LocalContainerEntityManagerFactoryBean - Initialized JPA EntityManagerFactory for persistence unit 'default'
2025-06-12 19:44:09.476 [Test worker] WARN  o.s.b.a.o.j.JpaBaseConfiguration$JpaWebConfiguration - spring.jpa.open-in-view is enabled by default. Therefore, database queries may be performed during view rendering. Explicitly configure spring.jpa.open-in-view to disable this warning
2025-06-12 19:44:09.480 [Test worker] INFO  o.s.b.a.w.s.WelcomePageHandlerMapping - Adding welcome page template: index
2025-06-12 19:44:09.546 [Test worker] INFO  o.a.coyote.http11.Http11NioProtocol - Starting ProtocolHandler ["http-nio-8080"]
2025-06-12 19:44:09.547 [Test worker] INFO  o.s.b.w.e.tomcat.TomcatWebServer - Tomcat started on port 8080 (http) with context path '/'
2025-06-12 19:44:09.549 [Test worker] INFO  roomescape.api.WaitingApiTest - Started WaitingApiTest in 0.367 seconds (process running for 19.296)
2025-06-12 19:44:09.571 [Test worker] INFO  o.s.b.w.e.tomcat.GracefulShutdown - Commencing graceful shutdown. Waiting for active requests to complete
2025-06-12 19:44:09.571 [tomcat-shutdown] INFO  o.a.coyote.http11.Http11NioProtocol - Pausing ProtocolHandler ["http-nio-8080"]
2025-06-12 19:44:09.572 [tomcat-shutdown] INFO  o.s.b.w.e.tomcat.GracefulShutdown - Graceful shutdown complete
2025-06-12 19:44:09.572 [Test worker] INFO  o.a.coyote.http11.Http11NioProtocol - Stopping ProtocolHandler ["http-nio-8080"]
2025-06-12 19:44:09.573 [Test worker] INFO  o.s.o.j.LocalContainerEntityManagerFactoryBean - Closing JPA EntityManagerFactory for persistence unit 'default'
2025-06-12 19:44:09.574 [Test worker] INFO  com.zaxxer.hikari.HikariDataSource - HikariPool-35 - Shutdown initiated...
2025-06-12 19:44:09.598 [Test worker] INFO  com.zaxxer.hikari.HikariDataSource - HikariPool-35 - Shutdown completed.
2025-06-12 19:44:09.611 [Test worker] INFO  roomescape.api.WaitingApiTest - Starting WaitingApiTest using Java 21.0.4 with PID 72353 (started by yuseokhyeon in /Users/yuseokhyeon/woowa7/level2/spring-roomescape-payment)
2025-06-12 19:44:09.611 [Test worker] INFO  roomescape.api.WaitingApiTest - No active profile set, falling back to 1 default profile: "default"
2025-06-12 19:44:09.689 [Test worker] INFO  o.s.d.r.c.RepositoryConfigurationDelegate - Bootstrapping Spring Data JPA repositories in DEFAULT mode.
2025-06-12 19:44:09.695 [Test worker] INFO  o.s.d.r.c.RepositoryConfigurationDelegate - Finished Spring Data repository scanning in 5 ms. Found 6 JPA repository interfaces.
2025-06-12 19:44:09.730 [Test worker] INFO  o.s.b.w.e.tomcat.TomcatWebServer - Tomcat initialized with port 8080 (http)
2025-06-12 19:44:09.731 [Test worker] INFO  o.a.coyote.http11.Http11NioProtocol - Initializing ProtocolHandler ["http-nio-8080"]
2025-06-12 19:44:09.731 [Test worker] INFO  o.a.catalina.core.StandardService - Starting service [Tomcat]
2025-06-12 19:44:09.731 [Test worker] INFO  o.a.catalina.core.StandardEngine - Starting Servlet engine: [Apache Tomcat/10.1.33]
2025-06-12 19:44:09.737 [Test worker] INFO  o.a.c.c.C.[Tomcat-1].[localhost].[/] - Initializing Spring embedded WebApplicationContext
2025-06-12 19:44:09.737 [Test worker] INFO  o.s.b.w.s.c.ServletWebServerApplicationContext - Root WebApplicationContext: initialization completed in 126 ms
2025-06-12 19:44:09.744 [Test worker] INFO  com.zaxxer.hikari.HikariDataSource - HikariPool-36 - Starting...
2025-06-12 19:44:09.745 [Test worker] INFO  com.zaxxer.hikari.pool.HikariPool - HikariPool-36 - Added connection conn204: url=jdbc:h2:mem:database user=SA
2025-06-12 19:44:09.745 [Test worker] INFO  com.zaxxer.hikari.HikariDataSource - HikariPool-36 - Start completed.
2025-06-12 19:44:09.745 [Test worker] INFO  o.s.b.a.h.H2ConsoleAutoConfiguration - H2 console available at '/h2-console'. Database available at 'jdbc:h2:mem:database'
2025-06-12 19:44:09.763 [Test worker] INFO  o.h.jpa.internal.util.LogHelper - HHH000204: Processing PersistenceUnitInfo [name: default]
2025-06-12 19:44:09.764 [Test worker] INFO  o.h.c.i.RegionFactoryInitiator - HHH000026: Second-level cache disabled
2025-06-12 19:44:09.767 [Test worker] INFO  o.s.o.j.p.SpringPersistenceUnitInfo - No LoadTimeWeaver setup: ignoring JPA class transformer
2025-06-12 19:44:09.768 [Test worker] INFO  o.hibernate.orm.connections.pooling - HHH10001005: Database info:
	Database JDBC URL [Connecting through datasource 'HikariDataSource (HikariPool-36)']
	Database driver: undefined/unknown
	Database version: 2.3.232
	Autocommit mode: undefined/unknown
	Isolation level: undefined/unknown
	Minimum pool size: undefined/unknown
	Maximum pool size: undefined/unknown
2025-06-12 19:44:09.806 [Test worker] INFO  o.h.e.t.j.p.i.JtaPlatformInitiator - HHH000489: No JTA platform available (set 'hibernate.transaction.jta.platform' to enable JTA platform integration)
2025-06-12 19:44:09.810 [Test worker] INFO  o.s.o.j.LocalContainerEntityManagerFactoryBean - Initialized JPA EntityManagerFactory for persistence unit 'default'
2025-06-12 19:44:09.864 [Test worker] WARN  o.s.b.a.o.j.JpaBaseConfiguration$JpaWebConfiguration - spring.jpa.open-in-view is enabled by default. Therefore, database queries may be performed during view rendering. Explicitly configure spring.jpa.open-in-view to disable this warning
2025-06-12 19:44:09.868 [Test worker] INFO  o.s.b.a.w.s.WelcomePageHandlerMapping - Adding welcome page template: index
2025-06-12 19:44:09.929 [Test worker] INFO  o.a.coyote.http11.Http11NioProtocol - Starting ProtocolHandler ["http-nio-8080"]
2025-06-12 19:44:09.930 [Test worker] INFO  o.s.b.w.e.tomcat.TomcatWebServer - Tomcat started on port 8080 (http) with context path '/'
2025-06-12 19:44:09.932 [Test worker] INFO  roomescape.api.WaitingApiTest - Started WaitingApiTest in 0.332 seconds (process running for 19.679)
2025-06-12 19:44:09.949 [Test worker] INFO  o.s.b.w.e.tomcat.GracefulShutdown - Commencing graceful shutdown. Waiting for active requests to complete
2025-06-12 19:44:09.950 [tomcat-shutdown] INFO  o.a.coyote.http11.Http11NioProtocol - Pausing ProtocolHandler ["http-nio-8080"]
2025-06-12 19:44:09.950 [tomcat-shutdown] INFO  o.s.b.w.e.tomcat.GracefulShutdown - Graceful shutdown complete
2025-06-12 19:44:09.951 [Test worker] INFO  o.a.coyote.http11.Http11NioProtocol - Stopping ProtocolHandler ["http-nio-8080"]
2025-06-12 19:44:09.952 [Test worker] INFO  o.s.o.j.LocalContainerEntityManagerFactoryBean - Closing JPA EntityManagerFactory for persistence unit 'default'
2025-06-12 19:44:09.953 [Test worker] INFO  com.zaxxer.hikari.HikariDataSource - HikariPool-36 - Shutdown initiated...
2025-06-12 19:44:09.985 [Test worker] INFO  com.zaxxer.hikari.HikariDataSource - HikariPool-36 - Shutdown completed.
2025-06-12 19:44:09.997 [Test worker] INFO  roomescape.api.WaitingApiTest - Starting WaitingApiTest using Java 21.0.4 with PID 72353 (started by yuseokhyeon in /Users/yuseokhyeon/woowa7/level2/spring-roomescape-payment)
2025-06-12 19:44:09.998 [Test worker] INFO  roomescape.api.WaitingApiTest - No active profile set, falling back to 1 default profile: "default"
2025-06-12 19:44:10.094 [Test worker] INFO  o.s.d.r.c.RepositoryConfigurationDelegate - Bootstrapping Spring Data JPA repositories in DEFAULT mode.
2025-06-12 19:44:10.100 [Test worker] INFO  o.s.d.r.c.RepositoryConfigurationDelegate - Finished Spring Data repository scanning in 6 ms. Found 6 JPA repository interfaces.
2025-06-12 19:44:10.126 [Test worker] INFO  o.s.b.w.e.tomcat.TomcatWebServer - Tomcat initialized with port 8080 (http)
2025-06-12 19:44:10.127 [Test worker] INFO  o.a.coyote.http11.Http11NioProtocol - Initializing ProtocolHandler ["http-nio-8080"]
2025-06-12 19:44:10.127 [Test worker] INFO  o.a.catalina.core.StandardService - Starting service [Tomcat]
2025-06-12 19:44:10.127 [Test worker] INFO  o.a.catalina.core.StandardEngine - Starting Servlet engine: [Apache Tomcat/10.1.33]
2025-06-12 19:44:10.133 [Test worker] INFO  o.a.c.c.C.[Tomcat-1].[localhost].[/] - Initializing Spring embedded WebApplicationContext
2025-06-12 19:44:10.133 [Test worker] INFO  o.s.b.w.s.c.ServletWebServerApplicationContext - Root WebApplicationContext: initialization completed in 135 ms
2025-06-12 19:44:10.137 [Test worker] INFO  com.zaxxer.hikari.HikariDataSource - HikariPool-37 - Starting...
2025-06-12 19:44:10.138 [Test worker] INFO  com.zaxxer.hikari.pool.HikariPool - HikariPool-37 - Added connection conn209: url=jdbc:h2:mem:database user=SA
2025-06-12 19:44:10.138 [Test worker] INFO  com.zaxxer.hikari.HikariDataSource - HikariPool-37 - Start completed.
2025-06-12 19:44:10.138 [Test worker] INFO  o.s.b.a.h.H2ConsoleAutoConfiguration - H2 console available at '/h2-console'. Database available at 'jdbc:h2:mem:database'
2025-06-12 19:44:10.148 [Test worker] INFO  o.h.jpa.internal.util.LogHelper - HHH000204: Processing PersistenceUnitInfo [name: default]
2025-06-12 19:44:10.149 [Test worker] INFO  o.h.c.i.RegionFactoryInitiator - HHH000026: Second-level cache disabled
2025-06-12 19:44:10.153 [Test worker] INFO  o.s.o.j.p.SpringPersistenceUnitInfo - No LoadTimeWeaver setup: ignoring JPA class transformer
2025-06-12 19:44:10.154 [Test worker] INFO  o.hibernate.orm.connections.pooling - HHH10001005: Database info:
	Database JDBC URL [Connecting through datasource 'HikariDataSource (HikariPool-37)']
	Database driver: undefined/unknown
	Database version: 2.3.232
	Autocommit mode: undefined/unknown
	Isolation level: undefined/unknown
	Minimum pool size: undefined/unknown
	Maximum pool size: undefined/unknown
2025-06-12 19:44:10.190 [Test worker] INFO  o.h.e.t.j.p.i.JtaPlatformInitiator - HHH000489: No JTA platform available (set 'hibernate.transaction.jta.platform' to enable JTA platform integration)
2025-06-12 19:44:10.193 [Test worker] INFO  o.s.o.j.LocalContainerEntityManagerFactoryBean - Initialized JPA EntityManagerFactory for persistence unit 'default'
2025-06-12 19:44:10.242 [Test worker] WARN  o.s.b.a.o.j.JpaBaseConfiguration$JpaWebConfiguration - spring.jpa.open-in-view is enabled by default. Therefore, database queries may be performed during view rendering. Explicitly configure spring.jpa.open-in-view to disable this warning
2025-06-12 19:44:10.245 [Test worker] INFO  o.s.b.a.w.s.WelcomePageHandlerMapping - Adding welcome page template: index
2025-06-12 19:44:10.288 [Test worker] INFO  o.a.coyote.http11.Http11NioProtocol - Starting ProtocolHandler ["http-nio-8080"]
2025-06-12 19:44:10.289 [Test worker] INFO  o.s.b.w.e.tomcat.TomcatWebServer - Tomcat started on port 8080 (http) with context path '/'
2025-06-12 19:44:10.290 [Test worker] INFO  roomescape.api.WaitingApiTest - Started WaitingApiTest in 0.303 seconds (process running for 20.038)
2025-06-12 19:44:10.307 [http-nio-auto-4-exec-5] INFO  r.presentation.WaitingController - 예약 대기 생성 완료: 예약 대기 Id=1, 회원 Id=1, 테마 Id=1, 시간 Id=1, 날짜=2026-08-05
2025-06-12 19:44:10.574 [Test worker] INFO  o.s.t.c.s.AnnotationConfigContextLoaderUtils - Could not detect default configuration classes for test class [roomescape.unit.infrastructure.MemberRepositoryAdapterTest]: MemberRepositoryAdapterTest does not declare any static, non-private, non-final, nested classes annotated with @Configuration.
2025-06-12 19:44:10.589 [Test worker] INFO  o.s.b.t.c.SpringBootTestContextBootstrapper - Found @SpringBootConfiguration roomescape.RoomescapeApplication for test class roomescape.unit.infrastructure.MemberRepositoryAdapterTest
2025-06-12 19:44:10.599 [Test worker] INFO  r.u.i.MemberRepositoryAdapterTest - Starting MemberRepositoryAdapterTest using Java 21.0.4 with PID 72353 (started by yuseokhyeon in /Users/yuseokhyeon/woowa7/level2/spring-roomescape-payment)
2025-06-12 19:44:10.599 [Test worker] INFO  r.u.i.MemberRepositoryAdapterTest - No active profile set, falling back to 1 default profile: "default"
2025-06-12 19:44:10.634 [Test worker] INFO  o.s.d.r.c.RepositoryConfigurationDelegate - Bootstrapping Spring Data JPA repositories in DEFAULT mode.
2025-06-12 19:44:10.641 [Test worker] INFO  o.s.d.r.c.RepositoryConfigurationDelegate - Finished Spring Data repository scanning in 6 ms. Found 6 JPA repository interfaces.
2025-06-12 19:44:10.647 [Test worker] INFO  o.s.b.t.a.j.TestDatabaseAutoConfiguration$EmbeddedDataSourceBeanFactoryPostProcessor - Replacing 'dataSource' DataSource bean with embedded version
2025-06-12 19:44:10.660 [Test worker] INFO  o.s.j.d.e.EmbeddedDatabaseFactory - Starting embedded database: url='jdbc:h2:mem:c305ca89-cb86-490c-9814-aa1a86170d62;DB_CLOSE_DELAY=-1;DB_CLOSE_ON_EXIT=false', username='sa'
2025-06-12 19:44:10.669 [Test worker] INFO  o.h.jpa.internal.util.LogHelper - HHH000204: Processing PersistenceUnitInfo [name: default]
2025-06-12 19:44:10.670 [Test worker] INFO  o.h.c.i.RegionFactoryInitiator - HHH000026: Second-level cache disabled
2025-06-12 19:44:10.673 [Test worker] INFO  o.s.o.j.p.SpringPersistenceUnitInfo - No LoadTimeWeaver setup: ignoring JPA class transformer
2025-06-12 19:44:10.675 [Test worker] INFO  o.hibernate.orm.connections.pooling - HHH10001005: Database info:
	Database JDBC URL [Connecting through datasource 'org.springframework.jdbc.datasource.embedded.EmbeddedDatabaseFactory$EmbeddedDataSourceProxy@48ea4220']
	Database driver: undefined/unknown
	Database version: 2.3.232
	Autocommit mode: undefined/unknown
	Isolation level: undefined/unknown
	Minimum pool size: undefined/unknown
	Maximum pool size: undefined/unknown
2025-06-12 19:44:10.707 [Test worker] INFO  o.h.e.t.j.p.i.JtaPlatformInitiator - HHH000489: No JTA platform available (set 'hibernate.transaction.jta.platform' to enable JTA platform integration)
2025-06-12 19:44:10.716 [Test worker] INFO  o.s.o.j.LocalContainerEntityManagerFactoryBean - Initialized JPA EntityManagerFactory for persistence unit 'default'
2025-06-12 19:44:10.766 [Test worker] INFO  r.u.i.MemberRepositoryAdapterTest - Started MemberRepositoryAdapterTest in 0.176 seconds (process running for 20.513)
2025-06-12 19:44:10.793 [Test worker] INFO  o.s.t.c.s.AnnotationConfigContextLoaderUtils - Could not detect default configuration classes for test class [roomescape.unit.infrastructure.ReservationRepositoryAdaptorTest]: ReservationRepositoryAdaptorTest does not declare any static, non-private, non-final, nested classes annotated with @Configuration.
2025-06-12 19:44:10.797 [Test worker] INFO  o.s.b.t.c.SpringBootTestContextBootstrapper - Found @SpringBootConfiguration roomescape.RoomescapeApplication for test class roomescape.unit.infrastructure.ReservationRepositoryAdaptorTest
2025-06-12 19:44:10.927 [Test worker] INFO  o.s.t.c.s.AnnotationConfigContextLoaderUtils - Could not detect default configuration classes for test class [roomescape.unit.infrastructure.ReservationTimeRepositoryAdaptorTest]: ReservationTimeRepositoryAdaptorTest does not declare any static, non-private, non-final, nested classes annotated with @Configuration.
2025-06-12 19:44:10.930 [Test worker] INFO  o.s.b.t.c.SpringBootTestContextBootstrapper - Found @SpringBootConfiguration roomescape.RoomescapeApplication for test class roomescape.unit.infrastructure.ReservationTimeRepositoryAdaptorTest
2025-06-12 19:44:10.955 [Test worker] INFO  o.s.t.c.s.AnnotationConfigContextLoaderUtils - Could not detect default configuration classes for test class [roomescape.unit.infrastructure.ThemeRepositoryAdaptorTest]: ThemeRepositoryAdaptorTest does not declare any static, non-private, non-final, nested classes annotated with @Configuration.
2025-06-12 19:44:10.958 [Test worker] INFO  o.s.b.t.c.SpringBootTestContextBootstrapper - Found @SpringBootConfiguration roomescape.RoomescapeApplication for test class roomescape.unit.infrastructure.ThemeRepositoryAdaptorTest
2025-06-12 19:44:10.987 [Test worker] INFO  o.s.t.c.s.AnnotationConfigContextLoaderUtils - Could not detect default configuration classes for test class [roomescape.unit.infrastructure.WaitingRepositoryAdaptorTest]: WaitingRepositoryAdaptorTest does not declare any static, non-private, non-final, nested classes annotated with @Configuration.
2025-06-12 19:44:10.990 [Test worker] INFO  o.s.b.t.c.SpringBootTestContextBootstrapper - Found @SpringBootConfiguration roomescape.RoomescapeApplication for test class roomescape.unit.infrastructure.WaitingRepositoryAdaptorTest
2025-06-12 19:44:11.079 [Test worker] INFO  o.s.t.c.s.AnnotationConfigContextLoaderUtils - Could not detect default configuration classes for test class [roomescape.unit.presentation.AdminControllerTest]: AdminControllerTest does not declare any static, non-private, non-final, nested classes annotated with @Configuration.
2025-06-12 19:44:11.089 [Test worker] INFO  o.s.b.t.c.SpringBootTestContextBootstrapper - Found @SpringBootConfiguration roomescape.RoomescapeApplication for test class roomescape.unit.presentation.AdminControllerTest
2025-06-12 19:44:11.100 [Test worker] INFO  r.u.presentation.AdminControllerTest - Starting AdminControllerTest using Java 21.0.4 with PID 72353 (started by yuseokhyeon in /Users/yuseokhyeon/woowa7/level2/spring-roomescape-payment)
2025-06-12 19:44:11.100 [Test worker] INFO  r.u.presentation.AdminControllerTest - No active profile set, falling back to 1 default profile: "default"
2025-06-12 19:44:11.276 [Test worker] INFO  o.s.b.a.w.s.WelcomePageHandlerMapping - Adding welcome page template: index
2025-06-12 19:44:11.297 [Test worker] INFO  o.s.b.t.m.w.SpringBootMockServletContext - Initializing Spring TestDispatcherServlet ''
2025-06-12 19:44:11.297 [Test worker] INFO  o.s.t.w.s.TestDispatcherServlet - Initializing Servlet ''
2025-06-12 19:44:11.297 [Test worker] INFO  o.s.t.w.s.TestDispatcherServlet - Completed initialization in 0 ms
2025-06-12 19:44:11.303 [Test worker] INFO  r.u.presentation.AdminControllerTest - Started AdminControllerTest in 0.21 seconds (process running for 21.051)
2025-06-12 19:44:11.318 [Test worker] INFO  r.presentation.AdminController - 관리자 예약 생성: 테마ID = 1, 날짜 = 2025-01-01, 시간ID = 1
2025-06-12 19:44:11.334 [Test worker] INFO  o.s.t.c.s.AnnotationConfigContextLoaderUtils - Could not detect default configuration classes for test class [roomescape.unit.presentation.AuthControllerTest]: AuthControllerTest does not declare any static, non-private, non-final, nested classes annotated with @Configuration.
2025-06-12 19:44:11.337 [Test worker] INFO  o.s.b.t.c.SpringBootTestContextBootstrapper - Found @SpringBootConfiguration roomescape.RoomescapeApplication for test class roomescape.unit.presentation.AuthControllerTest
2025-06-12 19:44:11.344 [Test worker] INFO  r.u.presentation.AuthControllerTest - Starting AuthControllerTest using Java 21.0.4 with PID 72353 (started by yuseokhyeon in /Users/yuseokhyeon/woowa7/level2/spring-roomescape-payment)
2025-06-12 19:44:11.344 [Test worker] INFO  r.u.presentation.AuthControllerTest - No active profile set, falling back to 1 default profile: "default"
2025-06-12 19:44:11.432 [Test worker] INFO  o.s.b.a.w.s.WelcomePageHandlerMapping - Adding welcome page template: index
2025-06-12 19:44:11.444 [Test worker] INFO  o.s.b.t.m.w.SpringBootMockServletContext - Initializing Spring TestDispatcherServlet ''
2025-06-12 19:44:11.444 [Test worker] INFO  o.s.t.w.s.TestDispatcherServlet - Initializing Servlet ''
2025-06-12 19:44:11.444 [Test worker] INFO  o.s.t.w.s.TestDispatcherServlet - Completed initialization in 0 ms
2025-06-12 19:44:11.446 [Test worker] INFO  r.u.presentation.AuthControllerTest - Started AuthControllerTest in 0.107 seconds (process running for 21.193)
2025-06-12 19:44:11.457 [Test worker] INFO  r.presentation.AuthController - 유저 로그인: email=email@domain.com
2025-06-12 19:44:11.467 [Test worker] WARN  r.exception.GlobalExceptionHandler - 권한 없음: message = 유효하지 않은 토큰입니다., status = 401 UNAUTHORIZED
2025-06-12 19:44:11.471 [Test worker] INFO  o.s.t.c.s.AnnotationConfigContextLoaderUtils - Could not detect default configuration classes for test class [roomescape.unit.presentation.MemberControllerTest]: MemberControllerTest does not declare any static, non-private, non-final, nested classes annotated with @Configuration.
2025-06-12 19:44:11.474 [Test worker] INFO  o.s.b.t.c.SpringBootTestContextBootstrapper - Found @SpringBootConfiguration roomescape.RoomescapeApplication for test class roomescape.unit.presentation.MemberControllerTest
2025-06-12 19:44:11.480 [Test worker] INFO  r.u.p.MemberControllerTest - Starting MemberControllerTest using Java 21.0.4 with PID 72353 (started by yuseokhyeon in /Users/yuseokhyeon/woowa7/level2/spring-roomescape-payment)
2025-06-12 19:44:11.480 [Test worker] INFO  r.u.p.MemberControllerTest - No active profile set, falling back to 1 default profile: "default"
2025-06-12 19:44:11.621 [Test worker] INFO  o.s.b.a.w.s.WelcomePageHandlerMapping - Adding welcome page template: index
2025-06-12 19:44:11.633 [Test worker] INFO  o.s.b.t.m.w.SpringBootMockServletContext - Initializing Spring TestDispatcherServlet ''
2025-06-12 19:44:11.633 [Test worker] INFO  o.s.t.w.s.TestDispatcherServlet - Initializing Servlet ''
2025-06-12 19:44:11.634 [Test worker] INFO  o.s.t.w.s.TestDispatcherServlet - Completed initialization in 1 ms
2025-06-12 19:44:11.635 [Test worker] INFO  r.u.p.MemberControllerTest - Started MemberControllerTest in 0.16 seconds (process running for 21.383)
2025-06-12 19:44:11.646 [Test worker] INFO  r.presentation.MemberController - 회원 가입 완료: username=name1, id=1
2025-06-12 19:44:11.690 [Test worker] INFO  o.s.t.c.s.AnnotationConfigContextLoaderUtils - Could not detect default configuration classes for test class [roomescape.unit.presentation.ReservationControllerTest]: ReservationControllerTest does not declare any static, non-private, non-final, nested classes annotated with @Configuration.
2025-06-12 19:44:11.693 [Test worker] INFO  o.s.b.t.c.SpringBootTestContextBootstrapper - Found @SpringBootConfiguration roomescape.RoomescapeApplication for test class roomescape.unit.presentation.ReservationControllerTest
2025-06-12 19:44:11.701 [Test worker] INFO  r.u.p.ReservationControllerTest - Starting ReservationControllerTest using Java 21.0.4 with PID 72353 (started by yuseokhyeon in /Users/yuseokhyeon/woowa7/level2/spring-roomescape-payment)
2025-06-12 19:44:11.701 [Test worker] INFO  r.u.p.ReservationControllerTest - No active profile set, falling back to 1 default profile: "default"
2025-06-12 19:44:11.823 [Test worker] INFO  o.s.b.a.w.s.WelcomePageHandlerMapping - Adding welcome page template: index
2025-06-12 19:44:11.836 [Test worker] INFO  o.s.b.t.m.w.SpringBootMockServletContext - Initializing Spring TestDispatcherServlet ''
2025-06-12 19:44:11.836 [Test worker] INFO  o.s.t.w.s.TestDispatcherServlet - Initializing Servlet ''
2025-06-12 19:44:11.836 [Test worker] INFO  o.s.t.w.s.TestDispatcherServlet - Completed initialization in 0 ms
2025-06-12 19:44:11.838 [Test worker] INFO  r.u.p.ReservationControllerTest - Started ReservationControllerTest in 0.144 seconds (process running for 21.585)
2025-06-12 19:44:11.845 [Test worker] INFO  r.presentation.ReservationController - 회원 예약 생성: 회원ID = 1, 테마ID = 1, 날짜 = 2025-01-01, 시간ID = 1, 금액 = 1000
2025-06-12 19:44:11.864 [Test worker] INFO  o.s.t.c.s.AnnotationConfigContextLoaderUtils - Could not detect default configuration classes for test class [roomescape.unit.presentation.ReservationTimeControllerTest]: ReservationTimeControllerTest does not declare any static, non-private, non-final, nested classes annotated with @Configuration.
2025-06-12 19:44:11.867 [Test worker] INFO  o.s.b.t.c.SpringBootTestContextBootstrapper - Found @SpringBootConfiguration roomescape.RoomescapeApplication for test class roomescape.unit.presentation.ReservationTimeControllerTest
2025-06-12 19:44:11.876 [Test worker] INFO  r.u.p.ReservationTimeControllerTest - Starting ReservationTimeControllerTest using Java 21.0.4 with PID 72353 (started by yuseokhyeon in /Users/yuseokhyeon/woowa7/level2/spring-roomescape-payment)
2025-06-12 19:44:11.876 [Test worker] INFO  r.u.p.ReservationTimeControllerTest - No active profile set, falling back to 1 default profile: "default"
2025-06-12 19:44:11.995 [Test worker] INFO  o.s.b.a.w.s.WelcomePageHandlerMapping - Adding welcome page template: index
2025-06-12 19:44:12.008 [Test worker] INFO  o.s.b.t.m.w.SpringBootMockServletContext - Initializing Spring TestDispatcherServlet ''
2025-06-12 19:44:12.008 [Test worker] INFO  o.s.t.w.s.TestDispatcherServlet - Initializing Servlet ''
2025-06-12 19:44:12.008 [Test worker] INFO  o.s.t.w.s.TestDispatcherServlet - Completed initialization in 0 ms
2025-06-12 19:44:12.010 [Test worker] INFO  r.u.p.ReservationTimeControllerTest - Started ReservationTimeControllerTest in 0.141 seconds (process running for 21.758)
2025-06-12 19:44:12.016 [Test worker] INFO  r.p.ReservationTimeController - 예약 시간 생성: 예약시간 id = 1, 시작시간 = 09:00
2025-06-12 19:44:12.025 [Test worker] INFO  o.s.t.c.s.AnnotationConfigContextLoaderUtils - Could not detect default configuration classes for test class [roomescape.unit.presentation.ThemeControllerTest]: ThemeControllerTest does not declare any static, non-private, non-final, nested classes annotated with @Configuration.
2025-06-12 19:44:12.028 [Test worker] INFO  o.s.b.t.c.SpringBootTestContextBootstrapper - Found @SpringBootConfiguration roomescape.RoomescapeApplication for test class roomescape.unit.presentation.ThemeControllerTest
2025-06-12 19:44:12.035 [Test worker] INFO  r.u.presentation.ThemeControllerTest - Starting ThemeControllerTest using Java 21.0.4 with PID 72353 (started by yuseokhyeon in /Users/yuseokhyeon/woowa7/level2/spring-roomescape-payment)
2025-06-12 19:44:12.035 [Test worker] INFO  r.u.presentation.ThemeControllerTest - No active profile set, falling back to 1 default profile: "default"
2025-06-12 19:44:12.128 [Test worker] INFO  o.s.b.a.w.s.WelcomePageHandlerMapping - Adding welcome page template: index
2025-06-12 19:44:12.145 [Test worker] INFO  o.s.b.t.m.w.SpringBootMockServletContext - Initializing Spring TestDispatcherServlet ''
2025-06-12 19:44:12.145 [Test worker] INFO  o.s.t.w.s.TestDispatcherServlet - Initializing Servlet ''
2025-06-12 19:44:12.146 [Test worker] INFO  o.s.t.w.s.TestDispatcherServlet - Completed initialization in 1 ms
2025-06-12 19:44:12.147 [Test worker] INFO  r.u.presentation.ThemeControllerTest - Started ThemeControllerTest in 0.118 seconds (process running for 21.895)
2025-06-12 19:44:12.153 [Test worker] INFO  r.presentation.ThemeController - 테마 생성: 테마 id = 1, 테마 이름 = theme1
2025-06-12 19:44:12.261 [SpringApplicationShutdownHook] INFO  o.s.b.w.e.tomcat.GracefulShutdown - Commencing graceful shutdown. Waiting for active requests to complete
2025-06-12 19:44:12.262 [tomcat-shutdown] INFO  o.s.b.w.e.tomcat.GracefulShutdown - Graceful shutdown complete
2025-06-12 19:44:12.263 [SpringApplicationShutdownHook] INFO  o.s.o.j.LocalContainerEntityManagerFactoryBean - Closing JPA EntityManagerFactory for persistence unit 'default'
2025-06-12 19:44:12.264 [SpringApplicationShutdownHook] INFO  com.zaxxer.hikari.HikariDataSource - HikariPool-25 - Shutdown initiated...
2025-06-12 19:44:12.264 [SpringApplicationShutdownHook] INFO  com.zaxxer.hikari.HikariDataSource - HikariPool-25 - Shutdown completed.
2025-06-12 19:44:12.266 [SpringApplicationShutdownHook] INFO  o.s.b.w.e.tomcat.GracefulShutdown - Commencing graceful shutdown. Waiting for active requests to complete
2025-06-12 19:44:12.267 [tomcat-shutdown] INFO  o.s.b.w.e.tomcat.GracefulShutdown - Graceful shutdown complete
2025-06-12 19:44:12.267 [SpringApplicationShutdownHook] INFO  o.s.o.j.LocalContainerEntityManagerFactoryBean - Closing JPA EntityManagerFactory for persistence unit 'default'
2025-06-12 19:44:12.268 [SpringApplicationShutdownHook] INFO  com.zaxxer.hikari.HikariDataSource - HikariPool-37 - Shutdown initiated...
2025-06-12 19:44:12.268 [SpringApplicationShutdownHook] INFO  com.zaxxer.hikari.HikariDataSource - HikariPool-37 - Shutdown completed.
2025-06-12 19:44:12.269 [SpringApplicationShutdownHook] INFO  o.s.o.j.LocalContainerEntityManagerFactoryBean - Closing JPA EntityManagerFactory for persistence unit 'default'
2025-06-12 20:32:44.209 [background-preinit] INFO  o.h.validator.internal.util.Version - HV000001: Hibernate Validator 8.0.1.Final
2025-06-12 20:32:44.231 [Test worker] INFO  roomescape.api.AdminApiTest - Starting AdminApiTest using Java 21.0.4 with PID 94104 (started by yuseokhyeon in /Users/yuseokhyeon/woowa7/level2/spring-roomescape-payment)
2025-06-12 20:32:44.232 [Test worker] INFO  roomescape.api.AdminApiTest - No active profile set, falling back to 1 default profile: "default"
2025-06-12 20:32:44.695 [Test worker] INFO  o.s.d.r.c.RepositoryConfigurationDelegate - Bootstrapping Spring Data JPA repositories in DEFAULT mode.
2025-06-12 20:32:44.730 [Test worker] INFO  o.s.d.r.c.RepositoryConfigurationDelegate - Finished Spring Data repository scanning in 30 ms. Found 6 JPA repository interfaces.
2025-06-12 20:32:45.010 [Test worker] INFO  o.s.b.w.e.tomcat.TomcatWebServer - Tomcat initialized with port 8080 (http)
2025-06-12 20:32:45.018 [Test worker] INFO  o.a.coyote.http11.Http11NioProtocol - Initializing ProtocolHandler ["http-nio-8080"]
2025-06-12 20:32:45.020 [Test worker] INFO  o.a.catalina.core.StandardService - Starting service [Tomcat]
2025-06-12 20:32:45.020 [Test worker] INFO  o.a.catalina.core.StandardEngine - Starting Servlet engine: [Apache Tomcat/10.1.33]
2025-06-12 20:32:45.059 [Test worker] INFO  o.a.c.c.C.[Tomcat].[localhost].[/] - Initializing Spring embedded WebApplicationContext
2025-06-12 20:32:45.059 [Test worker] INFO  o.s.b.w.s.c.ServletWebServerApplicationContext - Root WebApplicationContext: initialization completed in 739 ms
2025-06-12 20:32:45.078 [Test worker] INFO  com.zaxxer.hikari.HikariDataSource - HikariPool-1 - Starting...
2025-06-12 20:32:45.170 [Test worker] INFO  com.zaxxer.hikari.pool.HikariPool - HikariPool-1 - Added connection conn0: url=jdbc:h2:mem:database user=SA
2025-06-12 20:32:45.171 [Test worker] INFO  com.zaxxer.hikari.HikariDataSource - HikariPool-1 - Start completed.
2025-06-12 20:32:45.176 [Test worker] INFO  o.s.b.a.h.H2ConsoleAutoConfiguration - H2 console available at '/h2-console'. Database available at 'jdbc:h2:mem:database'
2025-06-12 20:32:45.265 [Test worker] INFO  o.h.jpa.internal.util.LogHelper - HHH000204: Processing PersistenceUnitInfo [name: default]
2025-06-12 20:32:45.298 [Test worker] INFO  org.hibernate.Version - HHH000412: Hibernate ORM core version 6.6.2.Final
2025-06-12 20:32:45.315 [Test worker] INFO  o.h.c.i.RegionFactoryInitiator - HHH000026: Second-level cache disabled
2025-06-12 20:32:45.450 [Test worker] INFO  o.s.o.j.p.SpringPersistenceUnitInfo - No LoadTimeWeaver setup: ignoring JPA class transformer
2025-06-12 20:32:45.489 [Test worker] INFO  o.hibernate.orm.connections.pooling - HHH10001005: Database info:
	Database JDBC URL [Connecting through datasource 'HikariDataSource (HikariPool-1)']
	Database driver: undefined/unknown
	Database version: 2.3.232
	Autocommit mode: undefined/unknown
	Isolation level: undefined/unknown
	Minimum pool size: undefined/unknown
	Maximum pool size: undefined/unknown
2025-06-12 20:32:45.945 [Test worker] INFO  o.h.e.t.j.p.i.JtaPlatformInitiator - HHH000489: No JTA platform available (set 'hibernate.transaction.jta.platform' to enable JTA platform integration)
2025-06-12 20:32:45.973 [Test worker] INFO  o.s.o.j.LocalContainerEntityManagerFactoryBean - Initialized JPA EntityManagerFactory for persistence unit 'default'
2025-06-12 20:32:46.159 [Test worker] INFO  o.s.d.j.r.query.QueryEnhancerFactory - Hibernate is in classpath; If applicable, HQL parser will be used.
2025-06-12 20:32:46.910 [Test worker] WARN  o.s.b.a.o.j.JpaBaseConfiguration$JpaWebConfiguration - spring.jpa.open-in-view is enabled by default. Therefore, database queries may be performed during view rendering. Explicitly configure spring.jpa.open-in-view to disable this warning
2025-06-12 20:32:46.920 [Test worker] INFO  o.s.b.a.w.s.WelcomePageHandlerMapping - Adding welcome page template: index
2025-06-12 20:32:47.145 [Test worker] INFO  o.a.coyote.http11.Http11NioProtocol - Starting ProtocolHandler ["http-nio-8080"]
2025-06-12 20:32:47.152 [Test worker] INFO  o.s.b.w.e.tomcat.TomcatWebServer - Tomcat started on port 8080 (http) with context path '/'
2025-06-12 20:32:47.157 [Test worker] INFO  roomescape.api.AdminApiTest - Started AdminApiTest in 3.102 seconds (process running for 3.759)
2025-06-12 20:32:47.163 [Test worker] INFO  o.s.b.w.e.tomcat.GracefulShutdown - Commencing graceful shutdown. Waiting for active requests to complete
2025-06-12 20:32:47.163 [tomcat-shutdown] INFO  o.a.coyote.http11.Http11NioProtocol - Pausing ProtocolHandler ["http-nio-8080"]
2025-06-12 20:32:47.170 [tomcat-shutdown] INFO  o.s.b.w.e.tomcat.GracefulShutdown - Graceful shutdown complete
2025-06-12 20:32:47.170 [Test worker] INFO  o.a.coyote.http11.Http11NioProtocol - Stopping ProtocolHandler ["http-nio-8080"]
2025-06-12 20:32:47.173 [Test worker] INFO  o.s.o.j.LocalContainerEntityManagerFactoryBean - Closing JPA EntityManagerFactory for persistence unit 'default'
2025-06-12 20:32:47.177 [Test worker] INFO  com.zaxxer.hikari.HikariDataSource - HikariPool-1 - Shutdown initiated...
2025-06-12 20:32:47.178 [Test worker] INFO  com.zaxxer.hikari.HikariDataSource - HikariPool-1 - Shutdown completed.
2025-06-12 20:32:47.195 [Test worker] INFO  roomescape.api.AdminApiTest - Starting AdminApiTest using Java 21.0.4 with PID 94104 (started by yuseokhyeon in /Users/yuseokhyeon/woowa7/level2/spring-roomescape-payment)
2025-06-12 20:32:47.195 [Test worker] INFO  roomescape.api.AdminApiTest - No active profile set, falling back to 1 default profile: "default"
2025-06-12 20:32:47.303 [Test worker] INFO  o.s.d.r.c.RepositoryConfigurationDelegate - Bootstrapping Spring Data JPA repositories in DEFAULT mode.
2025-06-12 20:32:47.312 [Test worker] INFO  o.s.d.r.c.RepositoryConfigurationDelegate - Finished Spring Data repository scanning in 7 ms. Found 6 JPA repository interfaces.
2025-06-12 20:32:47.347 [Test worker] INFO  o.s.b.w.e.tomcat.TomcatWebServer - Tomcat initialized with port 8080 (http)
2025-06-12 20:32:47.347 [Test worker] INFO  o.a.coyote.http11.Http11NioProtocol - Initializing ProtocolHandler ["http-nio-8080"]
2025-06-12 20:32:47.347 [Test worker] INFO  o.a.catalina.core.StandardService - Starting service [Tomcat]
2025-06-12 20:32:47.347 [Test worker] INFO  o.a.catalina.core.StandardEngine - Starting Servlet engine: [Apache Tomcat/10.1.33]
2025-06-12 20:32:47.356 [Test worker] INFO  o.a.c.c.C.[Tomcat].[localhost].[/] - Initializing Spring embedded WebApplicationContext
2025-06-12 20:32:47.356 [Test worker] INFO  o.s.b.w.s.c.ServletWebServerApplicationContext - Root WebApplicationContext: initialization completed in 160 ms
2025-06-12 20:32:47.361 [Test worker] INFO  com.zaxxer.hikari.HikariDataSource - HikariPool-2 - Starting...
2025-06-12 20:32:47.362 [Test worker] INFO  com.zaxxer.hikari.pool.HikariPool - HikariPool-2 - Added connection conn10: url=jdbc:h2:mem:database user=SA
2025-06-12 20:32:47.362 [Test worker] INFO  com.zaxxer.hikari.HikariDataSource - HikariPool-2 - Start completed.
2025-06-12 20:32:47.362 [Test worker] INFO  o.s.b.a.h.H2ConsoleAutoConfiguration - H2 console available at '/h2-console'. Database available at 'jdbc:h2:mem:database'
2025-06-12 20:32:47.375 [Test worker] INFO  o.h.jpa.internal.util.LogHelper - HHH000204: Processing PersistenceUnitInfo [name: default]
2025-06-12 20:32:47.376 [Test worker] INFO  o.h.c.i.RegionFactoryInitiator - HHH000026: Second-level cache disabled
2025-06-12 20:32:47.381 [Test worker] INFO  o.s.o.j.p.SpringPersistenceUnitInfo - No LoadTimeWeaver setup: ignoring JPA class transformer
2025-06-12 20:32:47.381 [Test worker] INFO  o.hibernate.orm.connections.pooling - HHH10001005: Database info:
	Database JDBC URL [Connecting through datasource 'HikariDataSource (HikariPool-2)']
	Database driver: undefined/unknown
	Database version: 2.3.232
	Autocommit mode: undefined/unknown
	Isolation level: undefined/unknown
	Minimum pool size: undefined/unknown
	Maximum pool size: undefined/unknown
2025-06-12 20:32:47.436 [Test worker] INFO  o.h.e.t.j.p.i.JtaPlatformInitiator - HHH000489: No JTA platform available (set 'hibernate.transaction.jta.platform' to enable JTA platform integration)
2025-06-12 20:32:47.443 [Test worker] INFO  o.s.o.j.LocalContainerEntityManagerFactoryBean - Initialized JPA EntityManagerFactory for persistence unit 'default'
2025-06-12 20:32:47.498 [Test worker] WARN  o.s.b.a.o.j.JpaBaseConfiguration$JpaWebConfiguration - spring.jpa.open-in-view is enabled by default. Therefore, database queries may be performed during view rendering. Explicitly configure spring.jpa.open-in-view to disable this warning
2025-06-12 20:32:47.501 [Test worker] INFO  o.s.b.a.w.s.WelcomePageHandlerMapping - Adding welcome page template: index
2025-06-12 20:32:47.557 [Test worker] INFO  o.a.coyote.http11.Http11NioProtocol - Starting ProtocolHandler ["http-nio-8080"]
2025-06-12 20:32:47.558 [Test worker] INFO  o.s.b.w.e.tomcat.TomcatWebServer - Tomcat started on port 8080 (http) with context path '/'
2025-06-12 20:32:47.560 [Test worker] INFO  roomescape.api.AdminApiTest - Started AdminApiTest in 0.378 seconds (process running for 4.161)
2025-06-12 20:32:48.579 [http-nio-8080-exec-1] INFO  o.a.c.c.C.[Tomcat].[localhost].[/] - Initializing Spring DispatcherServlet 'dispatcherServlet'
2025-06-12 20:32:48.579 [http-nio-8080-exec-1] INFO  o.s.web.servlet.DispatcherServlet - Initializing Servlet 'dispatcherServlet'
2025-06-12 20:32:48.579 [http-nio-8080-exec-1] INFO  o.s.web.servlet.DispatcherServlet - Completed initialization in 0 ms
2025-06-12 20:32:48.710 [http-nio-8080-exec-1] INFO  r.presentation.AdminController - 관리자 예약 생성: 테마ID = 1, 날짜 = 2026-08-05, 시간ID = 1
2025-06-12 20:32:48.955 [Test worker] INFO  o.s.b.w.e.tomcat.GracefulShutdown - Commencing graceful shutdown. Waiting for active requests to complete
2025-06-12 20:32:48.956 [tomcat-shutdown] INFO  o.a.coyote.http11.Http11NioProtocol - Pausing ProtocolHandler ["http-nio-8080"]
2025-06-12 20:32:48.957 [tomcat-shutdown] INFO  o.s.b.w.e.tomcat.GracefulShutdown - Graceful shutdown complete
2025-06-12 20:32:48.957 [Test worker] INFO  o.a.coyote.http11.Http11NioProtocol - Stopping ProtocolHandler ["http-nio-8080"]
2025-06-12 20:32:48.960 [Test worker] INFO  o.s.o.j.LocalContainerEntityManagerFactoryBean - Closing JPA EntityManagerFactory for persistence unit 'default'
2025-06-12 20:32:48.962 [Test worker] INFO  com.zaxxer.hikari.HikariDataSource - HikariPool-2 - Shutdown initiated...
2025-06-12 20:32:48.963 [Test worker] INFO  com.zaxxer.hikari.HikariDataSource - HikariPool-2 - Shutdown completed.
2025-06-12 20:32:48.980 [Test worker] INFO  roomescape.api.AdminApiTest - Starting AdminApiTest using Java 21.0.4 with PID 94104 (started by yuseokhyeon in /Users/yuseokhyeon/woowa7/level2/spring-roomescape-payment)
2025-06-12 20:32:48.980 [Test worker] INFO  roomescape.api.AdminApiTest - No active profile set, falling back to 1 default profile: "default"
2025-06-12 20:32:49.110 [Test worker] INFO  o.s.d.r.c.RepositoryConfigurationDelegate - Bootstrapping Spring Data JPA repositories in DEFAULT mode.
2025-06-12 20:32:49.121 [Test worker] INFO  o.s.d.r.c.RepositoryConfigurationDelegate - Finished Spring Data repository scanning in 9 ms. Found 6 JPA repository interfaces.
2025-06-12 20:32:49.150 [Test worker] INFO  o.s.b.w.e.tomcat.TomcatWebServer - Tomcat initialized with port 8080 (http)
2025-06-12 20:32:49.151 [Test worker] INFO  o.a.coyote.http11.Http11NioProtocol - Initializing ProtocolHandler ["http-nio-8080"]
2025-06-12 20:32:49.151 [Test worker] INFO  o.a.catalina.core.StandardService - Starting service [Tomcat]
2025-06-12 20:32:49.151 [Test worker] INFO  o.a.catalina.core.StandardEngine - Starting Servlet engine: [Apache Tomcat/10.1.33]
2025-06-12 20:32:49.161 [Test worker] INFO  o.a.c.c.C.[Tomcat].[localhost].[/] - Initializing Spring embedded WebApplicationContext
2025-06-12 20:32:49.161 [Test worker] INFO  o.s.b.w.s.c.ServletWebServerApplicationContext - Root WebApplicationContext: initialization completed in 180 ms
2025-06-12 20:32:49.165 [Test worker] INFO  com.zaxxer.hikari.HikariDataSource - HikariPool-3 - Starting...
2025-06-12 20:32:49.166 [Test worker] INFO  com.zaxxer.hikari.pool.HikariPool - HikariPool-3 - Added connection conn20: url=jdbc:h2:mem:database user=SA
2025-06-12 20:32:49.166 [Test worker] INFO  com.zaxxer.hikari.HikariDataSource - HikariPool-3 - Start completed.
2025-06-12 20:32:49.167 [Test worker] INFO  o.s.b.a.h.H2ConsoleAutoConfiguration - H2 console available at '/h2-console'. Database available at 'jdbc:h2:mem:database'
2025-06-12 20:32:49.181 [Test worker] INFO  o.h.jpa.internal.util.LogHelper - HHH000204: Processing PersistenceUnitInfo [name: default]
2025-06-12 20:32:49.182 [Test worker] INFO  o.h.c.i.RegionFactoryInitiator - HHH000026: Second-level cache disabled
2025-06-12 20:32:49.186 [Test worker] INFO  o.s.o.j.p.SpringPersistenceUnitInfo - No LoadTimeWeaver setup: ignoring JPA class transformer
2025-06-12 20:32:49.187 [Test worker] INFO  o.hibernate.orm.connections.pooling - HHH10001005: Database info:
	Database JDBC URL [Connecting through datasource 'HikariDataSource (HikariPool-3)']
	Database driver: undefined/unknown
	Database version: 2.3.232
	Autocommit mode: undefined/unknown
	Isolation level: undefined/unknown
	Minimum pool size: undefined/unknown
	Maximum pool size: undefined/unknown
2025-06-12 20:32:49.226 [Test worker] INFO  o.h.e.t.j.p.i.JtaPlatformInitiator - HHH000489: No JTA platform available (set 'hibernate.transaction.jta.platform' to enable JTA platform integration)
2025-06-12 20:32:49.234 [Test worker] INFO  o.s.o.j.LocalContainerEntityManagerFactoryBean - Initialized JPA EntityManagerFactory for persistence unit 'default'
2025-06-12 20:32:49.283 [Test worker] WARN  o.s.b.a.o.j.JpaBaseConfiguration$JpaWebConfiguration - spring.jpa.open-in-view is enabled by default. Therefore, database queries may be performed during view rendering. Explicitly configure spring.jpa.open-in-view to disable this warning
2025-06-12 20:32:49.286 [Test worker] INFO  o.s.b.a.w.s.WelcomePageHandlerMapping - Adding welcome page template: index
2025-06-12 20:32:49.332 [Test worker] INFO  o.a.coyote.http11.Http11NioProtocol - Starting ProtocolHandler ["http-nio-8080"]
2025-06-12 20:32:49.333 [Test worker] INFO  o.s.b.w.e.tomcat.TomcatWebServer - Tomcat started on port 8080 (http) with context path '/'
2025-06-12 20:32:49.335 [Test worker] INFO  roomescape.api.AdminApiTest - Started AdminApiTest in 0.368 seconds (process running for 5.936)
2025-06-12 20:32:49.348 [http-nio-8080-exec-1] INFO  o.a.c.c.C.[Tomcat].[localhost].[/] - Initializing Spring DispatcherServlet 'dispatcherServlet'
2025-06-12 20:32:49.348 [http-nio-8080-exec-1] INFO  o.s.web.servlet.DispatcherServlet - Initializing Servlet 'dispatcherServlet'
2025-06-12 20:32:49.348 [http-nio-8080-exec-1] INFO  o.s.web.servlet.DispatcherServlet - Completed initialization in 0 ms
2025-06-12 20:32:49.356 [Test worker] INFO  o.s.b.w.e.tomcat.GracefulShutdown - Commencing graceful shutdown. Waiting for active requests to complete
2025-06-12 20:32:49.356 [tomcat-shutdown] INFO  o.a.coyote.http11.Http11NioProtocol - Pausing ProtocolHandler ["http-nio-8080"]
2025-06-12 20:32:49.358 [tomcat-shutdown] INFO  o.s.b.w.e.tomcat.GracefulShutdown - Graceful shutdown complete
2025-06-12 20:32:49.358 [Test worker] INFO  o.a.coyote.http11.Http11NioProtocol - Stopping ProtocolHandler ["http-nio-8080"]
2025-06-12 20:32:49.359 [Test worker] INFO  o.s.o.j.LocalContainerEntityManagerFactoryBean - Closing JPA EntityManagerFactory for persistence unit 'default'
2025-06-12 20:32:49.361 [Test worker] INFO  com.zaxxer.hikari.HikariDataSource - HikariPool-3 - Shutdown initiated...
2025-06-12 20:32:49.374 [Test worker] INFO  com.zaxxer.hikari.HikariDataSource - HikariPool-3 - Shutdown completed.
2025-06-12 20:32:49.387 [Test worker] INFO  roomescape.api.AdminApiTest - Starting AdminApiTest using Java 21.0.4 with PID 94104 (started by yuseokhyeon in /Users/yuseokhyeon/woowa7/level2/spring-roomescape-payment)
2025-06-12 20:32:49.387 [Test worker] INFO  roomescape.api.AdminApiTest - No active profile set, falling back to 1 default profile: "default"
2025-06-12 20:32:49.462 [Test worker] INFO  o.s.d.r.c.RepositoryConfigurationDelegate - Bootstrapping Spring Data JPA repositories in DEFAULT mode.
2025-06-12 20:32:49.469 [Test worker] INFO  o.s.d.r.c.RepositoryConfigurationDelegate - Finished Spring Data repository scanning in 6 ms. Found 6 JPA repository interfaces.
2025-06-12 20:32:49.491 [Test worker] INFO  o.s.b.w.e.tomcat.TomcatWebServer - Tomcat initialized with port 8080 (http)
2025-06-12 20:32:49.492 [Test worker] INFO  o.a.coyote.http11.Http11NioProtocol - Initializing ProtocolHandler ["http-nio-8080"]
2025-06-12 20:32:49.492 [Test worker] INFO  o.a.catalina.core.StandardService - Starting service [Tomcat]
2025-06-12 20:32:49.492 [Test worker] INFO  o.a.catalina.core.StandardEngine - Starting Servlet engine: [Apache Tomcat/10.1.33]
2025-06-12 20:32:49.500 [Test worker] INFO  o.a.c.c.C.[Tomcat].[localhost].[/] - Initializing Spring embedded WebApplicationContext
2025-06-12 20:32:49.500 [Test worker] INFO  o.s.b.w.s.c.ServletWebServerApplicationContext - Root WebApplicationContext: initialization completed in 113 ms
2025-06-12 20:32:49.505 [Test worker] INFO  com.zaxxer.hikari.HikariDataSource - HikariPool-4 - Starting...
2025-06-12 20:32:49.506 [Test worker] INFO  com.zaxxer.hikari.pool.HikariPool - HikariPool-4 - Added connection conn24: url=jdbc:h2:mem:database user=SA
2025-06-12 20:32:49.506 [Test worker] INFO  com.zaxxer.hikari.HikariDataSource - HikariPool-4 - Start completed.
2025-06-12 20:32:49.506 [Test worker] INFO  o.s.b.a.h.H2ConsoleAutoConfiguration - H2 console available at '/h2-console'. Database available at 'jdbc:h2:mem:database'
2025-06-12 20:32:49.517 [Test worker] INFO  o.h.jpa.internal.util.LogHelper - HHH000204: Processing PersistenceUnitInfo [name: default]
2025-06-12 20:32:49.518 [Test worker] INFO  o.h.c.i.RegionFactoryInitiator - HHH000026: Second-level cache disabled
2025-06-12 20:32:49.522 [Test worker] INFO  o.s.o.j.p.SpringPersistenceUnitInfo - No LoadTimeWeaver setup: ignoring JPA class transformer
2025-06-12 20:32:49.523 [Test worker] INFO  o.hibernate.orm.connections.pooling - HHH10001005: Database info:
	Database JDBC URL [Connecting through datasource 'HikariDataSource (HikariPool-4)']
	Database driver: undefined/unknown
	Database version: 2.3.232
	Autocommit mode: undefined/unknown
	Isolation level: undefined/unknown
	Minimum pool size: undefined/unknown
	Maximum pool size: undefined/unknown
2025-06-12 20:32:49.609 [Test worker] INFO  o.h.e.t.j.p.i.JtaPlatformInitiator - HHH000489: No JTA platform available (set 'hibernate.transaction.jta.platform' to enable JTA platform integration)
2025-06-12 20:32:49.617 [Test worker] INFO  o.s.o.j.LocalContainerEntityManagerFactoryBean - Initialized JPA EntityManagerFactory for persistence unit 'default'
2025-06-12 20:32:49.702 [Test worker] WARN  o.s.b.a.o.j.JpaBaseConfiguration$JpaWebConfiguration - spring.jpa.open-in-view is enabled by default. Therefore, database queries may be performed during view rendering. Explicitly configure spring.jpa.open-in-view to disable this warning
2025-06-12 20:32:49.706 [Test worker] INFO  o.s.b.a.w.s.WelcomePageHandlerMapping - Adding welcome page template: index
2025-06-12 20:32:49.748 [Test worker] INFO  o.a.coyote.http11.Http11NioProtocol - Starting ProtocolHandler ["http-nio-8080"]
2025-06-12 20:32:49.749 [Test worker] INFO  o.s.b.w.e.tomcat.TomcatWebServer - Tomcat started on port 8080 (http) with context path '/'
2025-06-12 20:32:49.751 [Test worker] INFO  roomescape.api.AdminApiTest - Started AdminApiTest in 0.375 seconds (process running for 6.353)
2025-06-12 20:32:49.794 [http-nio-8080-exec-1] INFO  o.a.c.c.C.[Tomcat].[localhost].[/] - Initializing Spring DispatcherServlet 'dispatcherServlet'
2025-06-12 20:32:49.794 [http-nio-8080-exec-1] INFO  o.s.web.servlet.DispatcherServlet - Initializing Servlet 'dispatcherServlet'
2025-06-12 20:32:49.794 [http-nio-8080-exec-1] INFO  o.s.web.servlet.DispatcherServlet - Completed initialization in 0 ms
2025-06-12 20:32:49.821 [Test worker] INFO  o.s.b.w.e.tomcat.GracefulShutdown - Commencing graceful shutdown. Waiting for active requests to complete
2025-06-12 20:32:49.822 [tomcat-shutdown] INFO  o.a.coyote.http11.Http11NioProtocol - Pausing ProtocolHandler ["http-nio-8080"]
2025-06-12 20:32:49.823 [tomcat-shutdown] INFO  o.s.b.w.e.tomcat.GracefulShutdown - Graceful shutdown complete
2025-06-12 20:32:49.823 [Test worker] INFO  o.a.coyote.http11.Http11NioProtocol - Stopping ProtocolHandler ["http-nio-8080"]
2025-06-12 20:32:49.824 [Test worker] INFO  o.s.o.j.LocalContainerEntityManagerFactoryBean - Closing JPA EntityManagerFactory for persistence unit 'default'
2025-06-12 20:32:49.827 [Test worker] INFO  com.zaxxer.hikari.HikariDataSource - HikariPool-4 - Shutdown initiated...
2025-06-12 20:32:49.854 [Test worker] INFO  com.zaxxer.hikari.HikariDataSource - HikariPool-4 - Shutdown completed.
2025-06-12 20:32:49.869 [Test worker] INFO  roomescape.api.AdminApiTest - Starting AdminApiTest using Java 21.0.4 with PID 94104 (started by yuseokhyeon in /Users/yuseokhyeon/woowa7/level2/spring-roomescape-payment)
2025-06-12 20:32:49.869 [Test worker] INFO  roomescape.api.AdminApiTest - No active profile set, falling back to 1 default profile: "default"
2025-06-12 20:32:49.944 [Test worker] INFO  o.s.d.r.c.RepositoryConfigurationDelegate - Bootstrapping Spring Data JPA repositories in DEFAULT mode.
2025-06-12 20:32:49.951 [Test worker] INFO  o.s.d.r.c.RepositoryConfigurationDelegate - Finished Spring Data repository scanning in 6 ms. Found 6 JPA repository interfaces.
2025-06-12 20:32:49.974 [Test worker] INFO  o.s.b.w.e.tomcat.TomcatWebServer - Tomcat initialized with port 8080 (http)
2025-06-12 20:32:49.975 [Test worker] INFO  o.a.coyote.http11.Http11NioProtocol - Initializing ProtocolHandler ["http-nio-8080"]
2025-06-12 20:32:49.975 [Test worker] INFO  o.a.catalina.core.StandardService - Starting service [Tomcat]
2025-06-12 20:32:49.975 [Test worker] INFO  o.a.catalina.core.StandardEngine - Starting Servlet engine: [Apache Tomcat/10.1.33]
2025-06-12 20:32:49.987 [Test worker] INFO  o.a.c.c.C.[Tomcat].[localhost].[/] - Initializing Spring embedded WebApplicationContext
2025-06-12 20:32:49.987 [Test worker] INFO  o.s.b.w.s.c.ServletWebServerApplicationContext - Root WebApplicationContext: initialization completed in 117 ms
2025-06-12 20:32:49.991 [Test worker] INFO  com.zaxxer.hikari.HikariDataSource - HikariPool-5 - Starting...
2025-06-12 20:32:49.992 [Test worker] INFO  com.zaxxer.hikari.pool.HikariPool - HikariPool-5 - Added connection conn32: url=jdbc:h2:mem:database user=SA
2025-06-12 20:32:49.992 [Test worker] INFO  com.zaxxer.hikari.HikariDataSource - HikariPool-5 - Start completed.
2025-06-12 20:32:49.992 [Test worker] INFO  o.s.b.a.h.H2ConsoleAutoConfiguration - H2 console available at '/h2-console'. Database available at 'jdbc:h2:mem:database'
2025-06-12 20:32:50.001 [Test worker] INFO  o.h.jpa.internal.util.LogHelper - HHH000204: Processing PersistenceUnitInfo [name: default]
2025-06-12 20:32:50.001 [Test worker] INFO  o.h.c.i.RegionFactoryInitiator - HHH000026: Second-level cache disabled
2025-06-12 20:32:50.005 [Test worker] INFO  o.s.o.j.p.SpringPersistenceUnitInfo - No LoadTimeWeaver setup: ignoring JPA class transformer
2025-06-12 20:32:50.006 [Test worker] INFO  o.hibernate.orm.connections.pooling - HHH10001005: Database info:
	Database JDBC URL [Connecting through datasource 'HikariDataSource (HikariPool-5)']
	Database driver: undefined/unknown
	Database version: 2.3.232
	Autocommit mode: undefined/unknown
	Isolation level: undefined/unknown
	Minimum pool size: undefined/unknown
	Maximum pool size: undefined/unknown
2025-06-12 20:32:50.044 [Test worker] INFO  o.h.e.t.j.p.i.JtaPlatformInitiator - HHH000489: No JTA platform available (set 'hibernate.transaction.jta.platform' to enable JTA platform integration)
2025-06-12 20:32:50.050 [Test worker] INFO  o.s.o.j.LocalContainerEntityManagerFactoryBean - Initialized JPA EntityManagerFactory for persistence unit 'default'
2025-06-12 20:32:50.099 [Test worker] WARN  o.s.b.a.o.j.JpaBaseConfiguration$JpaWebConfiguration - spring.jpa.open-in-view is enabled by default. Therefore, database queries may be performed during view rendering. Explicitly configure spring.jpa.open-in-view to disable this warning
2025-06-12 20:32:50.101 [Test worker] INFO  o.s.b.a.w.s.WelcomePageHandlerMapping - Adding welcome page template: index
2025-06-12 20:32:50.143 [Test worker] INFO  o.a.coyote.http11.Http11NioProtocol - Starting ProtocolHandler ["http-nio-8080"]
2025-06-12 20:32:50.144 [Test worker] INFO  o.s.b.w.e.tomcat.TomcatWebServer - Tomcat started on port 8080 (http) with context path '/'
2025-06-12 20:32:50.146 [Test worker] INFO  roomescape.api.AdminApiTest - Started AdminApiTest in 0.289 seconds (process running for 6.748)
2025-06-12 20:32:50.158 [http-nio-8080-exec-1] INFO  o.a.c.c.C.[Tomcat].[localhost].[/] - Initializing Spring DispatcherServlet 'dispatcherServlet'
2025-06-12 20:32:50.158 [http-nio-8080-exec-1] INFO  o.s.web.servlet.DispatcherServlet - Initializing Servlet 'dispatcherServlet'
2025-06-12 20:32:50.158 [http-nio-8080-exec-1] INFO  o.s.web.servlet.DispatcherServlet - Completed initialization in 0 ms
2025-06-12 20:32:50.183 [Test worker] INFO  o.s.t.c.s.AnnotationConfigContextLoaderUtils - Could not detect default configuration classes for test class [roomescape.api.AuthApiTest]: AuthApiTest does not declare any static, non-private, non-final, nested classes annotated with @Configuration.
2025-06-12 20:32:50.183 [Test worker] INFO  o.s.b.t.c.SpringBootTestContextBootstrapper - Found @SpringBootConfiguration roomescape.RoomescapeApplication for test class roomescape.api.AuthApiTest
2025-06-12 20:32:50.186 [Test worker] INFO  o.s.b.w.e.tomcat.GracefulShutdown - Commencing graceful shutdown. Waiting for active requests to complete
2025-06-12 20:32:50.186 [tomcat-shutdown] INFO  o.a.coyote.http11.Http11NioProtocol - Pausing ProtocolHandler ["http-nio-8080"]
2025-06-12 20:32:50.187 [tomcat-shutdown] INFO  o.s.b.w.e.tomcat.GracefulShutdown - Graceful shutdown complete
2025-06-12 20:32:50.188 [Test worker] INFO  o.a.coyote.http11.Http11NioProtocol - Stopping ProtocolHandler ["http-nio-8080"]
2025-06-12 20:32:50.189 [Test worker] INFO  o.s.o.j.LocalContainerEntityManagerFactoryBean - Closing JPA EntityManagerFactory for persistence unit 'default'
2025-06-12 20:32:50.190 [Test worker] INFO  com.zaxxer.hikari.HikariDataSource - HikariPool-5 - Shutdown initiated...
2025-06-12 20:32:50.199 [Test worker] INFO  com.zaxxer.hikari.HikariDataSource - HikariPool-5 - Shutdown completed.
2025-06-12 20:32:50.210 [Test worker] INFO  roomescape.api.AuthApiTest - Starting AuthApiTest using Java 21.0.4 with PID 94104 (started by yuseokhyeon in /Users/yuseokhyeon/woowa7/level2/spring-roomescape-payment)
2025-06-12 20:32:50.211 [Test worker] INFO  roomescape.api.AuthApiTest - No active profile set, falling back to 1 default profile: "default"
2025-06-12 20:32:50.271 [Test worker] INFO  o.s.d.r.c.RepositoryConfigurationDelegate - Bootstrapping Spring Data JPA repositories in DEFAULT mode.
2025-06-12 20:32:50.278 [Test worker] INFO  o.s.d.r.c.RepositoryConfigurationDelegate - Finished Spring Data repository scanning in 5 ms. Found 6 JPA repository interfaces.
2025-06-12 20:32:50.316 [Test worker] INFO  o.s.b.w.e.tomcat.TomcatWebServer - Tomcat initialized with port 8080 (http)
2025-06-12 20:32:50.317 [Test worker] INFO  o.a.coyote.http11.Http11NioProtocol - Initializing ProtocolHandler ["http-nio-8080"]
2025-06-12 20:32:50.317 [Test worker] INFO  o.a.catalina.core.StandardService - Starting service [Tomcat]
2025-06-12 20:32:50.317 [Test worker] INFO  o.a.catalina.core.StandardEngine - Starting Servlet engine: [Apache Tomcat/10.1.33]
2025-06-12 20:32:50.325 [Test worker] INFO  o.a.c.c.C.[Tomcat].[localhost].[/] - Initializing Spring embedded WebApplicationContext
2025-06-12 20:32:50.326 [Test worker] INFO  o.s.b.w.s.c.ServletWebServerApplicationContext - Root WebApplicationContext: initialization completed in 114 ms
2025-06-12 20:32:50.330 [Test worker] INFO  com.zaxxer.hikari.HikariDataSource - HikariPool-6 - Starting...
2025-06-12 20:32:50.332 [Test worker] INFO  com.zaxxer.hikari.pool.HikariPool - HikariPool-6 - Added connection conn36: url=jdbc:h2:mem:database user=SA
2025-06-12 20:32:50.332 [Test worker] INFO  com.zaxxer.hikari.HikariDataSource - HikariPool-6 - Start completed.
2025-06-12 20:32:50.332 [Test worker] INFO  o.s.b.a.h.H2ConsoleAutoConfiguration - H2 console available at '/h2-console'. Database available at 'jdbc:h2:mem:database'
2025-06-12 20:32:50.343 [Test worker] INFO  o.h.jpa.internal.util.LogHelper - HHH000204: Processing PersistenceUnitInfo [name: default]
2025-06-12 20:32:50.344 [Test worker] INFO  o.h.c.i.RegionFactoryInitiator - HHH000026: Second-level cache disabled
2025-06-12 20:32:50.348 [Test worker] INFO  o.s.o.j.p.SpringPersistenceUnitInfo - No LoadTimeWeaver setup: ignoring JPA class transformer
2025-06-12 20:32:50.349 [Test worker] INFO  o.hibernate.orm.connections.pooling - HHH10001005: Database info:
	Database JDBC URL [Connecting through datasource 'HikariDataSource (HikariPool-6)']
	Database driver: undefined/unknown
	Database version: 2.3.232
	Autocommit mode: undefined/unknown
	Isolation level: undefined/unknown
	Minimum pool size: undefined/unknown
	Maximum pool size: undefined/unknown
2025-06-12 20:32:50.382 [Test worker] INFO  o.h.e.t.j.p.i.JtaPlatformInitiator - HHH000489: No JTA platform available (set 'hibernate.transaction.jta.platform' to enable JTA platform integration)
2025-06-12 20:32:50.387 [Test worker] INFO  o.s.o.j.LocalContainerEntityManagerFactoryBean - Initialized JPA EntityManagerFactory for persistence unit 'default'
2025-06-12 20:32:50.430 [Test worker] WARN  o.s.b.a.o.j.JpaBaseConfiguration$JpaWebConfiguration - spring.jpa.open-in-view is enabled by default. Therefore, database queries may be performed during view rendering. Explicitly configure spring.jpa.open-in-view to disable this warning
2025-06-12 20:32:50.433 [Test worker] INFO  o.s.b.a.w.s.WelcomePageHandlerMapping - Adding welcome page template: index
2025-06-12 20:32:50.470 [Test worker] INFO  o.a.coyote.http11.Http11NioProtocol - Starting ProtocolHandler ["http-nio-8080"]
2025-06-12 20:32:50.471 [Test worker] INFO  o.s.b.w.e.tomcat.TomcatWebServer - Tomcat started on port 8080 (http) with context path '/'
2025-06-12 20:32:50.473 [Test worker] INFO  roomescape.api.AuthApiTest - Started AuthApiTest in 0.273 seconds (process running for 7.075)
2025-06-12 20:32:50.482 [http-nio-8080-exec-1] INFO  o.a.c.c.C.[Tomcat].[localhost].[/] - Initializing Spring DispatcherServlet 'dispatcherServlet'
2025-06-12 20:32:50.482 [http-nio-8080-exec-1] INFO  o.s.web.servlet.DispatcherServlet - Initializing Servlet 'dispatcherServlet'
2025-06-12 20:32:50.482 [http-nio-8080-exec-1] INFO  o.s.web.servlet.DispatcherServlet - Completed initialization in 0 ms
2025-06-12 20:32:50.490 [http-nio-8080-exec-1] INFO  r.presentation.AuthController - 유저 로그인: email=email1@domain.com
2025-06-12 20:32:50.504 [Test worker] INFO  o.s.b.w.e.tomcat.GracefulShutdown - Commencing graceful shutdown. Waiting for active requests to complete
2025-06-12 20:32:50.505 [tomcat-shutdown] INFO  o.a.coyote.http11.Http11NioProtocol - Pausing ProtocolHandler ["http-nio-8080"]
2025-06-12 20:32:50.506 [tomcat-shutdown] INFO  o.s.b.w.e.tomcat.GracefulShutdown - Graceful shutdown complete
2025-06-12 20:32:50.506 [Test worker] INFO  o.a.coyote.http11.Http11NioProtocol - Stopping ProtocolHandler ["http-nio-8080"]
2025-06-12 20:32:50.507 [Test worker] INFO  o.s.o.j.LocalContainerEntityManagerFactoryBean - Closing JPA EntityManagerFactory for persistence unit 'default'
2025-06-12 20:32:50.508 [Test worker] INFO  com.zaxxer.hikari.HikariDataSource - HikariPool-6 - Shutdown initiated...
2025-06-12 20:32:50.540 [Test worker] INFO  com.zaxxer.hikari.HikariDataSource - HikariPool-6 - Shutdown completed.
2025-06-12 20:32:50.554 [Test worker] INFO  roomescape.api.AuthApiTest - Starting AuthApiTest using Java 21.0.4 with PID 94104 (started by yuseokhyeon in /Users/yuseokhyeon/woowa7/level2/spring-roomescape-payment)
2025-06-12 20:32:50.554 [Test worker] INFO  roomescape.api.AuthApiTest - No active profile set, falling back to 1 default profile: "default"
2025-06-12 20:32:50.630 [Test worker] INFO  o.s.d.r.c.RepositoryConfigurationDelegate - Bootstrapping Spring Data JPA repositories in DEFAULT mode.
2025-06-12 20:32:50.638 [Test worker] INFO  o.s.d.r.c.RepositoryConfigurationDelegate - Finished Spring Data repository scanning in 7 ms. Found 6 JPA repository interfaces.
2025-06-12 20:32:50.660 [Test worker] INFO  o.s.b.w.e.tomcat.TomcatWebServer - Tomcat initialized with port 8080 (http)
2025-06-12 20:32:50.661 [Test worker] INFO  o.a.coyote.http11.Http11NioProtocol - Initializing ProtocolHandler ["http-nio-8080"]
2025-06-12 20:32:50.661 [Test worker] INFO  o.a.catalina.core.StandardService - Starting service [Tomcat]
2025-06-12 20:32:50.661 [Test worker] INFO  o.a.catalina.core.StandardEngine - Starting Servlet engine: [Apache Tomcat/10.1.33]
2025-06-12 20:32:50.668 [Test worker] INFO  o.a.c.c.C.[Tomcat].[localhost].[/] - Initializing Spring embedded WebApplicationContext
2025-06-12 20:32:50.668 [Test worker] INFO  o.s.b.w.s.c.ServletWebServerApplicationContext - Root WebApplicationContext: initialization completed in 114 ms
2025-06-12 20:32:50.671 [Test worker] INFO  com.zaxxer.hikari.HikariDataSource - HikariPool-7 - Starting...
2025-06-12 20:32:50.672 [Test worker] INFO  com.zaxxer.hikari.pool.HikariPool - HikariPool-7 - Added connection conn40: url=jdbc:h2:mem:database user=SA
2025-06-12 20:32:50.672 [Test worker] INFO  com.zaxxer.hikari.HikariDataSource - HikariPool-7 - Start completed.
2025-06-12 20:32:50.672 [Test worker] INFO  o.s.b.a.h.H2ConsoleAutoConfiguration - H2 console available at '/h2-console'. Database available at 'jdbc:h2:mem:database'
2025-06-12 20:32:50.681 [Test worker] INFO  o.h.jpa.internal.util.LogHelper - HHH000204: Processing PersistenceUnitInfo [name: default]
2025-06-12 20:32:50.682 [Test worker] INFO  o.h.c.i.RegionFactoryInitiator - HHH000026: Second-level cache disabled
2025-06-12 20:32:50.685 [Test worker] INFO  o.s.o.j.p.SpringPersistenceUnitInfo - No LoadTimeWeaver setup: ignoring JPA class transformer
2025-06-12 20:32:50.686 [Test worker] INFO  o.hibernate.orm.connections.pooling - HHH10001005: Database info:
	Database JDBC URL [Connecting through datasource 'HikariDataSource (HikariPool-7)']
	Database driver: undefined/unknown
	Database version: 2.3.232
	Autocommit mode: undefined/unknown
	Isolation level: undefined/unknown
	Minimum pool size: undefined/unknown
	Maximum pool size: undefined/unknown
2025-06-12 20:32:50.720 [Test worker] INFO  o.h.e.t.j.p.i.JtaPlatformInitiator - HHH000489: No JTA platform available (set 'hibernate.transaction.jta.platform' to enable JTA platform integration)
2025-06-12 20:32:50.724 [Test worker] INFO  o.s.o.j.LocalContainerEntityManagerFactoryBean - Initialized JPA EntityManagerFactory for persistence unit 'default'
2025-06-12 20:32:50.767 [Test worker] WARN  o.s.b.a.o.j.JpaBaseConfiguration$JpaWebConfiguration - spring.jpa.open-in-view is enabled by default. Therefore, database queries may be performed during view rendering. Explicitly configure spring.jpa.open-in-view to disable this warning
2025-06-12 20:32:50.769 [Test worker] INFO  o.s.b.a.w.s.WelcomePageHandlerMapping - Adding welcome page template: index
2025-06-12 20:32:50.806 [Test worker] INFO  o.a.coyote.http11.Http11NioProtocol - Starting ProtocolHandler ["http-nio-8080"]
2025-06-12 20:32:50.807 [Test worker] INFO  o.s.b.w.e.tomcat.TomcatWebServer - Tomcat started on port 8080 (http) with context path '/'
2025-06-12 20:32:50.808 [Test worker] INFO  roomescape.api.AuthApiTest - Started AuthApiTest in 0.266 seconds (process running for 7.41)
2025-06-12 20:32:50.815 [http-nio-8080-exec-1] INFO  o.a.c.c.C.[Tomcat].[localhost].[/] - Initializing Spring DispatcherServlet 'dispatcherServlet'
2025-06-12 20:32:50.816 [http-nio-8080-exec-1] INFO  o.s.web.servlet.DispatcherServlet - Initializing Servlet 'dispatcherServlet'
2025-06-12 20:32:50.816 [http-nio-8080-exec-1] INFO  o.s.web.servlet.DispatcherServlet - Completed initialization in 0 ms
2025-06-12 20:32:50.833 [Test worker] INFO  o.s.b.w.e.tomcat.GracefulShutdown - Commencing graceful shutdown. Waiting for active requests to complete
2025-06-12 20:32:50.834 [tomcat-shutdown] INFO  o.a.coyote.http11.Http11NioProtocol - Pausing ProtocolHandler ["http-nio-8080"]
2025-06-12 20:32:50.835 [tomcat-shutdown] INFO  o.s.b.w.e.tomcat.GracefulShutdown - Graceful shutdown complete
2025-06-12 20:32:50.835 [Test worker] INFO  o.a.coyote.http11.Http11NioProtocol - Stopping ProtocolHandler ["http-nio-8080"]
2025-06-12 20:32:50.837 [Test worker] INFO  o.s.o.j.LocalContainerEntityManagerFactoryBean - Closing JPA EntityManagerFactory for persistence unit 'default'
2025-06-12 20:32:50.838 [Test worker] INFO  com.zaxxer.hikari.HikariDataSource - HikariPool-7 - Shutdown initiated...
2025-06-12 20:32:50.847 [Test worker] INFO  com.zaxxer.hikari.HikariDataSource - HikariPool-7 - Shutdown completed.
2025-06-12 20:32:50.858 [Test worker] INFO  roomescape.api.AuthApiTest - Starting AuthApiTest using Java 21.0.4 with PID 94104 (started by yuseokhyeon in /Users/yuseokhyeon/woowa7/level2/spring-roomescape-payment)
2025-06-12 20:32:50.858 [Test worker] INFO  roomescape.api.AuthApiTest - No active profile set, falling back to 1 default profile: "default"
2025-06-12 20:32:50.921 [Test worker] INFO  o.s.d.r.c.RepositoryConfigurationDelegate - Bootstrapping Spring Data JPA repositories in DEFAULT mode.
2025-06-12 20:32:50.927 [Test worker] INFO  o.s.d.r.c.RepositoryConfigurationDelegate - Finished Spring Data repository scanning in 5 ms. Found 6 JPA repository interfaces.
2025-06-12 20:32:50.948 [Test worker] INFO  o.s.b.w.e.tomcat.TomcatWebServer - Tomcat initialized with port 8080 (http)
2025-06-12 20:32:50.948 [Test worker] INFO  o.a.coyote.http11.Http11NioProtocol - Initializing ProtocolHandler ["http-nio-8080"]
2025-06-12 20:32:50.948 [Test worker] INFO  o.a.catalina.core.StandardService - Starting service [Tomcat]
2025-06-12 20:32:50.948 [Test worker] INFO  o.a.catalina.core.StandardEngine - Starting Servlet engine: [Apache Tomcat/10.1.33]
2025-06-12 20:32:50.956 [Test worker] INFO  o.a.c.c.C.[Tomcat].[localhost].[/] - Initializing Spring embedded WebApplicationContext
2025-06-12 20:32:50.956 [Test worker] INFO  o.s.b.w.s.c.ServletWebServerApplicationContext - Root WebApplicationContext: initialization completed in 97 ms
2025-06-12 20:32:50.959 [Test worker] INFO  com.zaxxer.hikari.HikariDataSource - HikariPool-8 - Starting...
2025-06-12 20:32:50.960 [Test worker] INFO  com.zaxxer.hikari.pool.HikariPool - HikariPool-8 - Added connection conn43: url=jdbc:h2:mem:database user=SA
2025-06-12 20:32:50.960 [Test worker] INFO  com.zaxxer.hikari.HikariDataSource - HikariPool-8 - Start completed.
2025-06-12 20:32:50.960 [Test worker] INFO  o.s.b.a.h.H2ConsoleAutoConfiguration - H2 console available at '/h2-console'. Database available at 'jdbc:h2:mem:database'
2025-06-12 20:32:50.972 [Test worker] INFO  o.h.jpa.internal.util.LogHelper - HHH000204: Processing PersistenceUnitInfo [name: default]
2025-06-12 20:32:50.973 [Test worker] INFO  o.h.c.i.RegionFactoryInitiator - HHH000026: Second-level cache disabled
2025-06-12 20:32:50.976 [Test worker] INFO  o.s.o.j.p.SpringPersistenceUnitInfo - No LoadTimeWeaver setup: ignoring JPA class transformer
2025-06-12 20:32:50.977 [Test worker] INFO  o.hibernate.orm.connections.pooling - HHH10001005: Database info:
	Database JDBC URL [Connecting through datasource 'HikariDataSource (HikariPool-8)']
	Database driver: undefined/unknown
	Database version: 2.3.232
	Autocommit mode: undefined/unknown
	Isolation level: undefined/unknown
	Minimum pool size: undefined/unknown
	Maximum pool size: undefined/unknown
2025-06-12 20:32:51.016 [Test worker] INFO  o.h.e.t.j.p.i.JtaPlatformInitiator - HHH000489: No JTA platform available (set 'hibernate.transaction.jta.platform' to enable JTA platform integration)
2025-06-12 20:32:51.021 [Test worker] INFO  o.s.o.j.LocalContainerEntityManagerFactoryBean - Initialized JPA EntityManagerFactory for persistence unit 'default'
2025-06-12 20:32:51.077 [Test worker] WARN  o.s.b.a.o.j.JpaBaseConfiguration$JpaWebConfiguration - spring.jpa.open-in-view is enabled by default. Therefore, database queries may be performed during view rendering. Explicitly configure spring.jpa.open-in-view to disable this warning
2025-06-12 20:32:51.080 [Test worker] INFO  o.s.b.a.w.s.WelcomePageHandlerMapping - Adding welcome page template: index
2025-06-12 20:32:51.116 [Test worker] INFO  o.a.coyote.http11.Http11NioProtocol - Starting ProtocolHandler ["http-nio-8080"]
2025-06-12 20:32:51.117 [Test worker] INFO  o.s.b.w.e.tomcat.TomcatWebServer - Tomcat started on port 8080 (http) with context path '/'
2025-06-12 20:32:51.118 [Test worker] INFO  roomescape.api.AuthApiTest - Started AuthApiTest in 0.27 seconds (process running for 7.72)
2025-06-12 20:32:51.124 [http-nio-8080-exec-1] INFO  o.a.c.c.C.[Tomcat].[localhost].[/] - Initializing Spring DispatcherServlet 'dispatcherServlet'
2025-06-12 20:32:51.125 [http-nio-8080-exec-1] INFO  o.s.web.servlet.DispatcherServlet - Initializing Servlet 'dispatcherServlet'
2025-06-12 20:32:51.125 [http-nio-8080-exec-1] INFO  o.s.web.servlet.DispatcherServlet - Completed initialization in 0 ms
2025-06-12 20:32:51.139 [Test worker] INFO  o.s.b.w.e.tomcat.GracefulShutdown - Commencing graceful shutdown. Waiting for active requests to complete
2025-06-12 20:32:51.139 [tomcat-shutdown] INFO  o.a.coyote.http11.Http11NioProtocol - Pausing ProtocolHandler ["http-nio-8080"]
2025-06-12 20:32:51.140 [tomcat-shutdown] INFO  o.s.b.w.e.tomcat.GracefulShutdown - Graceful shutdown complete
2025-06-12 20:32:51.140 [Test worker] INFO  o.a.coyote.http11.Http11NioProtocol - Stopping ProtocolHandler ["http-nio-8080"]
2025-06-12 20:32:51.141 [Test worker] INFO  o.s.o.j.LocalContainerEntityManagerFactoryBean - Closing JPA EntityManagerFactory for persistence unit 'default'
2025-06-12 20:32:51.143 [Test worker] INFO  com.zaxxer.hikari.HikariDataSource - HikariPool-8 - Shutdown initiated...
2025-06-12 20:32:51.171 [Test worker] INFO  com.zaxxer.hikari.HikariDataSource - HikariPool-8 - Shutdown completed.
2025-06-12 20:32:51.182 [Test worker] INFO  roomescape.api.AuthApiTest - Starting AuthApiTest using Java 21.0.4 with PID 94104 (started by yuseokhyeon in /Users/yuseokhyeon/woowa7/level2/spring-roomescape-payment)
2025-06-12 20:32:51.182 [Test worker] INFO  roomescape.api.AuthApiTest - No active profile set, falling back to 1 default profile: "default"
2025-06-12 20:32:51.243 [Test worker] INFO  o.s.d.r.c.RepositoryConfigurationDelegate - Bootstrapping Spring Data JPA repositories in DEFAULT mode.
2025-06-12 20:32:51.249 [Test worker] INFO  o.s.d.r.c.RepositoryConfigurationDelegate - Finished Spring Data repository scanning in 5 ms. Found 6 JPA repository interfaces.
2025-06-12 20:32:51.269 [Test worker] INFO  o.s.b.w.e.tomcat.TomcatWebServer - Tomcat initialized with port 8080 (http)
2025-06-12 20:32:51.269 [Test worker] INFO  o.a.coyote.http11.Http11NioProtocol - Initializing ProtocolHandler ["http-nio-8080"]
2025-06-12 20:32:51.269 [Test worker] INFO  o.a.catalina.core.StandardService - Starting service [Tomcat]
2025-06-12 20:32:51.270 [Test worker] INFO  o.a.catalina.core.StandardEngine - Starting Servlet engine: [Apache Tomcat/10.1.33]
2025-06-12 20:32:51.276 [Test worker] INFO  o.a.c.c.C.[Tomcat].[localhost].[/] - Initializing Spring embedded WebApplicationContext
2025-06-12 20:32:51.276 [Test worker] INFO  o.s.b.w.s.c.ServletWebServerApplicationContext - Root WebApplicationContext: initialization completed in 94 ms
2025-06-12 20:32:51.280 [Test worker] INFO  com.zaxxer.hikari.HikariDataSource - HikariPool-9 - Starting...
2025-06-12 20:32:51.281 [Test worker] INFO  com.zaxxer.hikari.pool.HikariPool - HikariPool-9 - Added connection conn47: url=jdbc:h2:mem:database user=SA
2025-06-12 20:32:51.281 [Test worker] INFO  com.zaxxer.hikari.HikariDataSource - HikariPool-9 - Start completed.
2025-06-12 20:32:51.281 [Test worker] INFO  o.s.b.a.h.H2ConsoleAutoConfiguration - H2 console available at '/h2-console'. Database available at 'jdbc:h2:mem:database'
2025-06-12 20:32:51.293 [Test worker] INFO  o.h.jpa.internal.util.LogHelper - HHH000204: Processing PersistenceUnitInfo [name: default]
2025-06-12 20:32:51.294 [Test worker] INFO  o.h.c.i.RegionFactoryInitiator - HHH000026: Second-level cache disabled
2025-06-12 20:32:51.298 [Test worker] INFO  o.s.o.j.p.SpringPersistenceUnitInfo - No LoadTimeWeaver setup: ignoring JPA class transformer
2025-06-12 20:32:51.298 [Test worker] INFO  o.hibernate.orm.connections.pooling - HHH10001005: Database info:
	Database JDBC URL [Connecting through datasource 'HikariDataSource (HikariPool-9)']
	Database driver: undefined/unknown
	Database version: 2.3.232
	Autocommit mode: undefined/unknown
	Isolation level: undefined/unknown
	Minimum pool size: undefined/unknown
	Maximum pool size: undefined/unknown
2025-06-12 20:32:51.328 [Test worker] INFO  o.h.e.t.j.p.i.JtaPlatformInitiator - HHH000489: No JTA platform available (set 'hibernate.transaction.jta.platform' to enable JTA platform integration)
2025-06-12 20:32:51.332 [Test worker] INFO  o.s.o.j.LocalContainerEntityManagerFactoryBean - Initialized JPA EntityManagerFactory for persistence unit 'default'
2025-06-12 20:32:51.365 [Test worker] WARN  o.s.b.a.o.j.JpaBaseConfiguration$JpaWebConfiguration - spring.jpa.open-in-view is enabled by default. Therefore, database queries may be performed during view rendering. Explicitly configure spring.jpa.open-in-view to disable this warning
2025-06-12 20:32:51.368 [Test worker] INFO  o.s.b.a.w.s.WelcomePageHandlerMapping - Adding welcome page template: index
2025-06-12 20:32:51.400 [Test worker] INFO  o.a.coyote.http11.Http11NioProtocol - Starting ProtocolHandler ["http-nio-8080"]
2025-06-12 20:32:51.401 [Test worker] INFO  o.s.b.w.e.tomcat.TomcatWebServer - Tomcat started on port 8080 (http) with context path '/'
2025-06-12 20:32:51.403 [Test worker] INFO  roomescape.api.AuthApiTest - Started AuthApiTest in 0.231 seconds (process running for 8.005)
2025-06-12 20:32:51.412 [http-nio-8080-exec-1] INFO  o.a.c.c.C.[Tomcat].[localhost].[/] - Initializing Spring DispatcherServlet 'dispatcherServlet'
2025-06-12 20:32:51.412 [http-nio-8080-exec-1] INFO  o.s.web.servlet.DispatcherServlet - Initializing Servlet 'dispatcherServlet'
2025-06-12 20:32:51.413 [http-nio-8080-exec-1] INFO  o.s.web.servlet.DispatcherServlet - Completed initialization in 1 ms
2025-06-12 20:32:51.497 [http-nio-8080-exec-1] INFO  r.presentation.AuthController - 유저 로그인: email=email1@domain.com
2025-06-12 20:32:51.513 [Test worker] INFO  o.s.b.w.e.tomcat.GracefulShutdown - Commencing graceful shutdown. Waiting for active requests to complete
2025-06-12 20:32:51.513 [tomcat-shutdown] INFO  o.a.coyote.http11.Http11NioProtocol - Pausing ProtocolHandler ["http-nio-8080"]
2025-06-12 20:32:51.514 [tomcat-shutdown] INFO  o.s.b.w.e.tomcat.GracefulShutdown - Graceful shutdown complete
2025-06-12 20:32:51.515 [Test worker] INFO  o.a.coyote.http11.Http11NioProtocol - Stopping ProtocolHandler ["http-nio-8080"]
2025-06-12 20:32:51.516 [Test worker] INFO  o.s.o.j.LocalContainerEntityManagerFactoryBean - Closing JPA EntityManagerFactory for persistence unit 'default'
2025-06-12 20:32:51.517 [Test worker] INFO  com.zaxxer.hikari.HikariDataSource - HikariPool-9 - Shutdown initiated...
2025-06-12 20:32:51.531 [Test worker] INFO  com.zaxxer.hikari.HikariDataSource - HikariPool-9 - Shutdown completed.
2025-06-12 20:32:51.547 [Test worker] INFO  roomescape.api.AuthApiTest - Starting AuthApiTest using Java 21.0.4 with PID 94104 (started by yuseokhyeon in /Users/yuseokhyeon/woowa7/level2/spring-roomescape-payment)
2025-06-12 20:32:51.547 [Test worker] INFO  roomescape.api.AuthApiTest - No active profile set, falling back to 1 default profile: "default"
2025-06-12 20:32:51.607 [Test worker] INFO  o.s.d.r.c.RepositoryConfigurationDelegate - Bootstrapping Spring Data JPA repositories in DEFAULT mode.
2025-06-12 20:32:51.613 [Test worker] INFO  o.s.d.r.c.RepositoryConfigurationDelegate - Finished Spring Data repository scanning in 5 ms. Found 6 JPA repository interfaces.
2025-06-12 20:32:51.635 [Test worker] INFO  o.s.b.w.e.tomcat.TomcatWebServer - Tomcat initialized with port 8080 (http)
2025-06-12 20:32:51.636 [Test worker] INFO  o.a.coyote.http11.Http11NioProtocol - Initializing ProtocolHandler ["http-nio-8080"]
2025-06-12 20:32:51.636 [Test worker] INFO  o.a.catalina.core.StandardService - Starting service [Tomcat]
2025-06-12 20:32:51.636 [Test worker] INFO  o.a.catalina.core.StandardEngine - Starting Servlet engine: [Apache Tomcat/10.1.33]
2025-06-12 20:32:51.643 [Test worker] INFO  o.a.c.c.C.[Tomcat].[localhost].[/] - Initializing Spring embedded WebApplicationContext
2025-06-12 20:32:51.643 [Test worker] INFO  o.s.b.w.s.c.ServletWebServerApplicationContext - Root WebApplicationContext: initialization completed in 95 ms
2025-06-12 20:32:51.647 [Test worker] INFO  com.zaxxer.hikari.HikariDataSource - HikariPool-10 - Starting...
2025-06-12 20:32:51.648 [Test worker] INFO  com.zaxxer.hikari.pool.HikariPool - HikariPool-10 - Added connection conn51: url=jdbc:h2:mem:database user=SA
2025-06-12 20:32:51.648 [Test worker] INFO  com.zaxxer.hikari.HikariDataSource - HikariPool-10 - Start completed.
2025-06-12 20:32:51.648 [Test worker] INFO  o.s.b.a.h.H2ConsoleAutoConfiguration - H2 console available at '/h2-console'. Database available at 'jdbc:h2:mem:database'
2025-06-12 20:32:51.657 [Test worker] INFO  o.h.jpa.internal.util.LogHelper - HHH000204: Processing PersistenceUnitInfo [name: default]
2025-06-12 20:32:51.658 [Test worker] INFO  o.h.c.i.RegionFactoryInitiator - HHH000026: Second-level cache disabled
2025-06-12 20:32:51.661 [Test worker] INFO  o.s.o.j.p.SpringPersistenceUnitInfo - No LoadTimeWeaver setup: ignoring JPA class transformer
2025-06-12 20:32:51.662 [Test worker] INFO  o.hibernate.orm.connections.pooling - HHH10001005: Database info:
	Database JDBC URL [Connecting through datasource 'HikariDataSource (HikariPool-10)']
	Database driver: undefined/unknown
	Database version: 2.3.232
	Autocommit mode: undefined/unknown
	Isolation level: undefined/unknown
	Minimum pool size: undefined/unknown
	Maximum pool size: undefined/unknown
2025-06-12 20:32:51.698 [Test worker] INFO  o.h.e.t.j.p.i.JtaPlatformInitiator - HHH000489: No JTA platform available (set 'hibernate.transaction.jta.platform' to enable JTA platform integration)
2025-06-12 20:32:51.702 [Test worker] INFO  o.s.o.j.LocalContainerEntityManagerFactoryBean - Initialized JPA EntityManagerFactory for persistence unit 'default'
2025-06-12 20:32:51.743 [Test worker] WARN  o.s.b.a.o.j.JpaBaseConfiguration$JpaWebConfiguration - spring.jpa.open-in-view is enabled by default. Therefore, database queries may be performed during view rendering. Explicitly configure spring.jpa.open-in-view to disable this warning
2025-06-12 20:32:51.745 [Test worker] INFO  o.s.b.a.w.s.WelcomePageHandlerMapping - Adding welcome page template: index
2025-06-12 20:32:51.778 [Test worker] INFO  o.a.coyote.http11.Http11NioProtocol - Starting ProtocolHandler ["http-nio-8080"]
2025-06-12 20:32:51.779 [Test worker] INFO  o.s.b.w.e.tomcat.TomcatWebServer - Tomcat started on port 8080 (http) with context path '/'
2025-06-12 20:32:51.781 [Test worker] INFO  roomescape.api.AuthApiTest - Started AuthApiTest in 0.248 seconds (process running for 8.383)
2025-06-12 20:32:51.795 [http-nio-8080-exec-1] INFO  o.a.c.c.C.[Tomcat].[localhost].[/] - Initializing Spring DispatcherServlet 'dispatcherServlet'
2025-06-12 20:32:51.795 [http-nio-8080-exec-1] INFO  o.s.web.servlet.DispatcherServlet - Initializing Servlet 'dispatcherServlet'
2025-06-12 20:32:51.796 [http-nio-8080-exec-1] INFO  o.s.web.servlet.DispatcherServlet - Completed initialization in 1 ms
2025-06-12 20:32:51.798 [http-nio-8080-exec-1] WARN  r.exception.GlobalExceptionHandler - 권한 없음: message = 유효하지 않은 토큰입니다., status = 401 UNAUTHORIZED
2025-06-12 20:32:51.803 [Test worker] INFO  o.s.t.c.s.AnnotationConfigContextLoaderUtils - Could not detect default configuration classes for test class [roomescape.api.MemberApiTest]: MemberApiTest does not declare any static, non-private, non-final, nested classes annotated with @Configuration.
2025-06-12 20:32:51.804 [Test worker] INFO  o.s.b.t.c.SpringBootTestContextBootstrapper - Found @SpringBootConfiguration roomescape.RoomescapeApplication for test class roomescape.api.MemberApiTest
2025-06-12 20:32:51.806 [Test worker] INFO  o.s.b.w.e.tomcat.GracefulShutdown - Commencing graceful shutdown. Waiting for active requests to complete
2025-06-12 20:32:51.807 [tomcat-shutdown] INFO  o.a.coyote.http11.Http11NioProtocol - Pausing ProtocolHandler ["http-nio-8080"]
2025-06-12 20:32:51.808 [tomcat-shutdown] INFO  o.s.b.w.e.tomcat.GracefulShutdown - Graceful shutdown complete
2025-06-12 20:32:51.808 [Test worker] INFO  o.a.coyote.http11.Http11NioProtocol - Stopping ProtocolHandler ["http-nio-8080"]
2025-06-12 20:32:51.809 [Test worker] INFO  o.s.o.j.LocalContainerEntityManagerFactoryBean - Closing JPA EntityManagerFactory for persistence unit 'default'
2025-06-12 20:32:51.810 [Test worker] INFO  com.zaxxer.hikari.HikariDataSource - HikariPool-10 - Shutdown initiated...
2025-06-12 20:32:51.816 [Test worker] INFO  com.zaxxer.hikari.HikariDataSource - HikariPool-10 - Shutdown completed.
2025-06-12 20:32:51.829 [Test worker] INFO  roomescape.api.MemberApiTest - Starting MemberApiTest using Java 21.0.4 with PID 94104 (started by yuseokhyeon in /Users/yuseokhyeon/woowa7/level2/spring-roomescape-payment)
2025-06-12 20:32:51.829 [Test worker] INFO  roomescape.api.MemberApiTest - No active profile set, falling back to 1 default profile: "default"
2025-06-12 20:32:51.888 [Test worker] INFO  o.s.d.r.c.RepositoryConfigurationDelegate - Bootstrapping Spring Data JPA repositories in DEFAULT mode.
2025-06-12 20:32:51.894 [Test worker] INFO  o.s.d.r.c.RepositoryConfigurationDelegate - Finished Spring Data repository scanning in 5 ms. Found 6 JPA repository interfaces.
2025-06-12 20:32:51.915 [Test worker] INFO  o.s.b.w.e.tomcat.TomcatWebServer - Tomcat initialized with port 8080 (http)
2025-06-12 20:32:51.915 [Test worker] INFO  o.a.coyote.http11.Http11NioProtocol - Initializing ProtocolHandler ["http-nio-8080"]
2025-06-12 20:32:51.915 [Test worker] INFO  o.a.catalina.core.StandardService - Starting service [Tomcat]
2025-06-12 20:32:51.915 [Test worker] INFO  o.a.catalina.core.StandardEngine - Starting Servlet engine: [Apache Tomcat/10.1.33]
2025-06-12 20:32:51.921 [Test worker] INFO  o.a.c.c.C.[Tomcat].[localhost].[/] - Initializing Spring embedded WebApplicationContext
2025-06-12 20:32:51.921 [Test worker] INFO  o.s.b.w.s.c.ServletWebServerApplicationContext - Root WebApplicationContext: initialization completed in 91 ms
2025-06-12 20:32:51.925 [Test worker] INFO  com.zaxxer.hikari.HikariDataSource - HikariPool-11 - Starting...
2025-06-12 20:32:51.925 [Test worker] INFO  com.zaxxer.hikari.pool.HikariPool - HikariPool-11 - Added connection conn54: url=jdbc:h2:mem:database user=SA
2025-06-12 20:32:51.925 [Test worker] INFO  com.zaxxer.hikari.HikariDataSource - HikariPool-11 - Start completed.
2025-06-12 20:32:51.925 [Test worker] INFO  o.s.b.a.h.H2ConsoleAutoConfiguration - H2 console available at '/h2-console'. Database available at 'jdbc:h2:mem:database'
2025-06-12 20:32:51.934 [Test worker] INFO  o.h.jpa.internal.util.LogHelper - HHH000204: Processing PersistenceUnitInfo [name: default]
2025-06-12 20:32:51.935 [Test worker] INFO  o.h.c.i.RegionFactoryInitiator - HHH000026: Second-level cache disabled
2025-06-12 20:32:51.938 [Test worker] INFO  o.s.o.j.p.SpringPersistenceUnitInfo - No LoadTimeWeaver setup: ignoring JPA class transformer
2025-06-12 20:32:51.938 [Test worker] INFO  o.hibernate.orm.connections.pooling - HHH10001005: Database info:
	Database JDBC URL [Connecting through datasource 'HikariDataSource (HikariPool-11)']
	Database driver: undefined/unknown
	Database version: 2.3.232
	Autocommit mode: undefined/unknown
	Isolation level: undefined/unknown
	Minimum pool size: undefined/unknown
	Maximum pool size: undefined/unknown
2025-06-12 20:32:51.985 [Test worker] INFO  o.h.e.t.j.p.i.JtaPlatformInitiator - HHH000489: No JTA platform available (set 'hibernate.transaction.jta.platform' to enable JTA platform integration)
2025-06-12 20:32:51.990 [Test worker] INFO  o.s.o.j.LocalContainerEntityManagerFactoryBean - Initialized JPA EntityManagerFactory for persistence unit 'default'
2025-06-12 20:32:52.031 [Test worker] WARN  o.s.b.a.o.j.JpaBaseConfiguration$JpaWebConfiguration - spring.jpa.open-in-view is enabled by default. Therefore, database queries may be performed during view rendering. Explicitly configure spring.jpa.open-in-view to disable this warning
2025-06-12 20:32:52.033 [Test worker] INFO  o.s.b.a.w.s.WelcomePageHandlerMapping - Adding welcome page template: index
2025-06-12 20:32:52.065 [Test worker] INFO  o.a.coyote.http11.Http11NioProtocol - Starting ProtocolHandler ["http-nio-8080"]
2025-06-12 20:32:52.066 [Test worker] INFO  o.s.b.w.e.tomcat.TomcatWebServer - Tomcat started on port 8080 (http) with context path '/'
2025-06-12 20:32:52.069 [Test worker] INFO  roomescape.api.MemberApiTest - Started MemberApiTest in 0.249 seconds (process running for 8.671)
2025-06-12 20:32:52.077 [http-nio-8080-exec-1] INFO  o.a.c.c.C.[Tomcat].[localhost].[/] - Initializing Spring DispatcherServlet 'dispatcherServlet'
2025-06-12 20:32:52.077 [http-nio-8080-exec-1] INFO  o.s.web.servlet.DispatcherServlet - Initializing Servlet 'dispatcherServlet'
2025-06-12 20:32:52.077 [http-nio-8080-exec-1] INFO  o.s.web.servlet.DispatcherServlet - Completed initialization in 0 ms
2025-06-12 20:32:52.094 [Test worker] INFO  o.s.b.w.e.tomcat.GracefulShutdown - Commencing graceful shutdown. Waiting for active requests to complete
2025-06-12 20:32:52.094 [tomcat-shutdown] INFO  o.a.coyote.http11.Http11NioProtocol - Pausing ProtocolHandler ["http-nio-8080"]
2025-06-12 20:32:52.095 [tomcat-shutdown] INFO  o.s.b.w.e.tomcat.GracefulShutdown - Graceful shutdown complete
2025-06-12 20:32:52.095 [Test worker] INFO  o.a.coyote.http11.Http11NioProtocol - Stopping ProtocolHandler ["http-nio-8080"]
2025-06-12 20:32:52.096 [Test worker] INFO  o.s.o.j.LocalContainerEntityManagerFactoryBean - Closing JPA EntityManagerFactory for persistence unit 'default'
2025-06-12 20:32:52.097 [Test worker] INFO  com.zaxxer.hikari.HikariDataSource - HikariPool-11 - Shutdown initiated...
2025-06-12 20:32:52.132 [Test worker] INFO  com.zaxxer.hikari.HikariDataSource - HikariPool-11 - Shutdown completed.
2025-06-12 20:32:52.143 [Test worker] INFO  roomescape.api.MemberApiTest - Starting MemberApiTest using Java 21.0.4 with PID 94104 (started by yuseokhyeon in /Users/yuseokhyeon/woowa7/level2/spring-roomescape-payment)
2025-06-12 20:32:52.143 [Test worker] INFO  roomescape.api.MemberApiTest - No active profile set, falling back to 1 default profile: "default"
2025-06-12 20:32:52.197 [Test worker] INFO  o.s.d.r.c.RepositoryConfigurationDelegate - Bootstrapping Spring Data JPA repositories in DEFAULT mode.
2025-06-12 20:32:52.203 [Test worker] INFO  o.s.d.r.c.RepositoryConfigurationDelegate - Finished Spring Data repository scanning in 4 ms. Found 6 JPA repository interfaces.
2025-06-12 20:32:52.222 [Test worker] INFO  o.s.b.w.e.tomcat.TomcatWebServer - Tomcat initialized with port 8080 (http)
2025-06-12 20:32:52.222 [Test worker] INFO  o.a.coyote.http11.Http11NioProtocol - Initializing ProtocolHandler ["http-nio-8080"]
2025-06-12 20:32:52.222 [Test worker] INFO  o.a.catalina.core.StandardService - Starting service [Tomcat]
2025-06-12 20:32:52.222 [Test worker] INFO  o.a.catalina.core.StandardEngine - Starting Servlet engine: [Apache Tomcat/10.1.33]
2025-06-12 20:32:52.229 [Test worker] INFO  o.a.c.c.C.[Tomcat].[localhost].[/] - Initializing Spring embedded WebApplicationContext
2025-06-12 20:32:52.229 [Test worker] INFO  o.s.b.w.s.c.ServletWebServerApplicationContext - Root WebApplicationContext: initialization completed in 85 ms
2025-06-12 20:32:52.236 [Test worker] INFO  com.zaxxer.hikari.HikariDataSource - HikariPool-12 - Starting...
2025-06-12 20:32:52.237 [Test worker] INFO  com.zaxxer.hikari.pool.HikariPool - HikariPool-12 - Added connection conn58: url=jdbc:h2:mem:database user=SA
2025-06-12 20:32:52.237 [Test worker] INFO  com.zaxxer.hikari.HikariDataSource - HikariPool-12 - Start completed.
2025-06-12 20:32:52.237 [Test worker] INFO  o.s.b.a.h.H2ConsoleAutoConfiguration - H2 console available at '/h2-console'. Database available at 'jdbc:h2:mem:database'
2025-06-12 20:32:52.245 [Test worker] INFO  o.h.jpa.internal.util.LogHelper - HHH000204: Processing PersistenceUnitInfo [name: default]
2025-06-12 20:32:52.246 [Test worker] INFO  o.h.c.i.RegionFactoryInitiator - HHH000026: Second-level cache disabled
2025-06-12 20:32:52.249 [Test worker] INFO  o.s.o.j.p.SpringPersistenceUnitInfo - No LoadTimeWeaver setup: ignoring JPA class transformer
2025-06-12 20:32:52.249 [Test worker] INFO  o.hibernate.orm.connections.pooling - HHH10001005: Database info:
	Database JDBC URL [Connecting through datasource 'HikariDataSource (HikariPool-12)']
	Database driver: undefined/unknown
	Database version: 2.3.232
	Autocommit mode: undefined/unknown
	Isolation level: undefined/unknown
	Minimum pool size: undefined/unknown
	Maximum pool size: undefined/unknown
2025-06-12 20:32:52.278 [Test worker] INFO  o.h.e.t.j.p.i.JtaPlatformInitiator - HHH000489: No JTA platform available (set 'hibernate.transaction.jta.platform' to enable JTA platform integration)
2025-06-12 20:32:52.282 [Test worker] INFO  o.s.o.j.LocalContainerEntityManagerFactoryBean - Initialized JPA EntityManagerFactory for persistence unit 'default'
2025-06-12 20:32:52.316 [Test worker] WARN  o.s.b.a.o.j.JpaBaseConfiguration$JpaWebConfiguration - spring.jpa.open-in-view is enabled by default. Therefore, database queries may be performed during view rendering. Explicitly configure spring.jpa.open-in-view to disable this warning
2025-06-12 20:32:52.318 [Test worker] INFO  o.s.b.a.w.s.WelcomePageHandlerMapping - Adding welcome page template: index
2025-06-12 20:32:52.350 [Test worker] INFO  o.a.coyote.http11.Http11NioProtocol - Starting ProtocolHandler ["http-nio-8080"]
2025-06-12 20:32:52.350 [Test worker] INFO  o.s.b.w.e.tomcat.TomcatWebServer - Tomcat started on port 8080 (http) with context path '/'
2025-06-12 20:32:52.352 [Test worker] INFO  roomescape.api.MemberApiTest - Started MemberApiTest in 0.218 seconds (process running for 8.954)
2025-06-12 20:32:52.358 [http-nio-8080-exec-1] INFO  o.a.c.c.C.[Tomcat].[localhost].[/] - Initializing Spring DispatcherServlet 'dispatcherServlet'
2025-06-12 20:32:52.358 [http-nio-8080-exec-1] INFO  o.s.web.servlet.DispatcherServlet - Initializing Servlet 'dispatcherServlet'
2025-06-12 20:32:52.359 [http-nio-8080-exec-1] INFO  o.s.web.servlet.DispatcherServlet - Completed initialization in 1 ms
2025-06-12 20:32:52.378 [http-nio-8080-exec-1] INFO  r.presentation.MemberController - 회원 가입 완료: username=name1, id=1
2025-06-12 20:32:52.390 [Test worker] INFO  o.s.t.c.s.AnnotationConfigContextLoaderUtils - Could not detect default configuration classes for test class [roomescape.api.PageTest]: PageTest does not declare any static, non-private, non-final, nested classes annotated with @Configuration.
2025-06-12 20:32:52.390 [Test worker] INFO  o.s.b.t.c.SpringBootTestContextBootstrapper - Found @SpringBootConfiguration roomescape.RoomescapeApplication for test class roomescape.api.PageTest
2025-06-12 20:32:52.393 [Test worker] INFO  o.s.b.w.e.tomcat.GracefulShutdown - Commencing graceful shutdown. Waiting for active requests to complete
2025-06-12 20:32:52.393 [tomcat-shutdown] INFO  o.a.coyote.http11.Http11NioProtocol - Pausing ProtocolHandler ["http-nio-8080"]
2025-06-12 20:32:52.395 [tomcat-shutdown] INFO  o.s.b.w.e.tomcat.GracefulShutdown - Graceful shutdown complete
2025-06-12 20:32:52.395 [Test worker] INFO  o.a.coyote.http11.Http11NioProtocol - Stopping ProtocolHandler ["http-nio-8080"]
2025-06-12 20:32:52.396 [Test worker] INFO  o.s.o.j.LocalContainerEntityManagerFactoryBean - Closing JPA EntityManagerFactory for persistence unit 'default'
2025-06-12 20:32:52.397 [Test worker] INFO  com.zaxxer.hikari.HikariDataSource - HikariPool-12 - Shutdown initiated...
2025-06-12 20:32:52.412 [Test worker] INFO  com.zaxxer.hikari.HikariDataSource - HikariPool-12 - Shutdown completed.
2025-06-12 20:32:52.424 [Test worker] INFO  roomescape.api.PageTest - Starting PageTest using Java 21.0.4 with PID 94104 (started by yuseokhyeon in /Users/yuseokhyeon/woowa7/level2/spring-roomescape-payment)
2025-06-12 20:32:52.424 [Test worker] INFO  roomescape.api.PageTest - No active profile set, falling back to 1 default profile: "default"
2025-06-12 20:32:52.481 [Test worker] INFO  o.s.d.r.c.RepositoryConfigurationDelegate - Bootstrapping Spring Data JPA repositories in DEFAULT mode.
2025-06-12 20:32:52.488 [Test worker] INFO  o.s.d.r.c.RepositoryConfigurationDelegate - Finished Spring Data repository scanning in 6 ms. Found 6 JPA repository interfaces.
2025-06-12 20:32:52.510 [Test worker] INFO  o.s.b.w.e.tomcat.TomcatWebServer - Tomcat initialized with port 8080 (http)
2025-06-12 20:32:52.510 [Test worker] INFO  o.a.coyote.http11.Http11NioProtocol - Initializing ProtocolHandler ["http-nio-8080"]
2025-06-12 20:32:52.510 [Test worker] INFO  o.a.catalina.core.StandardService - Starting service [Tomcat]
2025-06-12 20:32:52.510 [Test worker] INFO  o.a.catalina.core.StandardEngine - Starting Servlet engine: [Apache Tomcat/10.1.33]
2025-06-12 20:32:52.518 [Test worker] INFO  o.a.c.c.C.[Tomcat].[localhost].[/] - Initializing Spring embedded WebApplicationContext
2025-06-12 20:32:52.518 [Test worker] INFO  o.s.b.w.s.c.ServletWebServerApplicationContext - Root WebApplicationContext: initialization completed in 94 ms
2025-06-12 20:32:52.522 [Test worker] INFO  com.zaxxer.hikari.HikariDataSource - HikariPool-13 - Starting...
2025-06-12 20:32:52.527 [Test worker] INFO  com.zaxxer.hikari.pool.HikariPool - HikariPool-13 - Added connection conn61: url=jdbc:h2:mem:database user=SA
2025-06-12 20:32:52.527 [Test worker] INFO  com.zaxxer.hikari.HikariDataSource - HikariPool-13 - Start completed.
2025-06-12 20:32:52.527 [Test worker] INFO  o.s.b.a.h.H2ConsoleAutoConfiguration - H2 console available at '/h2-console'. Database available at 'jdbc:h2:mem:database'
2025-06-12 20:32:52.543 [Test worker] INFO  o.h.jpa.internal.util.LogHelper - HHH000204: Processing PersistenceUnitInfo [name: default]
2025-06-12 20:32:52.544 [Test worker] INFO  o.h.c.i.RegionFactoryInitiator - HHH000026: Second-level cache disabled
2025-06-12 20:32:52.548 [Test worker] INFO  o.s.o.j.p.SpringPersistenceUnitInfo - No LoadTimeWeaver setup: ignoring JPA class transformer
2025-06-12 20:32:52.549 [Test worker] INFO  o.hibernate.orm.connections.pooling - HHH10001005: Database info:
	Database JDBC URL [Connecting through datasource 'HikariDataSource (HikariPool-13)']
	Database driver: undefined/unknown
	Database version: 2.3.232
	Autocommit mode: undefined/unknown
	Isolation level: undefined/unknown
	Minimum pool size: undefined/unknown
	Maximum pool size: undefined/unknown
2025-06-12 20:32:52.592 [Test worker] INFO  o.h.e.t.j.p.i.JtaPlatformInitiator - HHH000489: No JTA platform available (set 'hibernate.transaction.jta.platform' to enable JTA platform integration)
2025-06-12 20:32:52.596 [Test worker] INFO  o.s.o.j.LocalContainerEntityManagerFactoryBean - Initialized JPA EntityManagerFactory for persistence unit 'default'
2025-06-12 20:32:52.629 [Test worker] WARN  o.s.b.a.o.j.JpaBaseConfiguration$JpaWebConfiguration - spring.jpa.open-in-view is enabled by default. Therefore, database queries may be performed during view rendering. Explicitly configure spring.jpa.open-in-view to disable this warning
2025-06-12 20:32:52.631 [Test worker] INFO  o.s.b.a.w.s.WelcomePageHandlerMapping - Adding welcome page template: index
2025-06-12 20:32:52.667 [Test worker] INFO  o.a.coyote.http11.Http11NioProtocol - Starting ProtocolHandler ["http-nio-8080"]
2025-06-12 20:32:52.669 [Test worker] INFO  o.s.b.w.e.tomcat.TomcatWebServer - Tomcat started on port 8080 (http) with context path '/'
2025-06-12 20:32:52.670 [Test worker] INFO  roomescape.api.PageTest - Started PageTest in 0.256 seconds (process running for 9.272)
2025-06-12 20:32:52.675 [http-nio-8080-exec-1] INFO  o.a.c.c.C.[Tomcat].[localhost].[/] - Initializing Spring DispatcherServlet 'dispatcherServlet'
2025-06-12 20:32:52.675 [http-nio-8080-exec-1] INFO  o.s.web.servlet.DispatcherServlet - Initializing Servlet 'dispatcherServlet'
2025-06-12 20:32:52.675 [http-nio-8080-exec-1] INFO  o.s.web.servlet.DispatcherServlet - Completed initialization in 0 ms
2025-06-12 20:32:53.326 [Test worker] INFO  o.s.b.w.e.tomcat.GracefulShutdown - Commencing graceful shutdown. Waiting for active requests to complete
2025-06-12 20:32:53.327 [tomcat-shutdown] INFO  o.a.coyote.http11.Http11NioProtocol - Pausing ProtocolHandler ["http-nio-8080"]
2025-06-12 20:32:53.328 [tomcat-shutdown] INFO  o.s.b.w.e.tomcat.GracefulShutdown - Graceful shutdown complete
2025-06-12 20:32:53.328 [Test worker] INFO  o.a.coyote.http11.Http11NioProtocol - Stopping ProtocolHandler ["http-nio-8080"]
2025-06-12 20:32:53.329 [Test worker] INFO  o.s.o.j.LocalContainerEntityManagerFactoryBean - Closing JPA EntityManagerFactory for persistence unit 'default'
2025-06-12 20:32:53.330 [Test worker] INFO  com.zaxxer.hikari.HikariDataSource - HikariPool-13 - Shutdown initiated...
2025-06-12 20:32:53.330 [Test worker] INFO  com.zaxxer.hikari.HikariDataSource - HikariPool-13 - Shutdown completed.
2025-06-12 20:32:53.340 [Test worker] INFO  roomescape.api.PageTest - Starting PageTest using Java 21.0.4 with PID 94104 (started by yuseokhyeon in /Users/yuseokhyeon/woowa7/level2/spring-roomescape-payment)
2025-06-12 20:32:53.341 [Test worker] INFO  roomescape.api.PageTest - No active profile set, falling back to 1 default profile: "default"
2025-06-12 20:32:53.398 [Test worker] INFO  o.s.d.r.c.RepositoryConfigurationDelegate - Bootstrapping Spring Data JPA repositories in DEFAULT mode.
2025-06-12 20:32:53.405 [Test worker] INFO  o.s.d.r.c.RepositoryConfigurationDelegate - Finished Spring Data repository scanning in 5 ms. Found 6 JPA repository interfaces.
2025-06-12 20:32:53.425 [Test worker] INFO  o.s.b.w.e.tomcat.TomcatWebServer - Tomcat initialized with port 8080 (http)
2025-06-12 20:32:53.426 [Test worker] INFO  o.a.coyote.http11.Http11NioProtocol - Initializing ProtocolHandler ["http-nio-8080"]
2025-06-12 20:32:53.426 [Test worker] INFO  o.a.catalina.core.StandardService - Starting service [Tomcat]
2025-06-12 20:32:53.426 [Test worker] INFO  o.a.catalina.core.StandardEngine - Starting Servlet engine: [Apache Tomcat/10.1.33]
2025-06-12 20:32:53.432 [Test worker] INFO  o.a.c.c.C.[Tomcat].[localhost].[/] - Initializing Spring embedded WebApplicationContext
2025-06-12 20:32:53.432 [Test worker] INFO  o.s.b.w.s.c.ServletWebServerApplicationContext - Root WebApplicationContext: initialization completed in 91 ms
2025-06-12 20:32:53.435 [Test worker] INFO  com.zaxxer.hikari.HikariDataSource - HikariPool-14 - Starting...
2025-06-12 20:32:53.436 [Test worker] INFO  com.zaxxer.hikari.pool.HikariPool - HikariPool-14 - Added connection conn71: url=jdbc:h2:mem:database user=SA
2025-06-12 20:32:53.436 [Test worker] INFO  com.zaxxer.hikari.HikariDataSource - HikariPool-14 - Start completed.
2025-06-12 20:32:53.436 [Test worker] INFO  o.s.b.a.h.H2ConsoleAutoConfiguration - H2 console available at '/h2-console'. Database available at 'jdbc:h2:mem:database'
2025-06-12 20:32:53.444 [Test worker] INFO  o.h.jpa.internal.util.LogHelper - HHH000204: Processing PersistenceUnitInfo [name: default]
2025-06-12 20:32:53.445 [Test worker] INFO  o.h.c.i.RegionFactoryInitiator - HHH000026: Second-level cache disabled
2025-06-12 20:32:53.448 [Test worker] INFO  o.s.o.j.p.SpringPersistenceUnitInfo - No LoadTimeWeaver setup: ignoring JPA class transformer
2025-06-12 20:32:53.448 [Test worker] INFO  o.hibernate.orm.connections.pooling - HHH10001005: Database info:
	Database JDBC URL [Connecting through datasource 'HikariDataSource (HikariPool-14)']
	Database driver: undefined/unknown
	Database version: 2.3.232
	Autocommit mode: undefined/unknown
	Isolation level: undefined/unknown
	Minimum pool size: undefined/unknown
	Maximum pool size: undefined/unknown
2025-06-12 20:32:53.476 [Test worker] INFO  o.h.e.t.j.p.i.JtaPlatformInitiator - HHH000489: No JTA platform available (set 'hibernate.transaction.jta.platform' to enable JTA platform integration)
2025-06-12 20:32:53.480 [Test worker] INFO  o.s.o.j.LocalContainerEntityManagerFactoryBean - Initialized JPA EntityManagerFactory for persistence unit 'default'
2025-06-12 20:32:53.543 [Test worker] WARN  o.s.b.a.o.j.JpaBaseConfiguration$JpaWebConfiguration - spring.jpa.open-in-view is enabled by default. Therefore, database queries may be performed during view rendering. Explicitly configure spring.jpa.open-in-view to disable this warning
2025-06-12 20:32:53.546 [Test worker] INFO  o.s.b.a.w.s.WelcomePageHandlerMapping - Adding welcome page template: index
2025-06-12 20:32:53.582 [Test worker] INFO  o.a.coyote.http11.Http11NioProtocol - Starting ProtocolHandler ["http-nio-8080"]
2025-06-12 20:32:53.582 [Test worker] INFO  o.s.b.w.e.tomcat.TomcatWebServer - Tomcat started on port 8080 (http) with context path '/'
2025-06-12 20:32:53.584 [Test worker] INFO  roomescape.api.PageTest - Started PageTest in 0.252 seconds (process running for 10.186)
2025-06-12 20:32:53.592 [http-nio-8080-exec-1] INFO  o.a.c.c.C.[Tomcat].[localhost].[/] - Initializing Spring DispatcherServlet 'dispatcherServlet'
2025-06-12 20:32:53.592 [http-nio-8080-exec-1] INFO  o.s.web.servlet.DispatcherServlet - Initializing Servlet 'dispatcherServlet'
2025-06-12 20:32:53.592 [http-nio-8080-exec-1] INFO  o.s.web.servlet.DispatcherServlet - Completed initialization in 0 ms
2025-06-12 20:32:53.598 [http-nio-8080-exec-1] INFO  r.presentation.AuthController - 유저 로그인: email=admin@domain.com
2025-06-12 20:32:53.617 [Test worker] INFO  o.s.b.w.e.tomcat.GracefulShutdown - Commencing graceful shutdown. Waiting for active requests to complete
2025-06-12 20:32:53.617 [tomcat-shutdown] INFO  o.a.coyote.http11.Http11NioProtocol - Pausing ProtocolHandler ["http-nio-8080"]
2025-06-12 20:32:53.618 [tomcat-shutdown] INFO  o.s.b.w.e.tomcat.GracefulShutdown - Graceful shutdown complete
2025-06-12 20:32:53.618 [Test worker] INFO  o.a.coyote.http11.Http11NioProtocol - Stopping ProtocolHandler ["http-nio-8080"]
2025-06-12 20:32:53.619 [Test worker] INFO  o.s.o.j.LocalContainerEntityManagerFactoryBean - Closing JPA EntityManagerFactory for persistence unit 'default'
2025-06-12 20:32:53.620 [Test worker] INFO  com.zaxxer.hikari.HikariDataSource - HikariPool-14 - Shutdown initiated...
2025-06-12 20:32:53.643 [Test worker] INFO  com.zaxxer.hikari.HikariDataSource - HikariPool-14 - Shutdown completed.
2025-06-12 20:32:53.654 [Test worker] INFO  roomescape.api.PageTest - Starting PageTest using Java 21.0.4 with PID 94104 (started by yuseokhyeon in /Users/yuseokhyeon/woowa7/level2/spring-roomescape-payment)
2025-06-12 20:32:53.654 [Test worker] INFO  roomescape.api.PageTest - No active profile set, falling back to 1 default profile: "default"
2025-06-12 20:32:53.711 [Test worker] INFO  o.s.d.r.c.RepositoryConfigurationDelegate - Bootstrapping Spring Data JPA repositories in DEFAULT mode.
2025-06-12 20:32:53.716 [Test worker] INFO  o.s.d.r.c.RepositoryConfigurationDelegate - Finished Spring Data repository scanning in 4 ms. Found 6 JPA repository interfaces.
2025-06-12 20:32:53.734 [Test worker] INFO  o.s.b.w.e.tomcat.TomcatWebServer - Tomcat initialized with port 8080 (http)
2025-06-12 20:32:53.735 [Test worker] INFO  o.a.coyote.http11.Http11NioProtocol - Initializing ProtocolHandler ["http-nio-8080"]
2025-06-12 20:32:53.735 [Test worker] INFO  o.a.catalina.core.StandardService - Starting service [Tomcat]
2025-06-12 20:32:53.735 [Test worker] INFO  o.a.catalina.core.StandardEngine - Starting Servlet engine: [Apache Tomcat/10.1.33]
2025-06-12 20:32:53.741 [Test worker] INFO  o.a.c.c.C.[Tomcat].[localhost].[/] - Initializing Spring embedded WebApplicationContext
2025-06-12 20:32:53.741 [Test worker] INFO  o.s.b.w.s.c.ServletWebServerApplicationContext - Root WebApplicationContext: initialization completed in 87 ms
2025-06-12 20:32:53.745 [Test worker] INFO  com.zaxxer.hikari.HikariDataSource - HikariPool-15 - Starting...
2025-06-12 20:32:53.745 [Test worker] INFO  com.zaxxer.hikari.pool.HikariPool - HikariPool-15 - Added connection conn75: url=jdbc:h2:mem:database user=SA
2025-06-12 20:32:53.745 [Test worker] INFO  com.zaxxer.hikari.HikariDataSource - HikariPool-15 - Start completed.
2025-06-12 20:32:53.745 [Test worker] INFO  o.s.b.a.h.H2ConsoleAutoConfiguration - H2 console available at '/h2-console'. Database available at 'jdbc:h2:mem:database'
2025-06-12 20:32:53.753 [Test worker] INFO  o.h.jpa.internal.util.LogHelper - HHH000204: Processing PersistenceUnitInfo [name: default]
2025-06-12 20:32:53.753 [Test worker] INFO  o.h.c.i.RegionFactoryInitiator - HHH000026: Second-level cache disabled
2025-06-12 20:32:53.756 [Test worker] INFO  o.s.o.j.p.SpringPersistenceUnitInfo - No LoadTimeWeaver setup: ignoring JPA class transformer
2025-06-12 20:32:53.757 [Test worker] INFO  o.hibernate.orm.connections.pooling - HHH10001005: Database info:
	Database JDBC URL [Connecting through datasource 'HikariDataSource (HikariPool-15)']
	Database driver: undefined/unknown
	Database version: 2.3.232
	Autocommit mode: undefined/unknown
	Isolation level: undefined/unknown
	Minimum pool size: undefined/unknown
	Maximum pool size: undefined/unknown
2025-06-12 20:32:53.786 [Test worker] INFO  o.h.e.t.j.p.i.JtaPlatformInitiator - HHH000489: No JTA platform available (set 'hibernate.transaction.jta.platform' to enable JTA platform integration)
2025-06-12 20:32:53.790 [Test worker] INFO  o.s.o.j.LocalContainerEntityManagerFactoryBean - Initialized JPA EntityManagerFactory for persistence unit 'default'
2025-06-12 20:32:53.824 [Test worker] WARN  o.s.b.a.o.j.JpaBaseConfiguration$JpaWebConfiguration - spring.jpa.open-in-view is enabled by default. Therefore, database queries may be performed during view rendering. Explicitly configure spring.jpa.open-in-view to disable this warning
2025-06-12 20:32:53.826 [Test worker] INFO  o.s.b.a.w.s.WelcomePageHandlerMapping - Adding welcome page template: index
2025-06-12 20:32:53.857 [Test worker] INFO  o.a.coyote.http11.Http11NioProtocol - Starting ProtocolHandler ["http-nio-8080"]
2025-06-12 20:32:53.858 [Test worker] INFO  o.s.b.w.e.tomcat.TomcatWebServer - Tomcat started on port 8080 (http) with context path '/'
2025-06-12 20:32:53.859 [Test worker] INFO  roomescape.api.PageTest - Started PageTest in 0.213 seconds (process running for 10.461)
2025-06-12 20:32:53.865 [http-nio-8080-exec-1] INFO  o.a.c.c.C.[Tomcat].[localhost].[/] - Initializing Spring DispatcherServlet 'dispatcherServlet'
2025-06-12 20:32:53.865 [http-nio-8080-exec-1] INFO  o.s.web.servlet.DispatcherServlet - Initializing Servlet 'dispatcherServlet'
2025-06-12 20:32:53.866 [http-nio-8080-exec-1] INFO  o.s.web.servlet.DispatcherServlet - Completed initialization in 1 ms
2025-06-12 20:32:53.871 [http-nio-8080-exec-1] INFO  r.presentation.AuthController - 유저 로그인: email=member1@domain.com
2025-06-12 20:32:53.905 [Test worker] INFO  o.s.b.w.e.tomcat.GracefulShutdown - Commencing graceful shutdown. Waiting for active requests to complete
2025-06-12 20:32:53.906 [tomcat-shutdown] INFO  o.a.coyote.http11.Http11NioProtocol - Pausing ProtocolHandler ["http-nio-8080"]
2025-06-12 20:32:53.907 [tomcat-shutdown] INFO  o.s.b.w.e.tomcat.GracefulShutdown - Graceful shutdown complete
2025-06-12 20:32:53.908 [Test worker] INFO  o.a.coyote.http11.Http11NioProtocol - Stopping ProtocolHandler ["http-nio-8080"]
2025-06-12 20:32:53.909 [Test worker] INFO  o.s.o.j.LocalContainerEntityManagerFactoryBean - Closing JPA EntityManagerFactory for persistence unit 'default'
2025-06-12 20:32:53.910 [Test worker] INFO  com.zaxxer.hikari.HikariDataSource - HikariPool-15 - Shutdown initiated...
2025-06-12 20:32:53.917 [Test worker] INFO  com.zaxxer.hikari.HikariDataSource - HikariPool-15 - Shutdown completed.
2025-06-12 20:32:53.945 [Test worker] INFO  roomescape.api.PageTest - Starting PageTest using Java 21.0.4 with PID 94104 (started by yuseokhyeon in /Users/yuseokhyeon/woowa7/level2/spring-roomescape-payment)
2025-06-12 20:32:53.945 [Test worker] INFO  roomescape.api.PageTest - No active profile set, falling back to 1 default profile: "default"
2025-06-12 20:32:54.004 [Test worker] INFO  o.s.d.r.c.RepositoryConfigurationDelegate - Bootstrapping Spring Data JPA repositories in DEFAULT mode.
2025-06-12 20:32:54.009 [Test worker] INFO  o.s.d.r.c.RepositoryConfigurationDelegate - Finished Spring Data repository scanning in 4 ms. Found 6 JPA repository interfaces.
2025-06-12 20:32:54.030 [Test worker] INFO  o.s.b.w.e.tomcat.TomcatWebServer - Tomcat initialized with port 8080 (http)
2025-06-12 20:32:54.030 [Test worker] INFO  o.a.coyote.http11.Http11NioProtocol - Initializing ProtocolHandler ["http-nio-8080"]
2025-06-12 20:32:54.030 [Test worker] INFO  o.a.catalina.core.StandardService - Starting service [Tomcat]
2025-06-12 20:32:54.030 [Test worker] INFO  o.a.catalina.core.StandardEngine - Starting Servlet engine: [Apache Tomcat/10.1.33]
2025-06-12 20:32:54.036 [Test worker] INFO  o.a.c.c.C.[Tomcat].[localhost].[/] - Initializing Spring embedded WebApplicationContext
2025-06-12 20:32:54.036 [Test worker] INFO  o.s.b.w.s.c.ServletWebServerApplicationContext - Root WebApplicationContext: initialization completed in 90 ms
2025-06-12 20:32:54.039 [Test worker] INFO  com.zaxxer.hikari.HikariDataSource - HikariPool-16 - Starting...
2025-06-12 20:32:54.040 [Test worker] INFO  com.zaxxer.hikari.pool.HikariPool - HikariPool-16 - Added connection conn78: url=jdbc:h2:mem:database user=SA
2025-06-12 20:32:54.040 [Test worker] INFO  com.zaxxer.hikari.HikariDataSource - HikariPool-16 - Start completed.
2025-06-12 20:32:54.040 [Test worker] INFO  o.s.b.a.h.H2ConsoleAutoConfiguration - H2 console available at '/h2-console'. Database available at 'jdbc:h2:mem:database'
2025-06-12 20:32:54.047 [Test worker] INFO  o.h.jpa.internal.util.LogHelper - HHH000204: Processing PersistenceUnitInfo [name: default]
2025-06-12 20:32:54.048 [Test worker] INFO  o.h.c.i.RegionFactoryInitiator - HHH000026: Second-level cache disabled
2025-06-12 20:32:54.051 [Test worker] INFO  o.s.o.j.p.SpringPersistenceUnitInfo - No LoadTimeWeaver setup: ignoring JPA class transformer
2025-06-12 20:32:54.052 [Test worker] INFO  o.hibernate.orm.connections.pooling - HHH10001005: Database info:
	Database JDBC URL [Connecting through datasource 'HikariDataSource (HikariPool-16)']
	Database driver: undefined/unknown
	Database version: 2.3.232
	Autocommit mode: undefined/unknown
	Isolation level: undefined/unknown
	Minimum pool size: undefined/unknown
	Maximum pool size: undefined/unknown
2025-06-12 20:32:54.079 [Test worker] INFO  o.h.e.t.j.p.i.JtaPlatformInitiator - HHH000489: No JTA platform available (set 'hibernate.transaction.jta.platform' to enable JTA platform integration)
2025-06-12 20:32:54.083 [Test worker] INFO  o.s.o.j.LocalContainerEntityManagerFactoryBean - Initialized JPA EntityManagerFactory for persistence unit 'default'
2025-06-12 20:32:54.116 [Test worker] WARN  o.s.b.a.o.j.JpaBaseConfiguration$JpaWebConfiguration - spring.jpa.open-in-view is enabled by default. Therefore, database queries may be performed during view rendering. Explicitly configure spring.jpa.open-in-view to disable this warning
2025-06-12 20:32:54.118 [Test worker] INFO  o.s.b.a.w.s.WelcomePageHandlerMapping - Adding welcome page template: index
2025-06-12 20:32:54.152 [Test worker] INFO  o.a.coyote.http11.Http11NioProtocol - Starting ProtocolHandler ["http-nio-8080"]
2025-06-12 20:32:54.153 [Test worker] INFO  o.s.b.w.e.tomcat.TomcatWebServer - Tomcat started on port 8080 (http) with context path '/'
2025-06-12 20:32:54.154 [Test worker] INFO  roomescape.api.PageTest - Started PageTest in 0.233 seconds (process running for 10.756)
2025-06-12 20:32:54.162 [http-nio-8080-exec-1] INFO  o.a.c.c.C.[Tomcat].[localhost].[/] - Initializing Spring DispatcherServlet 'dispatcherServlet'
2025-06-12 20:32:54.162 [http-nio-8080-exec-1] INFO  o.s.web.servlet.DispatcherServlet - Initializing Servlet 'dispatcherServlet'
2025-06-12 20:32:54.162 [http-nio-8080-exec-1] INFO  o.s.web.servlet.DispatcherServlet - Completed initialization in 0 ms
2025-06-12 20:32:54.169 [http-nio-8080-exec-1] INFO  r.presentation.AuthController - 유저 로그인: email=member1@domain.com
2025-06-12 20:32:54.189 [Test worker] INFO  o.s.b.w.e.tomcat.GracefulShutdown - Commencing graceful shutdown. Waiting for active requests to complete
2025-06-12 20:32:54.190 [tomcat-shutdown] INFO  o.a.coyote.http11.Http11NioProtocol - Pausing ProtocolHandler ["http-nio-8080"]
2025-06-12 20:32:54.191 [tomcat-shutdown] INFO  o.s.b.w.e.tomcat.GracefulShutdown - Graceful shutdown complete
2025-06-12 20:32:54.191 [Test worker] INFO  o.a.coyote.http11.Http11NioProtocol - Stopping ProtocolHandler ["http-nio-8080"]
2025-06-12 20:32:54.192 [Test worker] INFO  o.s.o.j.LocalContainerEntityManagerFactoryBean - Closing JPA EntityManagerFactory for persistence unit 'default'
2025-06-12 20:32:54.193 [Test worker] INFO  com.zaxxer.hikari.HikariDataSource - HikariPool-16 - Shutdown initiated...
2025-06-12 20:32:54.213 [Test worker] INFO  com.zaxxer.hikari.HikariDataSource - HikariPool-16 - Shutdown completed.
2025-06-12 20:32:54.222 [Test worker] INFO  roomescape.api.PageTest - Starting PageTest using Java 21.0.4 with PID 94104 (started by yuseokhyeon in /Users/yuseokhyeon/woowa7/level2/spring-roomescape-payment)
2025-06-12 20:32:54.222 [Test worker] INFO  roomescape.api.PageTest - No active profile set, falling back to 1 default profile: "default"
2025-06-12 20:32:54.283 [Test worker] INFO  o.s.d.r.c.RepositoryConfigurationDelegate - Bootstrapping Spring Data JPA repositories in DEFAULT mode.
2025-06-12 20:32:54.289 [Test worker] INFO  o.s.d.r.c.RepositoryConfigurationDelegate - Finished Spring Data repository scanning in 5 ms. Found 6 JPA repository interfaces.
2025-06-12 20:32:54.310 [Test worker] INFO  o.s.b.w.e.tomcat.TomcatWebServer - Tomcat initialized with port 8080 (http)
2025-06-12 20:32:54.310 [Test worker] INFO  o.a.coyote.http11.Http11NioProtocol - Initializing ProtocolHandler ["http-nio-8080"]
2025-06-12 20:32:54.310 [Test worker] INFO  o.a.catalina.core.StandardService - Starting service [Tomcat]
2025-06-12 20:32:54.310 [Test worker] INFO  o.a.catalina.core.StandardEngine - Starting Servlet engine: [Apache Tomcat/10.1.33]
2025-06-12 20:32:54.317 [Test worker] INFO  o.a.c.c.C.[Tomcat].[localhost].[/] - Initializing Spring embedded WebApplicationContext
2025-06-12 20:32:54.317 [Test worker] INFO  o.s.b.w.s.c.ServletWebServerApplicationContext - Root WebApplicationContext: initialization completed in 94 ms
2025-06-12 20:32:54.320 [Test worker] INFO  com.zaxxer.hikari.HikariDataSource - HikariPool-17 - Starting...
2025-06-12 20:32:54.321 [Test worker] INFO  com.zaxxer.hikari.pool.HikariPool - HikariPool-17 - Added connection conn81: url=jdbc:h2:mem:database user=SA
2025-06-12 20:32:54.321 [Test worker] INFO  com.zaxxer.hikari.HikariDataSource - HikariPool-17 - Start completed.
2025-06-12 20:32:54.321 [Test worker] INFO  o.s.b.a.h.H2ConsoleAutoConfiguration - H2 console available at '/h2-console'. Database available at 'jdbc:h2:mem:database'
2025-06-12 20:32:54.328 [Test worker] INFO  o.h.jpa.internal.util.LogHelper - HHH000204: Processing PersistenceUnitInfo [name: default]
2025-06-12 20:32:54.329 [Test worker] INFO  o.h.c.i.RegionFactoryInitiator - HHH000026: Second-level cache disabled
2025-06-12 20:32:54.332 [Test worker] INFO  o.s.o.j.p.SpringPersistenceUnitInfo - No LoadTimeWeaver setup: ignoring JPA class transformer
2025-06-12 20:32:54.332 [Test worker] INFO  o.hibernate.orm.connections.pooling - HHH10001005: Database info:
	Database JDBC URL [Connecting through datasource 'HikariDataSource (HikariPool-17)']
	Database driver: undefined/unknown
	Database version: 2.3.232
	Autocommit mode: undefined/unknown
	Isolation level: undefined/unknown
	Minimum pool size: undefined/unknown
	Maximum pool size: undefined/unknown
2025-06-12 20:32:54.356 [Test worker] INFO  o.h.e.t.j.p.i.JtaPlatformInitiator - HHH000489: No JTA platform available (set 'hibernate.transaction.jta.platform' to enable JTA platform integration)
2025-06-12 20:32:54.359 [Test worker] INFO  o.s.o.j.LocalContainerEntityManagerFactoryBean - Initialized JPA EntityManagerFactory for persistence unit 'default'
2025-06-12 20:32:54.393 [Test worker] WARN  o.s.b.a.o.j.JpaBaseConfiguration$JpaWebConfiguration - spring.jpa.open-in-view is enabled by default. Therefore, database queries may be performed during view rendering. Explicitly configure spring.jpa.open-in-view to disable this warning
2025-06-12 20:32:54.396 [Test worker] INFO  o.s.b.a.w.s.WelcomePageHandlerMapping - Adding welcome page template: index
2025-06-12 20:32:54.440 [Test worker] INFO  o.a.coyote.http11.Http11NioProtocol - Starting ProtocolHandler ["http-nio-8080"]
2025-06-12 20:32:54.441 [Test worker] INFO  o.s.b.w.e.tomcat.TomcatWebServer - Tomcat started on port 8080 (http) with context path '/'
2025-06-12 20:32:54.442 [Test worker] INFO  roomescape.api.PageTest - Started PageTest in 0.227 seconds (process running for 11.044)
2025-06-12 20:32:54.448 [http-nio-8080-exec-2] INFO  o.a.c.c.C.[Tomcat].[localhost].[/] - Initializing Spring DispatcherServlet 'dispatcherServlet'
2025-06-12 20:32:54.448 [http-nio-8080-exec-2] INFO  o.s.web.servlet.DispatcherServlet - Initializing Servlet 'dispatcherServlet'
2025-06-12 20:32:54.449 [http-nio-8080-exec-2] INFO  o.s.web.servlet.DispatcherServlet - Completed initialization in 1 ms
2025-06-12 20:32:54.460 [Test worker] INFO  o.s.b.w.e.tomcat.GracefulShutdown - Commencing graceful shutdown. Waiting for active requests to complete
2025-06-12 20:32:54.461 [tomcat-shutdown] INFO  o.a.coyote.http11.Http11NioProtocol - Pausing ProtocolHandler ["http-nio-8080"]
2025-06-12 20:32:54.462 [tomcat-shutdown] INFO  o.s.b.w.e.tomcat.GracefulShutdown - Graceful shutdown complete
2025-06-12 20:32:54.462 [Test worker] INFO  o.a.coyote.http11.Http11NioProtocol - Stopping ProtocolHandler ["http-nio-8080"]
2025-06-12 20:32:54.463 [Test worker] INFO  o.s.o.j.LocalContainerEntityManagerFactoryBean - Closing JPA EntityManagerFactory for persistence unit 'default'
2025-06-12 20:32:54.464 [Test worker] INFO  com.zaxxer.hikari.HikariDataSource - HikariPool-17 - Shutdown initiated...
2025-06-12 20:32:54.494 [Test worker] INFO  com.zaxxer.hikari.HikariDataSource - HikariPool-17 - Shutdown completed.
2025-06-12 20:32:54.503 [Test worker] INFO  roomescape.api.PageTest - Starting PageTest using Java 21.0.4 with PID 94104 (started by yuseokhyeon in /Users/yuseokhyeon/woowa7/level2/spring-roomescape-payment)
2025-06-12 20:32:54.503 [Test worker] INFO  roomescape.api.PageTest - No active profile set, falling back to 1 default profile: "default"
2025-06-12 20:32:54.558 [Test worker] INFO  o.s.d.r.c.RepositoryConfigurationDelegate - Bootstrapping Spring Data JPA repositories in DEFAULT mode.
2025-06-12 20:32:54.563 [Test worker] INFO  o.s.d.r.c.RepositoryConfigurationDelegate - Finished Spring Data repository scanning in 4 ms. Found 6 JPA repository interfaces.
2025-06-12 20:32:54.583 [Test worker] INFO  o.s.b.w.e.tomcat.TomcatWebServer - Tomcat initialized with port 8080 (http)
2025-06-12 20:32:54.583 [Test worker] INFO  o.a.coyote.http11.Http11NioProtocol - Initializing ProtocolHandler ["http-nio-8080"]
2025-06-12 20:32:54.584 [Test worker] INFO  o.a.catalina.core.StandardService - Starting service [Tomcat]
2025-06-12 20:32:54.584 [Test worker] INFO  o.a.catalina.core.StandardEngine - Starting Servlet engine: [Apache Tomcat/10.1.33]
2025-06-12 20:32:54.591 [Test worker] INFO  o.a.c.c.C.[Tomcat].[localhost].[/] - Initializing Spring embedded WebApplicationContext
2025-06-12 20:32:54.591 [Test worker] INFO  o.s.b.w.s.c.ServletWebServerApplicationContext - Root WebApplicationContext: initialization completed in 87 ms
2025-06-12 20:32:54.594 [Test worker] INFO  com.zaxxer.hikari.HikariDataSource - HikariPool-18 - Starting...
2025-06-12 20:32:54.595 [Test worker] INFO  com.zaxxer.hikari.pool.HikariPool - HikariPool-18 - Added connection conn84: url=jdbc:h2:mem:database user=SA
2025-06-12 20:32:54.595 [Test worker] INFO  com.zaxxer.hikari.HikariDataSource - HikariPool-18 - Start completed.
2025-06-12 20:32:54.595 [Test worker] INFO  o.s.b.a.h.H2ConsoleAutoConfiguration - H2 console available at '/h2-console'. Database available at 'jdbc:h2:mem:database'
2025-06-12 20:32:54.603 [Test worker] INFO  o.h.jpa.internal.util.LogHelper - HHH000204: Processing PersistenceUnitInfo [name: default]
2025-06-12 20:32:54.604 [Test worker] INFO  o.h.c.i.RegionFactoryInitiator - HHH000026: Second-level cache disabled
2025-06-12 20:32:54.607 [Test worker] INFO  o.s.o.j.p.SpringPersistenceUnitInfo - No LoadTimeWeaver setup: ignoring JPA class transformer
2025-06-12 20:32:54.607 [Test worker] INFO  o.hibernate.orm.connections.pooling - HHH10001005: Database info:
	Database JDBC URL [Connecting through datasource 'HikariDataSource (HikariPool-18)']
	Database driver: undefined/unknown
	Database version: 2.3.232
	Autocommit mode: undefined/unknown
	Isolation level: undefined/unknown
	Minimum pool size: undefined/unknown
	Maximum pool size: undefined/unknown
2025-06-12 20:32:54.639 [Test worker] INFO  o.h.e.t.j.p.i.JtaPlatformInitiator - HHH000489: No JTA platform available (set 'hibernate.transaction.jta.platform' to enable JTA platform integration)
2025-06-12 20:32:54.642 [Test worker] INFO  o.s.o.j.LocalContainerEntityManagerFactoryBean - Initialized JPA EntityManagerFactory for persistence unit 'default'
2025-06-12 20:32:54.672 [Test worker] WARN  o.s.b.a.o.j.JpaBaseConfiguration$JpaWebConfiguration - spring.jpa.open-in-view is enabled by default. Therefore, database queries may be performed during view rendering. Explicitly configure spring.jpa.open-in-view to disable this warning
2025-06-12 20:32:54.674 [Test worker] INFO  o.s.b.a.w.s.WelcomePageHandlerMapping - Adding welcome page template: index
2025-06-12 20:32:54.703 [Test worker] INFO  o.a.coyote.http11.Http11NioProtocol - Starting ProtocolHandler ["http-nio-8080"]
2025-06-12 20:32:54.704 [Test worker] INFO  o.s.b.w.e.tomcat.TomcatWebServer - Tomcat started on port 8080 (http) with context path '/'
2025-06-12 20:32:54.706 [Test worker] INFO  roomescape.api.PageTest - Started PageTest in 0.211 seconds (process running for 11.308)
2025-06-12 20:32:54.713 [http-nio-8080-exec-1] INFO  o.a.c.c.C.[Tomcat].[localhost].[/] - Initializing Spring DispatcherServlet 'dispatcherServlet'
2025-06-12 20:32:54.713 [http-nio-8080-exec-1] INFO  o.s.web.servlet.DispatcherServlet - Initializing Servlet 'dispatcherServlet'
2025-06-12 20:32:54.713 [http-nio-8080-exec-1] INFO  o.s.web.servlet.DispatcherServlet - Completed initialization in 0 ms
2025-06-12 20:32:54.719 [http-nio-8080-exec-1] INFO  r.presentation.AuthController - 유저 로그인: email=admin@domain.com
2025-06-12 20:32:54.735 [Test worker] INFO  o.s.b.w.e.tomcat.GracefulShutdown - Commencing graceful shutdown. Waiting for active requests to complete
2025-06-12 20:32:54.736 [tomcat-shutdown] INFO  o.a.coyote.http11.Http11NioProtocol - Pausing ProtocolHandler ["http-nio-8080"]
2025-06-12 20:32:54.737 [tomcat-shutdown] INFO  o.s.b.w.e.tomcat.GracefulShutdown - Graceful shutdown complete
2025-06-12 20:32:54.737 [Test worker] INFO  o.a.coyote.http11.Http11NioProtocol - Stopping ProtocolHandler ["http-nio-8080"]
2025-06-12 20:32:54.739 [Test worker] INFO  o.s.o.j.LocalContainerEntityManagerFactoryBean - Closing JPA EntityManagerFactory for persistence unit 'default'
2025-06-12 20:32:54.740 [Test worker] INFO  com.zaxxer.hikari.HikariDataSource - HikariPool-18 - Shutdown initiated...
2025-06-12 20:32:54.764 [Test worker] INFO  com.zaxxer.hikari.HikariDataSource - HikariPool-18 - Shutdown completed.
2025-06-12 20:32:54.772 [Test worker] INFO  roomescape.api.PageTest - Starting PageTest using Java 21.0.4 with PID 94104 (started by yuseokhyeon in /Users/yuseokhyeon/woowa7/level2/spring-roomescape-payment)
2025-06-12 20:32:54.773 [Test worker] INFO  roomescape.api.PageTest - No active profile set, falling back to 1 default profile: "default"
2025-06-12 20:32:54.829 [Test worker] INFO  o.s.d.r.c.RepositoryConfigurationDelegate - Bootstrapping Spring Data JPA repositories in DEFAULT mode.
2025-06-12 20:32:54.834 [Test worker] INFO  o.s.d.r.c.RepositoryConfigurationDelegate - Finished Spring Data repository scanning in 5 ms. Found 6 JPA repository interfaces.
2025-06-12 20:32:54.853 [Test worker] INFO  o.s.b.w.e.tomcat.TomcatWebServer - Tomcat initialized with port 8080 (http)
2025-06-12 20:32:54.854 [Test worker] INFO  o.a.coyote.http11.Http11NioProtocol - Initializing ProtocolHandler ["http-nio-8080"]
2025-06-12 20:32:54.854 [Test worker] INFO  o.a.catalina.core.StandardService - Starting service [Tomcat]
2025-06-12 20:32:54.854 [Test worker] INFO  o.a.catalina.core.StandardEngine - Starting Servlet engine: [Apache Tomcat/10.1.33]
2025-06-12 20:32:54.860 [Test worker] INFO  o.a.c.c.C.[Tomcat].[localhost].[/] - Initializing Spring embedded WebApplicationContext
2025-06-12 20:32:54.860 [Test worker] INFO  o.s.b.w.s.c.ServletWebServerApplicationContext - Root WebApplicationContext: initialization completed in 87 ms
2025-06-12 20:32:54.863 [Test worker] INFO  com.zaxxer.hikari.HikariDataSource - HikariPool-19 - Starting...
2025-06-12 20:32:54.864 [Test worker] INFO  com.zaxxer.hikari.pool.HikariPool - HikariPool-19 - Added connection conn87: url=jdbc:h2:mem:database user=SA
2025-06-12 20:32:54.864 [Test worker] INFO  com.zaxxer.hikari.HikariDataSource - HikariPool-19 - Start completed.
2025-06-12 20:32:54.864 [Test worker] INFO  o.s.b.a.h.H2ConsoleAutoConfiguration - H2 console available at '/h2-console'. Database available at 'jdbc:h2:mem:database'
2025-06-12 20:32:54.871 [Test worker] INFO  o.h.jpa.internal.util.LogHelper - HHH000204: Processing PersistenceUnitInfo [name: default]
2025-06-12 20:32:54.871 [Test worker] INFO  o.h.c.i.RegionFactoryInitiator - HHH000026: Second-level cache disabled
2025-06-12 20:32:54.874 [Test worker] INFO  o.s.o.j.p.SpringPersistenceUnitInfo - No LoadTimeWeaver setup: ignoring JPA class transformer
2025-06-12 20:32:54.874 [Test worker] INFO  o.hibernate.orm.connections.pooling - HHH10001005: Database info:
	Database JDBC URL [Connecting through datasource 'HikariDataSource (HikariPool-19)']
	Database driver: undefined/unknown
	Database version: 2.3.232
	Autocommit mode: undefined/unknown
	Isolation level: undefined/unknown
	Minimum pool size: undefined/unknown
	Maximum pool size: undefined/unknown
2025-06-12 20:32:54.899 [Test worker] INFO  o.h.e.t.j.p.i.JtaPlatformInitiator - HHH000489: No JTA platform available (set 'hibernate.transaction.jta.platform' to enable JTA platform integration)
2025-06-12 20:32:54.903 [Test worker] INFO  o.s.o.j.LocalContainerEntityManagerFactoryBean - Initialized JPA EntityManagerFactory for persistence unit 'default'
2025-06-12 20:32:54.936 [Test worker] WARN  o.s.b.a.o.j.JpaBaseConfiguration$JpaWebConfiguration - spring.jpa.open-in-view is enabled by default. Therefore, database queries may be performed during view rendering. Explicitly configure spring.jpa.open-in-view to disable this warning
2025-06-12 20:32:54.938 [Test worker] INFO  o.s.b.a.w.s.WelcomePageHandlerMapping - Adding welcome page template: index
2025-06-12 20:32:54.966 [Test worker] INFO  o.a.coyote.http11.Http11NioProtocol - Starting ProtocolHandler ["http-nio-8080"]
2025-06-12 20:32:54.967 [Test worker] INFO  o.s.b.w.e.tomcat.TomcatWebServer - Tomcat started on port 8080 (http) with context path '/'
2025-06-12 20:32:54.969 [Test worker] INFO  roomescape.api.PageTest - Started PageTest in 0.204 seconds (process running for 11.571)
2025-06-12 20:32:54.975 [http-nio-8080-exec-1] INFO  o.a.c.c.C.[Tomcat].[localhost].[/] - Initializing Spring DispatcherServlet 'dispatcherServlet'
2025-06-12 20:32:54.975 [http-nio-8080-exec-1] INFO  o.s.web.servlet.DispatcherServlet - Initializing Servlet 'dispatcherServlet'
2025-06-12 20:32:54.976 [http-nio-8080-exec-1] INFO  o.s.web.servlet.DispatcherServlet - Completed initialization in 1 ms
2025-06-12 20:32:54.981 [http-nio-8080-exec-1] INFO  r.presentation.AuthController - 유저 로그인: email=member1@domain.com
2025-06-12 20:32:55.004 [Test worker] INFO  o.s.b.w.e.tomcat.GracefulShutdown - Commencing graceful shutdown. Waiting for active requests to complete
2025-06-12 20:32:55.004 [tomcat-shutdown] INFO  o.a.coyote.http11.Http11NioProtocol - Pausing ProtocolHandler ["http-nio-8080"]
2025-06-12 20:32:55.005 [tomcat-shutdown] INFO  o.s.b.w.e.tomcat.GracefulShutdown - Graceful shutdown complete
2025-06-12 20:32:55.006 [Test worker] INFO  o.a.coyote.http11.Http11NioProtocol - Stopping ProtocolHandler ["http-nio-8080"]
2025-06-12 20:32:55.007 [Test worker] INFO  o.s.o.j.LocalContainerEntityManagerFactoryBean - Closing JPA EntityManagerFactory for persistence unit 'default'
2025-06-12 20:32:55.007 [Test worker] INFO  com.zaxxer.hikari.HikariDataSource - HikariPool-19 - Shutdown initiated...
2025-06-12 20:32:55.033 [Test worker] INFO  com.zaxxer.hikari.HikariDataSource - HikariPool-19 - Shutdown completed.
2025-06-12 20:32:55.045 [Test worker] INFO  roomescape.api.PageTest - Starting PageTest using Java 21.0.4 with PID 94104 (started by yuseokhyeon in /Users/yuseokhyeon/woowa7/level2/spring-roomescape-payment)
2025-06-12 20:32:55.045 [Test worker] INFO  roomescape.api.PageTest - No active profile set, falling back to 1 default profile: "default"
2025-06-12 20:32:55.114 [Test worker] INFO  o.s.d.r.c.RepositoryConfigurationDelegate - Bootstrapping Spring Data JPA repositories in DEFAULT mode.
2025-06-12 20:32:55.121 [Test worker] INFO  o.s.d.r.c.RepositoryConfigurationDelegate - Finished Spring Data repository scanning in 7 ms. Found 6 JPA repository interfaces.
2025-06-12 20:32:55.164 [Test worker] INFO  o.s.b.w.e.tomcat.TomcatWebServer - Tomcat initialized with port 8080 (http)
2025-06-12 20:32:55.164 [Test worker] INFO  o.a.coyote.http11.Http11NioProtocol - Initializing ProtocolHandler ["http-nio-8080"]
2025-06-12 20:32:55.164 [Test worker] INFO  o.a.catalina.core.StandardService - Starting service [Tomcat]
2025-06-12 20:32:55.164 [Test worker] INFO  o.a.catalina.core.StandardEngine - Starting Servlet engine: [Apache Tomcat/10.1.33]
2025-06-12 20:32:55.170 [Test worker] INFO  o.a.c.c.C.[Tomcat].[localhost].[/] - Initializing Spring embedded WebApplicationContext
2025-06-12 20:32:55.170 [Test worker] INFO  o.s.b.w.s.c.ServletWebServerApplicationContext - Root WebApplicationContext: initialization completed in 124 ms
2025-06-12 20:32:55.173 [Test worker] INFO  com.zaxxer.hikari.HikariDataSource - HikariPool-20 - Starting...
2025-06-12 20:32:55.174 [Test worker] INFO  com.zaxxer.hikari.pool.HikariPool - HikariPool-20 - Added connection conn90: url=jdbc:h2:mem:database user=SA
2025-06-12 20:32:55.174 [Test worker] INFO  com.zaxxer.hikari.HikariDataSource - HikariPool-20 - Start completed.
2025-06-12 20:32:55.174 [Test worker] INFO  o.s.b.a.h.H2ConsoleAutoConfiguration - H2 console available at '/h2-console'. Database available at 'jdbc:h2:mem:database'
2025-06-12 20:32:55.181 [Test worker] INFO  o.h.jpa.internal.util.LogHelper - HHH000204: Processing PersistenceUnitInfo [name: default]
2025-06-12 20:32:55.182 [Test worker] INFO  o.h.c.i.RegionFactoryInitiator - HHH000026: Second-level cache disabled
2025-06-12 20:32:55.185 [Test worker] INFO  o.s.o.j.p.SpringPersistenceUnitInfo - No LoadTimeWeaver setup: ignoring JPA class transformer
2025-06-12 20:32:55.185 [Test worker] INFO  o.hibernate.orm.connections.pooling - HHH10001005: Database info:
	Database JDBC URL [Connecting through datasource 'HikariDataSource (HikariPool-20)']
	Database driver: undefined/unknown
	Database version: 2.3.232
	Autocommit mode: undefined/unknown
	Isolation level: undefined/unknown
	Minimum pool size: undefined/unknown
	Maximum pool size: undefined/unknown
2025-06-12 20:32:55.210 [Test worker] INFO  o.h.e.t.j.p.i.JtaPlatformInitiator - HHH000489: No JTA platform available (set 'hibernate.transaction.jta.platform' to enable JTA platform integration)
2025-06-12 20:32:55.214 [Test worker] INFO  o.s.o.j.LocalContainerEntityManagerFactoryBean - Initialized JPA EntityManagerFactory for persistence unit 'default'
2025-06-12 20:32:55.249 [Test worker] WARN  o.s.b.a.o.j.JpaBaseConfiguration$JpaWebConfiguration - spring.jpa.open-in-view is enabled by default. Therefore, database queries may be performed during view rendering. Explicitly configure spring.jpa.open-in-view to disable this warning
2025-06-12 20:32:55.252 [Test worker] INFO  o.s.b.a.w.s.WelcomePageHandlerMapping - Adding welcome page template: index
2025-06-12 20:32:55.281 [Test worker] INFO  o.a.coyote.http11.Http11NioProtocol - Starting ProtocolHandler ["http-nio-8080"]
2025-06-12 20:32:55.281 [Test worker] INFO  o.s.b.w.e.tomcat.TomcatWebServer - Tomcat started on port 8080 (http) with context path '/'
2025-06-12 20:32:55.283 [Test worker] INFO  roomescape.api.PageTest - Started PageTest in 0.246 seconds (process running for 11.885)
2025-06-12 20:32:55.290 [http-nio-8080-exec-1] INFO  o.a.c.c.C.[Tomcat].[localhost].[/] - Initializing Spring DispatcherServlet 'dispatcherServlet'
2025-06-12 20:32:55.290 [http-nio-8080-exec-1] INFO  o.s.web.servlet.DispatcherServlet - Initializing Servlet 'dispatcherServlet'
2025-06-12 20:32:55.290 [http-nio-8080-exec-1] INFO  o.s.web.servlet.DispatcherServlet - Completed initialization in 0 ms
2025-06-12 20:32:55.295 [http-nio-8080-exec-1] INFO  r.presentation.AuthController - 유저 로그인: email=admin@domain.com
2025-06-12 20:32:55.310 [Test worker] INFO  o.s.b.w.e.tomcat.GracefulShutdown - Commencing graceful shutdown. Waiting for active requests to complete
2025-06-12 20:32:55.310 [tomcat-shutdown] INFO  o.a.coyote.http11.Http11NioProtocol - Pausing ProtocolHandler ["http-nio-8080"]
2025-06-12 20:32:55.311 [tomcat-shutdown] INFO  o.s.b.w.e.tomcat.GracefulShutdown - Graceful shutdown complete
2025-06-12 20:32:55.311 [Test worker] INFO  o.a.coyote.http11.Http11NioProtocol - Stopping ProtocolHandler ["http-nio-8080"]
2025-06-12 20:32:55.313 [Test worker] INFO  o.s.o.j.LocalContainerEntityManagerFactoryBean - Closing JPA EntityManagerFactory for persistence unit 'default'
2025-06-12 20:32:55.313 [Test worker] INFO  com.zaxxer.hikari.HikariDataSource - HikariPool-20 - Shutdown initiated...
2025-06-12 20:32:55.347 [Test worker] INFO  com.zaxxer.hikari.HikariDataSource - HikariPool-20 - Shutdown completed.
2025-06-12 20:32:55.355 [Test worker] INFO  roomescape.api.PageTest - Starting PageTest using Java 21.0.4 with PID 94104 (started by yuseokhyeon in /Users/yuseokhyeon/woowa7/level2/spring-roomescape-payment)
2025-06-12 20:32:55.355 [Test worker] INFO  roomescape.api.PageTest - No active profile set, falling back to 1 default profile: "default"
2025-06-12 20:32:55.412 [Test worker] INFO  o.s.d.r.c.RepositoryConfigurationDelegate - Bootstrapping Spring Data JPA repositories in DEFAULT mode.
2025-06-12 20:32:55.417 [Test worker] INFO  o.s.d.r.c.RepositoryConfigurationDelegate - Finished Spring Data repository scanning in 4 ms. Found 6 JPA repository interfaces.
2025-06-12 20:32:55.434 [Test worker] INFO  o.s.b.w.e.tomcat.TomcatWebServer - Tomcat initialized with port 8080 (http)
2025-06-12 20:32:55.435 [Test worker] INFO  o.a.coyote.http11.Http11NioProtocol - Initializing ProtocolHandler ["http-nio-8080"]
2025-06-12 20:32:55.435 [Test worker] INFO  o.a.catalina.core.StandardService - Starting service [Tomcat]
2025-06-12 20:32:55.435 [Test worker] INFO  o.a.catalina.core.StandardEngine - Starting Servlet engine: [Apache Tomcat/10.1.33]
2025-06-12 20:32:55.441 [Test worker] INFO  o.a.c.c.C.[Tomcat].[localhost].[/] - Initializing Spring embedded WebApplicationContext
2025-06-12 20:32:55.441 [Test worker] INFO  o.s.b.w.s.c.ServletWebServerApplicationContext - Root WebApplicationContext: initialization completed in 85 ms
2025-06-12 20:32:55.444 [Test worker] INFO  com.zaxxer.hikari.HikariDataSource - HikariPool-21 - Starting...
2025-06-12 20:32:55.444 [Test worker] INFO  com.zaxxer.hikari.pool.HikariPool - HikariPool-21 - Added connection conn93: url=jdbc:h2:mem:database user=SA
2025-06-12 20:32:55.444 [Test worker] INFO  com.zaxxer.hikari.HikariDataSource - HikariPool-21 - Start completed.
2025-06-12 20:32:55.444 [Test worker] INFO  o.s.b.a.h.H2ConsoleAutoConfiguration - H2 console available at '/h2-console'. Database available at 'jdbc:h2:mem:database'
2025-06-12 20:32:55.452 [Test worker] INFO  o.h.jpa.internal.util.LogHelper - HHH000204: Processing PersistenceUnitInfo [name: default]
2025-06-12 20:32:55.452 [Test worker] INFO  o.h.c.i.RegionFactoryInitiator - HHH000026: Second-level cache disabled
2025-06-12 20:32:55.455 [Test worker] INFO  o.s.o.j.p.SpringPersistenceUnitInfo - No LoadTimeWeaver setup: ignoring JPA class transformer
2025-06-12 20:32:55.456 [Test worker] INFO  o.hibernate.orm.connections.pooling - HHH10001005: Database info:
	Database JDBC URL [Connecting through datasource 'HikariDataSource (HikariPool-21)']
	Database driver: undefined/unknown
	Database version: 2.3.232
	Autocommit mode: undefined/unknown
	Isolation level: undefined/unknown
	Minimum pool size: undefined/unknown
	Maximum pool size: undefined/unknown
2025-06-12 20:32:55.479 [Test worker] INFO  o.h.e.t.j.p.i.JtaPlatformInitiator - HHH000489: No JTA platform available (set 'hibernate.transaction.jta.platform' to enable JTA platform integration)
2025-06-12 20:32:55.482 [Test worker] INFO  o.s.o.j.LocalContainerEntityManagerFactoryBean - Initialized JPA EntityManagerFactory for persistence unit 'default'
2025-06-12 20:32:55.511 [Test worker] WARN  o.s.b.a.o.j.JpaBaseConfiguration$JpaWebConfiguration - spring.jpa.open-in-view is enabled by default. Therefore, database queries may be performed during view rendering. Explicitly configure spring.jpa.open-in-view to disable this warning
2025-06-12 20:32:55.517 [Test worker] INFO  o.s.b.a.w.s.WelcomePageHandlerMapping - Adding welcome page template: index
2025-06-12 20:32:55.544 [Test worker] INFO  o.a.coyote.http11.Http11NioProtocol - Starting ProtocolHandler ["http-nio-8080"]
2025-06-12 20:32:55.545 [Test worker] INFO  o.s.b.w.e.tomcat.TomcatWebServer - Tomcat started on port 8080 (http) with context path '/'
2025-06-12 20:32:55.546 [Test worker] INFO  roomescape.api.PageTest - Started PageTest in 0.197 seconds (process running for 12.148)
2025-06-12 20:32:55.550 [http-nio-8080-exec-1] INFO  o.a.c.c.C.[Tomcat].[localhost].[/] - Initializing Spring DispatcherServlet 'dispatcherServlet'
2025-06-12 20:32:55.550 [http-nio-8080-exec-1] INFO  o.s.web.servlet.DispatcherServlet - Initializing Servlet 'dispatcherServlet'
2025-06-12 20:32:55.551 [http-nio-8080-exec-1] INFO  o.s.web.servlet.DispatcherServlet - Completed initialization in 1 ms
2025-06-12 20:32:55.563 [Test worker] INFO  o.s.t.c.s.AnnotationConfigContextLoaderUtils - Could not detect default configuration classes for test class [roomescape.api.ReservationApiTest]: ReservationApiTest does not declare any static, non-private, non-final, nested classes annotated with @Configuration.
2025-06-12 20:32:55.565 [Test worker] INFO  o.s.b.t.c.SpringBootTestContextBootstrapper - Found @SpringBootConfiguration roomescape.RoomescapeApplication for test class roomescape.api.ReservationApiTest
2025-06-12 20:32:55.573 [Test worker] INFO  roomescape.api.ReservationApiTest - Starting ReservationApiTest using Java 21.0.4 with PID 94104 (started by yuseokhyeon in /Users/yuseokhyeon/woowa7/level2/spring-roomescape-payment)
2025-06-12 20:32:55.573 [Test worker] INFO  roomescape.api.ReservationApiTest - No active profile set, falling back to 1 default profile: "default"
2025-06-12 20:32:55.629 [Test worker] INFO  o.s.d.r.c.RepositoryConfigurationDelegate - Bootstrapping Spring Data JPA repositories in DEFAULT mode.
2025-06-12 20:32:55.635 [Test worker] INFO  o.s.d.r.c.RepositoryConfigurationDelegate - Finished Spring Data repository scanning in 5 ms. Found 6 JPA repository interfaces.
2025-06-12 20:32:55.841 [Test worker] INFO  o.s.b.w.e.tomcat.TomcatWebServer - Tomcat initialized with port 0 (http)
2025-06-12 20:32:55.842 [Test worker] INFO  o.a.coyote.http11.Http11NioProtocol - Initializing ProtocolHandler ["http-nio-auto-1"]
2025-06-12 20:32:55.842 [Test worker] INFO  o.a.catalina.core.StandardService - Starting service [Tomcat]
2025-06-12 20:32:55.842 [Test worker] INFO  o.a.catalina.core.StandardEngine - Starting Servlet engine: [Apache Tomcat/10.1.33]
2025-06-12 20:32:55.874 [Test worker] INFO  o.a.c.c.C.[Tomcat-1].[localhost].[/] - Initializing Spring embedded WebApplicationContext
2025-06-12 20:32:55.874 [Test worker] INFO  o.s.b.w.s.c.ServletWebServerApplicationContext - Root WebApplicationContext: initialization completed in 301 ms
2025-06-12 20:32:55.892 [Test worker] INFO  com.zaxxer.hikari.HikariDataSource - HikariPool-22 - Starting...
2025-06-12 20:32:55.893 [Test worker] INFO  com.zaxxer.hikari.pool.HikariPool - HikariPool-22 - Added connection conn103: url=jdbc:h2:mem:database user=SA
2025-06-12 20:32:55.893 [Test worker] INFO  com.zaxxer.hikari.HikariDataSource - HikariPool-22 - Start completed.
2025-06-12 20:32:55.893 [Test worker] INFO  o.s.b.a.h.H2ConsoleAutoConfiguration - H2 console available at '/h2-console'. Database available at 'jdbc:h2:mem:database'
2025-06-12 20:32:55.932 [Test worker] INFO  o.h.jpa.internal.util.LogHelper - HHH000204: Processing PersistenceUnitInfo [name: default]
2025-06-12 20:32:55.936 [Test worker] INFO  o.h.c.i.RegionFactoryInitiator - HHH000026: Second-level cache disabled
2025-06-12 20:32:55.947 [Test worker] INFO  o.s.o.j.p.SpringPersistenceUnitInfo - No LoadTimeWeaver setup: ignoring JPA class transformer
2025-06-12 20:32:55.949 [Test worker] INFO  o.hibernate.orm.connections.pooling - HHH10001005: Database info:
	Database JDBC URL [Connecting through datasource 'HikariDataSource (HikariPool-22)']
	Database driver: undefined/unknown
	Database version: 2.3.232
	Autocommit mode: undefined/unknown
	Isolation level: undefined/unknown
	Minimum pool size: undefined/unknown
	Maximum pool size: undefined/unknown
2025-06-12 20:32:56.046 [Test worker] INFO  o.h.e.t.j.p.i.JtaPlatformInitiator - HHH000489: No JTA platform available (set 'hibernate.transaction.jta.platform' to enable JTA platform integration)
2025-06-12 20:32:56.059 [Test worker] INFO  o.s.o.j.LocalContainerEntityManagerFactoryBean - Initialized JPA EntityManagerFactory for persistence unit 'default'
2025-06-12 20:32:56.193 [Test worker] WARN  o.s.b.a.o.j.JpaBaseConfiguration$JpaWebConfiguration - spring.jpa.open-in-view is enabled by default. Therefore, database queries may be performed during view rendering. Explicitly configure spring.jpa.open-in-view to disable this warning
2025-06-12 20:32:56.204 [Test worker] INFO  o.s.b.a.w.s.WelcomePageHandlerMapping - Adding welcome page template: index
2025-06-12 20:32:56.329 [Test worker] INFO  o.a.coyote.http11.Http11NioProtocol - Starting ProtocolHandler ["http-nio-auto-1"]
2025-06-12 20:32:56.330 [Test worker] INFO  o.s.b.w.e.tomcat.TomcatWebServer - Tomcat started on port 52834 (http) with context path '/'
2025-06-12 20:32:56.334 [Test worker] INFO  roomescape.api.ReservationApiTest - Started ReservationApiTest in 0.768 seconds (process running for 12.937)
2025-06-12 20:32:56.341 [Test worker] INFO  o.s.b.w.e.tomcat.GracefulShutdown - Commencing graceful shutdown. Waiting for active requests to complete
2025-06-12 20:32:56.342 [tomcat-shutdown] INFO  o.a.coyote.http11.Http11NioProtocol - Pausing ProtocolHandler ["http-nio-auto-1-52834"]
2025-06-12 20:32:56.343 [tomcat-shutdown] INFO  o.s.b.w.e.tomcat.GracefulShutdown - Graceful shutdown complete
2025-06-12 20:32:56.343 [Test worker] INFO  o.a.coyote.http11.Http11NioProtocol - Stopping ProtocolHandler ["http-nio-auto-1"]
2025-06-12 20:32:56.345 [Test worker] INFO  o.s.o.j.LocalContainerEntityManagerFactoryBean - Closing JPA EntityManagerFactory for persistence unit 'default'
2025-06-12 20:32:56.348 [Test worker] INFO  com.zaxxer.hikari.HikariDataSource - HikariPool-22 - Shutdown initiated...
2025-06-12 20:32:56.348 [Test worker] INFO  com.zaxxer.hikari.HikariDataSource - HikariPool-22 - Shutdown completed.
2025-06-12 20:32:56.378 [Test worker] INFO  roomescape.api.ReservationApiTest - Starting ReservationApiTest using Java 21.0.4 with PID 94104 (started by yuseokhyeon in /Users/yuseokhyeon/woowa7/level2/spring-roomescape-payment)
2025-06-12 20:32:56.379 [Test worker] INFO  roomescape.api.ReservationApiTest - No active profile set, falling back to 1 default profile: "default"
2025-06-12 20:32:56.559 [Test worker] INFO  o.s.d.r.c.RepositoryConfigurationDelegate - Bootstrapping Spring Data JPA repositories in DEFAULT mode.
2025-06-12 20:32:56.579 [Test worker] INFO  o.s.d.r.c.RepositoryConfigurationDelegate - Finished Spring Data repository scanning in 18 ms. Found 6 JPA repository interfaces.
2025-06-12 20:32:56.694 [Test worker] INFO  o.s.b.w.e.tomcat.TomcatWebServer - Tomcat initialized with port 0 (http)
2025-06-12 20:32:56.695 [Test worker] INFO  o.a.coyote.http11.Http11NioProtocol - Initializing ProtocolHandler ["http-nio-auto-2"]
2025-06-12 20:32:56.696 [Test worker] INFO  o.a.catalina.core.StandardService - Starting service [Tomcat]
2025-06-12 20:32:56.696 [Test worker] INFO  o.a.catalina.core.StandardEngine - Starting Servlet engine: [Apache Tomcat/10.1.33]
2025-06-12 20:32:56.708 [Test worker] INFO  o.a.c.c.C.[Tomcat-1].[localhost].[/] - Initializing Spring embedded WebApplicationContext
2025-06-12 20:32:56.708 [Test worker] INFO  o.s.b.w.s.c.ServletWebServerApplicationContext - Root WebApplicationContext: initialization completed in 327 ms
2025-06-12 20:32:56.716 [Test worker] INFO  com.zaxxer.hikari.HikariDataSource - HikariPool-23 - Starting...
2025-06-12 20:32:56.716 [Test worker] INFO  com.zaxxer.hikari.pool.HikariPool - HikariPool-23 - Added connection conn113: url=jdbc:h2:mem:database user=SA
2025-06-12 20:32:56.717 [Test worker] INFO  com.zaxxer.hikari.HikariDataSource - HikariPool-23 - Start completed.
2025-06-12 20:32:56.717 [Test worker] INFO  o.s.b.a.h.H2ConsoleAutoConfiguration - H2 console available at '/h2-console'. Database available at 'jdbc:h2:mem:database'
2025-06-12 20:32:56.738 [Test worker] INFO  o.h.jpa.internal.util.LogHelper - HHH000204: Processing PersistenceUnitInfo [name: default]
2025-06-12 20:32:56.741 [Test worker] INFO  o.h.c.i.RegionFactoryInitiator - HHH000026: Second-level cache disabled
2025-06-12 20:32:56.749 [Test worker] INFO  o.s.o.j.p.SpringPersistenceUnitInfo - No LoadTimeWeaver setup: ignoring JPA class transformer
2025-06-12 20:32:56.750 [Test worker] INFO  o.hibernate.orm.connections.pooling - HHH10001005: Database info:
	Database JDBC URL [Connecting through datasource 'HikariDataSource (HikariPool-23)']
	Database driver: undefined/unknown
	Database version: 2.3.232
	Autocommit mode: undefined/unknown
	Isolation level: undefined/unknown
	Minimum pool size: undefined/unknown
	Maximum pool size: undefined/unknown
2025-06-12 20:32:56.835 [Test worker] INFO  o.h.e.t.j.p.i.JtaPlatformInitiator - HHH000489: No JTA platform available (set 'hibernate.transaction.jta.platform' to enable JTA platform integration)
2025-06-12 20:32:56.845 [Test worker] INFO  o.s.o.j.LocalContainerEntityManagerFactoryBean - Initialized JPA EntityManagerFactory for persistence unit 'default'
2025-06-12 20:32:56.929 [Test worker] WARN  o.s.b.a.o.j.JpaBaseConfiguration$JpaWebConfiguration - spring.jpa.open-in-view is enabled by default. Therefore, database queries may be performed during view rendering. Explicitly configure spring.jpa.open-in-view to disable this warning
2025-06-12 20:32:56.936 [Test worker] INFO  o.s.b.a.w.s.WelcomePageHandlerMapping - Adding welcome page template: index
2025-06-12 20:32:57.023 [Test worker] INFO  o.a.coyote.http11.Http11NioProtocol - Starting ProtocolHandler ["http-nio-auto-2"]
2025-06-12 20:32:57.024 [Test worker] INFO  o.s.b.w.e.tomcat.TomcatWebServer - Tomcat started on port 52836 (http) with context path '/'
2025-06-12 20:32:57.027 [Test worker] INFO  roomescape.api.ReservationApiTest - Started ReservationApiTest in 0.676 seconds (process running for 13.629)
2025-06-12 20:32:57.070 [http-nio-auto-2-exec-1] INFO  o.a.c.c.C.[Tomcat-1].[localhost].[/] - Initializing Spring DispatcherServlet 'dispatcherServlet'
2025-06-12 20:32:57.070 [http-nio-auto-2-exec-1] INFO  o.s.web.servlet.DispatcherServlet - Initializing Servlet 'dispatcherServlet'
2025-06-12 20:32:57.071 [http-nio-auto-2-exec-1] INFO  o.s.web.servlet.DispatcherServlet - Completed initialization in 1 ms
2025-06-12 20:32:57.097 [http-nio-auto-2-exec-1] INFO  r.presentation.ReservationController - 회원 예약 생성: 회원ID = 1, 테마ID = 1, 날짜 = 2026-08-05, 시간ID = 1, 금액 = 1000
2025-06-12 20:32:57.132 [Test worker] INFO  o.s.b.w.e.tomcat.GracefulShutdown - Commencing graceful shutdown. Waiting for active requests to complete
2025-06-12 20:32:57.133 [tomcat-shutdown] INFO  o.a.coyote.http11.Http11NioProtocol - Pausing ProtocolHandler ["http-nio-auto-2-52836"]
2025-06-12 20:32:57.135 [tomcat-shutdown] INFO  o.s.b.w.e.tomcat.GracefulShutdown - Graceful shutdown complete
2025-06-12 20:32:57.135 [Test worker] INFO  o.a.coyote.http11.Http11NioProtocol - Stopping ProtocolHandler ["http-nio-auto-2"]
2025-06-12 20:32:57.136 [Test worker] INFO  o.s.o.j.LocalContainerEntityManagerFactoryBean - Closing JPA EntityManagerFactory for persistence unit 'default'
2025-06-12 20:32:57.138 [Test worker] INFO  com.zaxxer.hikari.HikariDataSource - HikariPool-23 - Shutdown initiated...
2025-06-12 20:32:57.138 [Test worker] INFO  com.zaxxer.hikari.HikariDataSource - HikariPool-23 - Shutdown completed.
2025-06-12 20:32:57.164 [Test worker] INFO  roomescape.api.ReservationApiTest - Starting ReservationApiTest using Java 21.0.4 with PID 94104 (started by yuseokhyeon in /Users/yuseokhyeon/woowa7/level2/spring-roomescape-payment)
2025-06-12 20:32:57.164 [Test worker] INFO  roomescape.api.ReservationApiTest - No active profile set, falling back to 1 default profile: "default"
2025-06-12 20:32:57.306 [Test worker] INFO  o.s.d.r.c.RepositoryConfigurationDelegate - Bootstrapping Spring Data JPA repositories in DEFAULT mode.
2025-06-12 20:32:57.319 [Test worker] INFO  o.s.d.r.c.RepositoryConfigurationDelegate - Finished Spring Data repository scanning in 12 ms. Found 6 JPA repository interfaces.
2025-06-12 20:32:57.367 [Test worker] INFO  o.s.b.w.e.tomcat.TomcatWebServer - Tomcat initialized with port 0 (http)
2025-06-12 20:32:57.368 [Test worker] INFO  o.a.coyote.http11.Http11NioProtocol - Initializing ProtocolHandler ["http-nio-auto-3"]
2025-06-12 20:32:57.369 [Test worker] INFO  o.a.catalina.core.StandardService - Starting service [Tomcat]
2025-06-12 20:32:57.369 [Test worker] INFO  o.a.catalina.core.StandardEngine - Starting Servlet engine: [Apache Tomcat/10.1.33]
2025-06-12 20:32:57.377 [Test worker] INFO  o.a.c.c.C.[Tomcat-1].[localhost].[/] - Initializing Spring embedded WebApplicationContext
2025-06-12 20:32:57.377 [Test worker] INFO  o.s.b.w.s.c.ServletWebServerApplicationContext - Root WebApplicationContext: initialization completed in 212 ms
2025-06-12 20:32:57.384 [Test worker] INFO  com.zaxxer.hikari.HikariDataSource - HikariPool-24 - Starting...
2025-06-12 20:32:57.385 [Test worker] INFO  com.zaxxer.hikari.pool.HikariPool - HikariPool-24 - Added connection conn123: url=jdbc:h2:mem:database user=SA
2025-06-12 20:32:57.385 [Test worker] INFO  com.zaxxer.hikari.HikariDataSource - HikariPool-24 - Start completed.
2025-06-12 20:32:57.385 [Test worker] INFO  o.s.b.a.h.H2ConsoleAutoConfiguration - H2 console available at '/h2-console'. Database available at 'jdbc:h2:mem:database'
2025-06-12 20:32:57.403 [Test worker] INFO  o.h.jpa.internal.util.LogHelper - HHH000204: Processing PersistenceUnitInfo [name: default]
2025-06-12 20:32:57.406 [Test worker] INFO  o.h.c.i.RegionFactoryInitiator - HHH000026: Second-level cache disabled
2025-06-12 20:32:57.413 [Test worker] INFO  o.s.o.j.p.SpringPersistenceUnitInfo - No LoadTimeWeaver setup: ignoring JPA class transformer
2025-06-12 20:32:57.414 [Test worker] INFO  o.hibernate.orm.connections.pooling - HHH10001005: Database info:
	Database JDBC URL [Connecting through datasource 'HikariDataSource (HikariPool-24)']
	Database driver: undefined/unknown
	Database version: 2.3.232
	Autocommit mode: undefined/unknown
	Isolation level: undefined/unknown
	Minimum pool size: undefined/unknown
	Maximum pool size: undefined/unknown
2025-06-12 20:32:57.494 [Test worker] INFO  o.h.e.t.j.p.i.JtaPlatformInitiator - HHH000489: No JTA platform available (set 'hibernate.transaction.jta.platform' to enable JTA platform integration)
2025-06-12 20:32:57.504 [Test worker] INFO  o.s.o.j.LocalContainerEntityManagerFactoryBean - Initialized JPA EntityManagerFactory for persistence unit 'default'
2025-06-12 20:32:57.592 [Test worker] WARN  o.s.b.a.o.j.JpaBaseConfiguration$JpaWebConfiguration - spring.jpa.open-in-view is enabled by default. Therefore, database queries may be performed during view rendering. Explicitly configure spring.jpa.open-in-view to disable this warning
2025-06-12 20:32:57.597 [Test worker] INFO  o.s.b.a.w.s.WelcomePageHandlerMapping - Adding welcome page template: index
2025-06-12 20:32:57.687 [Test worker] INFO  o.a.coyote.http11.Http11NioProtocol - Starting ProtocolHandler ["http-nio-auto-3"]
2025-06-12 20:32:57.688 [Test worker] INFO  o.s.b.w.e.tomcat.TomcatWebServer - Tomcat started on port 52839 (http) with context path '/'
2025-06-12 20:32:57.690 [Test worker] INFO  roomescape.api.ReservationApiTest - Started ReservationApiTest in 0.549 seconds (process running for 14.293)
2025-06-12 20:32:57.727 [http-nio-auto-3-exec-1] INFO  o.a.c.c.C.[Tomcat-1].[localhost].[/] - Initializing Spring DispatcherServlet 'dispatcherServlet'
2025-06-12 20:32:57.727 [http-nio-auto-3-exec-1] INFO  o.s.web.servlet.DispatcherServlet - Initializing Servlet 'dispatcherServlet'
2025-06-12 20:32:57.727 [http-nio-auto-3-exec-1] INFO  o.s.web.servlet.DispatcherServlet - Completed initialization in 0 ms
2025-06-12 20:32:57.778 [Test worker] INFO  o.s.b.w.e.tomcat.GracefulShutdown - Commencing graceful shutdown. Waiting for active requests to complete
2025-06-12 20:32:57.778 [tomcat-shutdown] INFO  o.a.coyote.http11.Http11NioProtocol - Pausing ProtocolHandler ["http-nio-auto-3-52839"]
2025-06-12 20:32:57.779 [tomcat-shutdown] INFO  o.s.b.w.e.tomcat.GracefulShutdown - Graceful shutdown complete
2025-06-12 20:32:57.780 [Test worker] INFO  o.a.coyote.http11.Http11NioProtocol - Stopping ProtocolHandler ["http-nio-auto-3"]
2025-06-12 20:32:57.781 [Test worker] INFO  o.s.o.j.LocalContainerEntityManagerFactoryBean - Closing JPA EntityManagerFactory for persistence unit 'default'
2025-06-12 20:32:57.783 [Test worker] INFO  com.zaxxer.hikari.HikariDataSource - HikariPool-24 - Shutdown initiated...
2025-06-12 20:32:57.801 [Test worker] INFO  com.zaxxer.hikari.HikariDataSource - HikariPool-24 - Shutdown completed.
2025-06-12 20:32:57.823 [Test worker] INFO  roomescape.api.ReservationApiTest - Starting ReservationApiTest using Java 21.0.4 with PID 94104 (started by yuseokhyeon in /Users/yuseokhyeon/woowa7/level2/spring-roomescape-payment)
2025-06-12 20:32:57.823 [Test worker] INFO  roomescape.api.ReservationApiTest - No active profile set, falling back to 1 default profile: "default"
2025-06-12 20:32:57.940 [Test worker] INFO  o.s.d.r.c.RepositoryConfigurationDelegate - Bootstrapping Spring Data JPA repositories in DEFAULT mode.
2025-06-12 20:32:57.955 [Test worker] INFO  o.s.d.r.c.RepositoryConfigurationDelegate - Finished Spring Data repository scanning in 11 ms. Found 6 JPA repository interfaces.
2025-06-12 20:32:58.002 [Test worker] INFO  o.s.b.w.e.tomcat.TomcatWebServer - Tomcat initialized with port 0 (http)
2025-06-12 20:32:58.002 [Test worker] INFO  o.a.coyote.http11.Http11NioProtocol - Initializing ProtocolHandler ["http-nio-auto-4"]
2025-06-12 20:32:58.002 [Test worker] INFO  o.a.catalina.core.StandardService - Starting service [Tomcat]
2025-06-12 20:32:58.002 [Test worker] INFO  o.a.catalina.core.StandardEngine - Starting Servlet engine: [Apache Tomcat/10.1.33]
2025-06-12 20:32:58.010 [Test worker] INFO  o.a.c.c.C.[Tomcat-1].[localhost].[/] - Initializing Spring embedded WebApplicationContext
2025-06-12 20:32:58.011 [Test worker] INFO  o.s.b.w.s.c.ServletWebServerApplicationContext - Root WebApplicationContext: initialization completed in 187 ms
2025-06-12 20:32:58.017 [Test worker] INFO  com.zaxxer.hikari.HikariDataSource - HikariPool-25 - Starting...
2025-06-12 20:32:58.018 [Test worker] INFO  com.zaxxer.hikari.pool.HikariPool - HikariPool-25 - Added connection conn133: url=jdbc:h2:mem:database user=SA
2025-06-12 20:32:58.018 [Test worker] INFO  com.zaxxer.hikari.HikariDataSource - HikariPool-25 - Start completed.
2025-06-12 20:32:58.018 [Test worker] INFO  o.s.b.a.h.H2ConsoleAutoConfiguration - H2 console available at '/h2-console'. Database available at 'jdbc:h2:mem:database'
2025-06-12 20:32:58.038 [Test worker] INFO  o.h.jpa.internal.util.LogHelper - HHH000204: Processing PersistenceUnitInfo [name: default]
2025-06-12 20:32:58.040 [Test worker] INFO  o.h.c.i.RegionFactoryInitiator - HHH000026: Second-level cache disabled
2025-06-12 20:32:58.047 [Test worker] INFO  o.s.o.j.p.SpringPersistenceUnitInfo - No LoadTimeWeaver setup: ignoring JPA class transformer
2025-06-12 20:32:58.048 [Test worker] INFO  o.hibernate.orm.connections.pooling - HHH10001005: Database info:
	Database JDBC URL [Connecting through datasource 'HikariDataSource (HikariPool-25)']
	Database driver: undefined/unknown
	Database version: 2.3.232
	Autocommit mode: undefined/unknown
	Isolation level: undefined/unknown
	Minimum pool size: undefined/unknown
	Maximum pool size: undefined/unknown
2025-06-12 20:32:58.110 [Test worker] INFO  o.h.e.t.j.p.i.JtaPlatformInitiator - HHH000489: No JTA platform available (set 'hibernate.transaction.jta.platform' to enable JTA platform integration)
2025-06-12 20:32:58.117 [Test worker] INFO  o.s.o.j.LocalContainerEntityManagerFactoryBean - Initialized JPA EntityManagerFactory for persistence unit 'default'
2025-06-12 20:32:58.196 [Test worker] WARN  o.s.b.a.o.j.JpaBaseConfiguration$JpaWebConfiguration - spring.jpa.open-in-view is enabled by default. Therefore, database queries may be performed during view rendering. Explicitly configure spring.jpa.open-in-view to disable this warning
2025-06-12 20:32:58.201 [Test worker] INFO  o.s.b.a.w.s.WelcomePageHandlerMapping - Adding welcome page template: index
2025-06-12 20:32:58.281 [Test worker] INFO  o.a.coyote.http11.Http11NioProtocol - Starting ProtocolHandler ["http-nio-auto-4"]
2025-06-12 20:32:58.282 [Test worker] INFO  o.s.b.w.e.tomcat.TomcatWebServer - Tomcat started on port 52842 (http) with context path '/'
2025-06-12 20:32:58.285 [Test worker] INFO  roomescape.api.ReservationApiTest - Started ReservationApiTest in 0.482 seconds (process running for 14.887)
2025-06-12 20:32:58.300 [http-nio-auto-4-exec-1] INFO  o.a.c.c.C.[Tomcat-1].[localhost].[/] - Initializing Spring DispatcherServlet 'dispatcherServlet'
2025-06-12 20:32:58.300 [http-nio-auto-4-exec-1] INFO  o.s.web.servlet.DispatcherServlet - Initializing Servlet 'dispatcherServlet'
2025-06-12 20:32:58.301 [http-nio-auto-4-exec-1] INFO  o.s.web.servlet.DispatcherServlet - Completed initialization in 1 ms
2025-06-12 20:32:58.320 [Test worker] INFO  o.s.t.c.s.AnnotationConfigContextLoaderUtils - Could not detect default configuration classes for test class [roomescape.api.ReservationTimeApiTest]: ReservationTimeApiTest does not declare any static, non-private, non-final, nested classes annotated with @Configuration.
2025-06-12 20:32:58.322 [Test worker] INFO  o.s.b.t.c.SpringBootTestContextBootstrapper - Found @SpringBootConfiguration roomescape.RoomescapeApplication for test class roomescape.api.ReservationTimeApiTest
2025-06-12 20:32:58.324 [Test worker] INFO  o.s.b.w.e.tomcat.GracefulShutdown - Commencing graceful shutdown. Waiting for active requests to complete
2025-06-12 20:32:58.325 [tomcat-shutdown] INFO  o.a.coyote.http11.Http11NioProtocol - Pausing ProtocolHandler ["http-nio-8080"]
2025-06-12 20:32:58.326 [tomcat-shutdown] INFO  o.s.b.w.e.tomcat.GracefulShutdown - Graceful shutdown complete
2025-06-12 20:32:58.326 [Test worker] INFO  o.a.coyote.http11.Http11NioProtocol - Stopping ProtocolHandler ["http-nio-8080"]
2025-06-12 20:32:58.328 [Test worker] INFO  o.s.o.j.LocalContainerEntityManagerFactoryBean - Closing JPA EntityManagerFactory for persistence unit 'default'
2025-06-12 20:32:58.329 [Test worker] INFO  com.zaxxer.hikari.HikariDataSource - HikariPool-21 - Shutdown initiated...
2025-06-12 20:32:58.329 [Test worker] INFO  com.zaxxer.hikari.HikariDataSource - HikariPool-21 - Shutdown completed.
2025-06-12 20:32:58.350 [Test worker] INFO  r.api.ReservationTimeApiTest - Starting ReservationTimeApiTest using Java 21.0.4 with PID 94104 (started by yuseokhyeon in /Users/yuseokhyeon/woowa7/level2/spring-roomescape-payment)
2025-06-12 20:32:58.350 [Test worker] INFO  r.api.ReservationTimeApiTest - No active profile set, falling back to 1 default profile: "default"
2025-06-12 20:32:58.463 [Test worker] INFO  o.s.d.r.c.RepositoryConfigurationDelegate - Bootstrapping Spring Data JPA repositories in DEFAULT mode.
2025-06-12 20:32:58.474 [Test worker] INFO  o.s.d.r.c.RepositoryConfigurationDelegate - Finished Spring Data repository scanning in 9 ms. Found 6 JPA repository interfaces.
2025-06-12 20:32:58.554 [Test worker] INFO  o.s.b.w.e.tomcat.TomcatWebServer - Tomcat initialized with port 8080 (http)
2025-06-12 20:32:58.555 [Test worker] INFO  o.a.coyote.http11.Http11NioProtocol - Initializing ProtocolHandler ["http-nio-8080"]
2025-06-12 20:32:58.555 [Test worker] INFO  o.a.catalina.core.StandardService - Starting service [Tomcat]
2025-06-12 20:32:58.555 [Test worker] INFO  o.a.catalina.core.StandardEngine - Starting Servlet engine: [Apache Tomcat/10.1.33]
2025-06-12 20:32:58.569 [Test worker] INFO  o.a.c.c.C.[Tomcat-1].[localhost].[/] - Initializing Spring embedded WebApplicationContext
2025-06-12 20:32:58.569 [Test worker] INFO  o.s.b.w.s.c.ServletWebServerApplicationContext - Root WebApplicationContext: initialization completed in 218 ms
2025-06-12 20:32:58.576 [Test worker] INFO  com.zaxxer.hikari.HikariDataSource - HikariPool-26 - Starting...
2025-06-12 20:32:58.577 [Test worker] INFO  com.zaxxer.hikari.pool.HikariPool - HikariPool-26 - Added connection conn143: url=jdbc:h2:mem:database user=SA
2025-06-12 20:32:58.577 [Test worker] INFO  com.zaxxer.hikari.HikariDataSource - HikariPool-26 - Start completed.
2025-06-12 20:32:58.577 [Test worker] INFO  o.s.b.a.h.H2ConsoleAutoConfiguration - H2 console available at '/h2-console'. Database available at 'jdbc:h2:mem:database'
2025-06-12 20:32:58.594 [Test worker] INFO  o.h.jpa.internal.util.LogHelper - HHH000204: Processing PersistenceUnitInfo [name: default]
2025-06-12 20:32:58.597 [Test worker] INFO  o.h.c.i.RegionFactoryInitiator - HHH000026: Second-level cache disabled
2025-06-12 20:32:58.604 [Test worker] INFO  o.s.o.j.p.SpringPersistenceUnitInfo - No LoadTimeWeaver setup: ignoring JPA class transformer
2025-06-12 20:32:58.605 [Test worker] INFO  o.hibernate.orm.connections.pooling - HHH10001005: Database info:
	Database JDBC URL [Connecting through datasource 'HikariDataSource (HikariPool-26)']
	Database driver: undefined/unknown
	Database version: 2.3.232
	Autocommit mode: undefined/unknown
	Isolation level: undefined/unknown
	Minimum pool size: undefined/unknown
	Maximum pool size: undefined/unknown
2025-06-12 20:32:58.670 [Test worker] INFO  o.h.e.t.j.p.i.JtaPlatformInitiator - HHH000489: No JTA platform available (set 'hibernate.transaction.jta.platform' to enable JTA platform integration)
2025-06-12 20:32:58.677 [Test worker] INFO  o.s.o.j.LocalContainerEntityManagerFactoryBean - Initialized JPA EntityManagerFactory for persistence unit 'default'
2025-06-12 20:32:58.746 [Test worker] WARN  o.s.b.a.o.j.JpaBaseConfiguration$JpaWebConfiguration - spring.jpa.open-in-view is enabled by default. Therefore, database queries may be performed during view rendering. Explicitly configure spring.jpa.open-in-view to disable this warning
2025-06-12 20:32:58.751 [Test worker] INFO  o.s.b.a.w.s.WelcomePageHandlerMapping - Adding welcome page template: index
2025-06-12 20:32:58.825 [Test worker] INFO  o.a.coyote.http11.Http11NioProtocol - Starting ProtocolHandler ["http-nio-8080"]
2025-06-12 20:32:58.826 [Test worker] INFO  o.s.b.w.e.tomcat.TomcatWebServer - Tomcat started on port 8080 (http) with context path '/'
2025-06-12 20:32:58.829 [Test worker] INFO  r.api.ReservationTimeApiTest - Started ReservationTimeApiTest in 0.497 seconds (process running for 15.432)
2025-06-12 20:32:59.224 [Test worker] INFO  o.s.b.w.e.tomcat.GracefulShutdown - Commencing graceful shutdown. Waiting for active requests to complete
2025-06-12 20:32:59.224 [tomcat-shutdown] INFO  o.a.coyote.http11.Http11NioProtocol - Pausing ProtocolHandler ["http-nio-8080"]
2025-06-12 20:32:59.225 [tomcat-shutdown] INFO  o.s.b.w.e.tomcat.GracefulShutdown - Graceful shutdown complete
2025-06-12 20:32:59.225 [Test worker] INFO  o.a.coyote.http11.Http11NioProtocol - Stopping ProtocolHandler ["http-nio-8080"]
2025-06-12 20:32:59.227 [Test worker] INFO  o.s.o.j.LocalContainerEntityManagerFactoryBean - Closing JPA EntityManagerFactory for persistence unit 'default'
2025-06-12 20:32:59.228 [Test worker] INFO  com.zaxxer.hikari.HikariDataSource - HikariPool-26 - Shutdown initiated...
2025-06-12 20:32:59.229 [Test worker] INFO  com.zaxxer.hikari.HikariDataSource - HikariPool-26 - Shutdown completed.
2025-06-12 20:32:59.249 [Test worker] INFO  r.api.ReservationTimeApiTest - Starting ReservationTimeApiTest using Java 21.0.4 with PID 94104 (started by yuseokhyeon in /Users/yuseokhyeon/woowa7/level2/spring-roomescape-payment)
2025-06-12 20:32:59.249 [Test worker] INFO  r.api.ReservationTimeApiTest - No active profile set, falling back to 1 default profile: "default"
2025-06-12 20:32:59.363 [Test worker] INFO  o.s.d.r.c.RepositoryConfigurationDelegate - Bootstrapping Spring Data JPA repositories in DEFAULT mode.
2025-06-12 20:32:59.372 [Test worker] INFO  o.s.d.r.c.RepositoryConfigurationDelegate - Finished Spring Data repository scanning in 7 ms. Found 6 JPA repository interfaces.
2025-06-12 20:32:59.413 [Test worker] INFO  o.s.b.w.e.tomcat.TomcatWebServer - Tomcat initialized with port 8080 (http)
2025-06-12 20:32:59.413 [Test worker] INFO  o.a.coyote.http11.Http11NioProtocol - Initializing ProtocolHandler ["http-nio-8080"]
2025-06-12 20:32:59.413 [Test worker] INFO  o.a.catalina.core.StandardService - Starting service [Tomcat]
2025-06-12 20:32:59.413 [Test worker] INFO  o.a.catalina.core.StandardEngine - Starting Servlet engine: [Apache Tomcat/10.1.33]
2025-06-12 20:32:59.421 [Test worker] INFO  o.a.c.c.C.[Tomcat-1].[localhost].[/] - Initializing Spring embedded WebApplicationContext
2025-06-12 20:32:59.421 [Test worker] INFO  o.s.b.w.s.c.ServletWebServerApplicationContext - Root WebApplicationContext: initialization completed in 171 ms
2025-06-12 20:32:59.429 [Test worker] INFO  com.zaxxer.hikari.HikariDataSource - HikariPool-27 - Starting...
2025-06-12 20:32:59.429 [Test worker] INFO  com.zaxxer.hikari.pool.HikariPool - HikariPool-27 - Added connection conn153: url=jdbc:h2:mem:database user=SA
2025-06-12 20:32:59.429 [Test worker] INFO  com.zaxxer.hikari.HikariDataSource - HikariPool-27 - Start completed.
2025-06-12 20:32:59.429 [Test worker] INFO  o.s.b.a.h.H2ConsoleAutoConfiguration - H2 console available at '/h2-console'. Database available at 'jdbc:h2:mem:database'
2025-06-12 20:32:59.445 [Test worker] INFO  o.h.jpa.internal.util.LogHelper - HHH000204: Processing PersistenceUnitInfo [name: default]
2025-06-12 20:32:59.448 [Test worker] INFO  o.h.c.i.RegionFactoryInitiator - HHH000026: Second-level cache disabled
2025-06-12 20:32:59.454 [Test worker] INFO  o.s.o.j.p.SpringPersistenceUnitInfo - No LoadTimeWeaver setup: ignoring JPA class transformer
2025-06-12 20:32:59.456 [Test worker] INFO  o.hibernate.orm.connections.pooling - HHH10001005: Database info:
	Database JDBC URL [Connecting through datasource 'HikariDataSource (HikariPool-27)']
	Database driver: undefined/unknown
	Database version: 2.3.232
	Autocommit mode: undefined/unknown
	Isolation level: undefined/unknown
	Minimum pool size: undefined/unknown
	Maximum pool size: undefined/unknown
2025-06-12 20:32:59.517 [Test worker] INFO  o.h.e.t.j.p.i.JtaPlatformInitiator - HHH000489: No JTA platform available (set 'hibernate.transaction.jta.platform' to enable JTA platform integration)
2025-06-12 20:32:59.523 [Test worker] INFO  o.s.o.j.LocalContainerEntityManagerFactoryBean - Initialized JPA EntityManagerFactory for persistence unit 'default'
2025-06-12 20:32:59.588 [Test worker] WARN  o.s.b.a.o.j.JpaBaseConfiguration$JpaWebConfiguration - spring.jpa.open-in-view is enabled by default. Therefore, database queries may be performed during view rendering. Explicitly configure spring.jpa.open-in-view to disable this warning
2025-06-12 20:32:59.592 [Test worker] INFO  o.s.b.a.w.s.WelcomePageHandlerMapping - Adding welcome page template: index
2025-06-12 20:32:59.668 [Test worker] INFO  o.a.coyote.http11.Http11NioProtocol - Starting ProtocolHandler ["http-nio-8080"]
2025-06-12 20:32:59.669 [Test worker] INFO  o.s.b.w.e.tomcat.TomcatWebServer - Tomcat started on port 8080 (http) with context path '/'
2025-06-12 20:32:59.672 [Test worker] INFO  r.api.ReservationTimeApiTest - Started ReservationTimeApiTest in 0.441 seconds (process running for 16.274)
2025-06-12 20:32:59.695 [Test worker] INFO  o.s.b.w.e.tomcat.GracefulShutdown - Commencing graceful shutdown. Waiting for active requests to complete
2025-06-12 20:32:59.695 [tomcat-shutdown] INFO  o.a.coyote.http11.Http11NioProtocol - Pausing ProtocolHandler ["http-nio-8080"]
2025-06-12 20:32:59.696 [tomcat-shutdown] INFO  o.s.b.w.e.tomcat.GracefulShutdown - Graceful shutdown complete
2025-06-12 20:32:59.697 [Test worker] INFO  o.a.coyote.http11.Http11NioProtocol - Stopping ProtocolHandler ["http-nio-8080"]
2025-06-12 20:32:59.698 [Test worker] INFO  o.s.o.j.LocalContainerEntityManagerFactoryBean - Closing JPA EntityManagerFactory for persistence unit 'default'
2025-06-12 20:32:59.699 [Test worker] INFO  com.zaxxer.hikari.HikariDataSource - HikariPool-27 - Shutdown initiated...
2025-06-12 20:32:59.701 [Test worker] INFO  com.zaxxer.hikari.HikariDataSource - HikariPool-27 - Shutdown completed.
2025-06-12 20:32:59.718 [Test worker] INFO  r.api.ReservationTimeApiTest - Starting ReservationTimeApiTest using Java 21.0.4 with PID 94104 (started by yuseokhyeon in /Users/yuseokhyeon/woowa7/level2/spring-roomescape-payment)
2025-06-12 20:32:59.718 [Test worker] INFO  r.api.ReservationTimeApiTest - No active profile set, falling back to 1 default profile: "default"
2025-06-12 20:32:59.820 [Test worker] INFO  o.s.d.r.c.RepositoryConfigurationDelegate - Bootstrapping Spring Data JPA repositories in DEFAULT mode.
2025-06-12 20:32:59.828 [Test worker] INFO  o.s.d.r.c.RepositoryConfigurationDelegate - Finished Spring Data repository scanning in 7 ms. Found 6 JPA repository interfaces.
2025-06-12 20:32:59.871 [Test worker] INFO  o.s.b.w.e.tomcat.TomcatWebServer - Tomcat initialized with port 8080 (http)
2025-06-12 20:32:59.871 [Test worker] INFO  o.a.coyote.http11.Http11NioProtocol - Initializing ProtocolHandler ["http-nio-8080"]
2025-06-12 20:32:59.872 [Test worker] INFO  o.a.catalina.core.StandardService - Starting service [Tomcat]
2025-06-12 20:32:59.872 [Test worker] INFO  o.a.catalina.core.StandardEngine - Starting Servlet engine: [Apache Tomcat/10.1.33]
2025-06-12 20:32:59.879 [Test worker] INFO  o.a.c.c.C.[Tomcat-1].[localhost].[/] - Initializing Spring embedded WebApplicationContext
2025-06-12 20:32:59.879 [Test worker] INFO  o.s.b.w.s.c.ServletWebServerApplicationContext - Root WebApplicationContext: initialization completed in 160 ms
2025-06-12 20:32:59.886 [Test worker] INFO  com.zaxxer.hikari.HikariDataSource - HikariPool-28 - Starting...
2025-06-12 20:32:59.887 [Test worker] INFO  com.zaxxer.hikari.pool.HikariPool - HikariPool-28 - Added connection conn159: url=jdbc:h2:mem:database user=SA
2025-06-12 20:32:59.887 [Test worker] INFO  com.zaxxer.hikari.HikariDataSource - HikariPool-28 - Start completed.
2025-06-12 20:32:59.887 [Test worker] INFO  o.s.b.a.h.H2ConsoleAutoConfiguration - H2 console available at '/h2-console'. Database available at 'jdbc:h2:mem:database'
2025-06-12 20:32:59.902 [Test worker] INFO  o.h.jpa.internal.util.LogHelper - HHH000204: Processing PersistenceUnitInfo [name: default]
2025-06-12 20:32:59.903 [Test worker] INFO  o.h.c.i.RegionFactoryInitiator - HHH000026: Second-level cache disabled
2025-06-12 20:32:59.908 [Test worker] INFO  o.s.o.j.p.SpringPersistenceUnitInfo - No LoadTimeWeaver setup: ignoring JPA class transformer
2025-06-12 20:32:59.909 [Test worker] INFO  o.hibernate.orm.connections.pooling - HHH10001005: Database info:
	Database JDBC URL [Connecting through datasource 'HikariDataSource (HikariPool-28)']
	Database driver: undefined/unknown
	Database version: 2.3.232
	Autocommit mode: undefined/unknown
	Isolation level: undefined/unknown
	Minimum pool size: undefined/unknown
	Maximum pool size: undefined/unknown
2025-06-12 20:32:59.960 [Test worker] INFO  o.h.e.t.j.p.i.JtaPlatformInitiator - HHH000489: No JTA platform available (set 'hibernate.transaction.jta.platform' to enable JTA platform integration)
2025-06-12 20:32:59.965 [Test worker] INFO  o.s.o.j.LocalContainerEntityManagerFactoryBean - Initialized JPA EntityManagerFactory for persistence unit 'default'
2025-06-12 20:33:00.037 [Test worker] WARN  o.s.b.a.o.j.JpaBaseConfiguration$JpaWebConfiguration - spring.jpa.open-in-view is enabled by default. Therefore, database queries may be performed during view rendering. Explicitly configure spring.jpa.open-in-view to disable this warning
2025-06-12 20:33:00.042 [Test worker] INFO  o.s.b.a.w.s.WelcomePageHandlerMapping - Adding welcome page template: index
2025-06-12 20:33:00.116 [Test worker] INFO  o.a.coyote.http11.Http11NioProtocol - Starting ProtocolHandler ["http-nio-8080"]
2025-06-12 20:33:00.118 [Test worker] INFO  o.s.b.w.e.tomcat.TomcatWebServer - Tomcat started on port 8080 (http) with context path '/'
2025-06-12 20:33:00.120 [Test worker] INFO  r.api.ReservationTimeApiTest - Started ReservationTimeApiTest in 0.417 seconds (process running for 16.723)
2025-06-12 20:33:00.244 [Test worker] INFO  o.s.b.w.e.tomcat.GracefulShutdown - Commencing graceful shutdown. Waiting for active requests to complete
2025-06-12 20:33:00.244 [tomcat-shutdown] INFO  o.a.coyote.http11.Http11NioProtocol - Pausing ProtocolHandler ["http-nio-8080"]
2025-06-12 20:33:00.245 [tomcat-shutdown] INFO  o.s.b.w.e.tomcat.GracefulShutdown - Graceful shutdown complete
2025-06-12 20:33:00.246 [Test worker] INFO  o.a.coyote.http11.Http11NioProtocol - Stopping ProtocolHandler ["http-nio-8080"]
2025-06-12 20:33:00.247 [Test worker] INFO  o.s.o.j.LocalContainerEntityManagerFactoryBean - Closing JPA EntityManagerFactory for persistence unit 'default'
2025-06-12 20:33:00.248 [Test worker] INFO  com.zaxxer.hikari.HikariDataSource - HikariPool-28 - Shutdown initiated...
2025-06-12 20:33:00.267 [Test worker] INFO  com.zaxxer.hikari.HikariDataSource - HikariPool-28 - Shutdown completed.
2025-06-12 20:33:00.285 [Test worker] INFO  r.api.ReservationTimeApiTest - Starting ReservationTimeApiTest using Java 21.0.4 with PID 94104 (started by yuseokhyeon in /Users/yuseokhyeon/woowa7/level2/spring-roomescape-payment)
2025-06-12 20:33:00.285 [Test worker] INFO  r.api.ReservationTimeApiTest - No active profile set, falling back to 1 default profile: "default"
2025-06-12 20:33:00.388 [Test worker] INFO  o.s.d.r.c.RepositoryConfigurationDelegate - Bootstrapping Spring Data JPA repositories in DEFAULT mode.
2025-06-12 20:33:00.395 [Test worker] INFO  o.s.d.r.c.RepositoryConfigurationDelegate - Finished Spring Data repository scanning in 6 ms. Found 6 JPA repository interfaces.
2025-06-12 20:33:00.435 [Test worker] INFO  o.s.b.w.e.tomcat.TomcatWebServer - Tomcat initialized with port 8080 (http)
2025-06-12 20:33:00.436 [Test worker] INFO  o.a.coyote.http11.Http11NioProtocol - Initializing ProtocolHandler ["http-nio-8080"]
2025-06-12 20:33:00.436 [Test worker] INFO  o.a.catalina.core.StandardService - Starting service [Tomcat]
2025-06-12 20:33:00.436 [Test worker] INFO  o.a.catalina.core.StandardEngine - Starting Servlet engine: [Apache Tomcat/10.1.33]
2025-06-12 20:33:00.443 [Test worker] INFO  o.a.c.c.C.[Tomcat-1].[localhost].[/] - Initializing Spring embedded WebApplicationContext
2025-06-12 20:33:00.443 [Test worker] INFO  o.s.b.w.s.c.ServletWebServerApplicationContext - Root WebApplicationContext: initialization completed in 157 ms
2025-06-12 20:33:00.450 [Test worker] INFO  com.zaxxer.hikari.HikariDataSource - HikariPool-29 - Starting...
2025-06-12 20:33:00.450 [Test worker] INFO  com.zaxxer.hikari.pool.HikariPool - HikariPool-29 - Added connection conn168: url=jdbc:h2:mem:database user=SA
2025-06-12 20:33:00.451 [Test worker] INFO  com.zaxxer.hikari.HikariDataSource - HikariPool-29 - Start completed.
2025-06-12 20:33:00.451 [Test worker] INFO  o.s.b.a.h.H2ConsoleAutoConfiguration - H2 console available at '/h2-console'. Database available at 'jdbc:h2:mem:database'
2025-06-12 20:33:00.464 [Test worker] INFO  o.h.jpa.internal.util.LogHelper - HHH000204: Processing PersistenceUnitInfo [name: default]
2025-06-12 20:33:00.466 [Test worker] INFO  o.h.c.i.RegionFactoryInitiator - HHH000026: Second-level cache disabled
2025-06-12 20:33:00.470 [Test worker] INFO  o.s.o.j.p.SpringPersistenceUnitInfo - No LoadTimeWeaver setup: ignoring JPA class transformer
2025-06-12 20:33:00.471 [Test worker] INFO  o.hibernate.orm.connections.pooling - HHH10001005: Database info:
	Database JDBC URL [Connecting through datasource 'HikariDataSource (HikariPool-29)']
	Database driver: undefined/unknown
	Database version: 2.3.232
	Autocommit mode: undefined/unknown
	Isolation level: undefined/unknown
	Minimum pool size: undefined/unknown
	Maximum pool size: undefined/unknown
2025-06-12 20:33:00.520 [Test worker] INFO  o.h.e.t.j.p.i.JtaPlatformInitiator - HHH000489: No JTA platform available (set 'hibernate.transaction.jta.platform' to enable JTA platform integration)
2025-06-12 20:33:00.525 [Test worker] INFO  o.s.o.j.LocalContainerEntityManagerFactoryBean - Initialized JPA EntityManagerFactory for persistence unit 'default'
2025-06-12 20:33:00.590 [Test worker] WARN  o.s.b.a.o.j.JpaBaseConfiguration$JpaWebConfiguration - spring.jpa.open-in-view is enabled by default. Therefore, database queries may be performed during view rendering. Explicitly configure spring.jpa.open-in-view to disable this warning
2025-06-12 20:33:00.594 [Test worker] INFO  o.s.b.a.w.s.WelcomePageHandlerMapping - Adding welcome page template: index
2025-06-12 20:33:00.661 [Test worker] INFO  o.a.coyote.http11.Http11NioProtocol - Starting ProtocolHandler ["http-nio-8080"]
2025-06-12 20:33:00.662 [Test worker] INFO  o.s.b.w.e.tomcat.TomcatWebServer - Tomcat started on port 8080 (http) with context path '/'
2025-06-12 20:33:00.663 [Test worker] INFO  r.api.ReservationTimeApiTest - Started ReservationTimeApiTest in 0.393 seconds (process running for 17.266)
2025-06-12 20:33:00.680 [http-nio-auto-4-exec-9] INFO  r.p.ReservationTimeController - 예약 시간 생성: 예약시간 id = 1, 시작시간 = 10:00
2025-06-12 20:33:00.702 [Test worker] INFO  o.s.t.c.s.AnnotationConfigContextLoaderUtils - Could not detect default configuration classes for test class [roomescape.api.ThemeApiTest]: ThemeApiTest does not declare any static, non-private, non-final, nested classes annotated with @Configuration.
2025-06-12 20:33:00.703 [Test worker] INFO  o.s.b.t.c.SpringBootTestContextBootstrapper - Found @SpringBootConfiguration roomescape.RoomescapeApplication for test class roomescape.api.ThemeApiTest
2025-06-12 20:33:00.706 [Test worker] INFO  o.s.b.w.e.tomcat.GracefulShutdown - Commencing graceful shutdown. Waiting for active requests to complete
2025-06-12 20:33:00.706 [tomcat-shutdown] INFO  o.a.coyote.http11.Http11NioProtocol - Pausing ProtocolHandler ["http-nio-8080"]
2025-06-12 20:33:00.707 [tomcat-shutdown] INFO  o.s.b.w.e.tomcat.GracefulShutdown - Graceful shutdown complete
2025-06-12 20:33:00.707 [Test worker] INFO  o.a.coyote.http11.Http11NioProtocol - Stopping ProtocolHandler ["http-nio-8080"]
2025-06-12 20:33:00.708 [Test worker] INFO  o.s.o.j.LocalContainerEntityManagerFactoryBean - Closing JPA EntityManagerFactory for persistence unit 'default'
2025-06-12 20:33:00.710 [Test worker] INFO  com.zaxxer.hikari.HikariDataSource - HikariPool-29 - Shutdown initiated...
2025-06-12 20:33:00.728 [Test worker] INFO  com.zaxxer.hikari.HikariDataSource - HikariPool-29 - Shutdown completed.
2025-06-12 20:33:00.744 [Test worker] INFO  roomescape.api.ThemeApiTest - Starting ThemeApiTest using Java 21.0.4 with PID 94104 (started by yuseokhyeon in /Users/yuseokhyeon/woowa7/level2/spring-roomescape-payment)
2025-06-12 20:33:00.744 [Test worker] INFO  roomescape.api.ThemeApiTest - No active profile set, falling back to 1 default profile: "default"
2025-06-12 20:33:00.835 [Test worker] INFO  o.s.d.r.c.RepositoryConfigurationDelegate - Bootstrapping Spring Data JPA repositories in DEFAULT mode.
2025-06-12 20:33:00.842 [Test worker] INFO  o.s.d.r.c.RepositoryConfigurationDelegate - Finished Spring Data repository scanning in 6 ms. Found 6 JPA repository interfaces.
2025-06-12 20:33:00.886 [Test worker] INFO  o.s.b.w.e.tomcat.TomcatWebServer - Tomcat initialized with port 8080 (http)
2025-06-12 20:33:00.887 [Test worker] INFO  o.a.coyote.http11.Http11NioProtocol - Initializing ProtocolHandler ["http-nio-8080"]
2025-06-12 20:33:00.887 [Test worker] INFO  o.a.catalina.core.StandardService - Starting service [Tomcat]
2025-06-12 20:33:00.887 [Test worker] INFO  o.a.catalina.core.StandardEngine - Starting Servlet engine: [Apache Tomcat/10.1.33]
2025-06-12 20:33:00.894 [Test worker] INFO  o.a.c.c.C.[Tomcat-1].[localhost].[/] - Initializing Spring embedded WebApplicationContext
2025-06-12 20:33:00.894 [Test worker] INFO  o.s.b.w.s.c.ServletWebServerApplicationContext - Root WebApplicationContext: initialization completed in 149 ms
2025-06-12 20:33:00.900 [Test worker] INFO  com.zaxxer.hikari.HikariDataSource - HikariPool-30 - Starting...
2025-06-12 20:33:00.901 [Test worker] INFO  com.zaxxer.hikari.pool.HikariPool - HikariPool-30 - Added connection conn174: url=jdbc:h2:mem:database user=SA
2025-06-12 20:33:00.901 [Test worker] INFO  com.zaxxer.hikari.HikariDataSource - HikariPool-30 - Start completed.
2025-06-12 20:33:00.901 [Test worker] INFO  o.s.b.a.h.H2ConsoleAutoConfiguration - H2 console available at '/h2-console'. Database available at 'jdbc:h2:mem:database'
2025-06-12 20:33:00.915 [Test worker] INFO  o.h.jpa.internal.util.LogHelper - HHH000204: Processing PersistenceUnitInfo [name: default]
2025-06-12 20:33:00.916 [Test worker] INFO  o.h.c.i.RegionFactoryInitiator - HHH000026: Second-level cache disabled
2025-06-12 20:33:00.920 [Test worker] INFO  o.s.o.j.p.SpringPersistenceUnitInfo - No LoadTimeWeaver setup: ignoring JPA class transformer
2025-06-12 20:33:00.921 [Test worker] INFO  o.hibernate.orm.connections.pooling - HHH10001005: Database info:
	Database JDBC URL [Connecting through datasource 'HikariDataSource (HikariPool-30)']
	Database driver: undefined/unknown
	Database version: 2.3.232
	Autocommit mode: undefined/unknown
	Isolation level: undefined/unknown
	Minimum pool size: undefined/unknown
	Maximum pool size: undefined/unknown
2025-06-12 20:33:00.969 [Test worker] INFO  o.h.e.t.j.p.i.JtaPlatformInitiator - HHH000489: No JTA platform available (set 'hibernate.transaction.jta.platform' to enable JTA platform integration)
2025-06-12 20:33:00.973 [Test worker] INFO  o.s.o.j.LocalContainerEntityManagerFactoryBean - Initialized JPA EntityManagerFactory for persistence unit 'default'
2025-06-12 20:33:01.030 [Test worker] WARN  o.s.b.a.o.j.JpaBaseConfiguration$JpaWebConfiguration - spring.jpa.open-in-view is enabled by default. Therefore, database queries may be performed during view rendering. Explicitly configure spring.jpa.open-in-view to disable this warning
2025-06-12 20:33:01.034 [Test worker] INFO  o.s.b.a.w.s.WelcomePageHandlerMapping - Adding welcome page template: index
2025-06-12 20:33:01.099 [Test worker] INFO  o.a.coyote.http11.Http11NioProtocol - Starting ProtocolHandler ["http-nio-8080"]
2025-06-12 20:33:01.100 [Test worker] INFO  o.s.b.w.e.tomcat.TomcatWebServer - Tomcat started on port 8080 (http) with context path '/'
2025-06-12 20:33:01.102 [Test worker] INFO  roomescape.api.ThemeApiTest - Started ThemeApiTest in 0.372 seconds (process running for 17.705)
2025-06-12 20:33:01.137 [Test worker] INFO  o.s.b.w.e.tomcat.GracefulShutdown - Commencing graceful shutdown. Waiting for active requests to complete
2025-06-12 20:33:01.138 [tomcat-shutdown] INFO  o.a.coyote.http11.Http11NioProtocol - Pausing ProtocolHandler ["http-nio-8080"]
2025-06-12 20:33:01.139 [tomcat-shutdown] INFO  o.s.b.w.e.tomcat.GracefulShutdown - Graceful shutdown complete
2025-06-12 20:33:01.139 [Test worker] INFO  o.a.coyote.http11.Http11NioProtocol - Stopping ProtocolHandler ["http-nio-8080"]
2025-06-12 20:33:01.140 [Test worker] INFO  o.s.o.j.LocalContainerEntityManagerFactoryBean - Closing JPA EntityManagerFactory for persistence unit 'default'
2025-06-12 20:33:01.141 [Test worker] INFO  com.zaxxer.hikari.HikariDataSource - HikariPool-30 - Shutdown initiated...
2025-06-12 20:33:01.144 [Test worker] INFO  com.zaxxer.hikari.HikariDataSource - HikariPool-30 - Shutdown completed.
2025-06-12 20:33:01.161 [Test worker] INFO  roomescape.api.ThemeApiTest - Starting ThemeApiTest using Java 21.0.4 with PID 94104 (started by yuseokhyeon in /Users/yuseokhyeon/woowa7/level2/spring-roomescape-payment)
2025-06-12 20:33:01.161 [Test worker] INFO  roomescape.api.ThemeApiTest - No active profile set, falling back to 1 default profile: "default"
2025-06-12 20:33:01.251 [Test worker] INFO  o.s.d.r.c.RepositoryConfigurationDelegate - Bootstrapping Spring Data JPA repositories in DEFAULT mode.
2025-06-12 20:33:01.259 [Test worker] INFO  o.s.d.r.c.RepositoryConfigurationDelegate - Finished Spring Data repository scanning in 6 ms. Found 6 JPA repository interfaces.
2025-06-12 20:33:01.295 [Test worker] INFO  o.s.b.w.e.tomcat.TomcatWebServer - Tomcat initialized with port 8080 (http)
2025-06-12 20:33:01.296 [Test worker] INFO  o.a.coyote.http11.Http11NioProtocol - Initializing ProtocolHandler ["http-nio-8080"]
2025-06-12 20:33:01.296 [Test worker] INFO  o.a.catalina.core.StandardService - Starting service [Tomcat]
2025-06-12 20:33:01.296 [Test worker] INFO  o.a.catalina.core.StandardEngine - Starting Servlet engine: [Apache Tomcat/10.1.33]
2025-06-12 20:33:01.303 [Test worker] INFO  o.a.c.c.C.[Tomcat-1].[localhost].[/] - Initializing Spring embedded WebApplicationContext
2025-06-12 20:33:01.303 [Test worker] INFO  o.s.b.w.s.c.ServletWebServerApplicationContext - Root WebApplicationContext: initialization completed in 141 ms
2025-06-12 20:33:01.309 [Test worker] INFO  com.zaxxer.hikari.HikariDataSource - HikariPool-31 - Starting...
2025-06-12 20:33:01.310 [Test worker] INFO  com.zaxxer.hikari.pool.HikariPool - HikariPool-31 - Added connection conn179: url=jdbc:h2:mem:database user=SA
2025-06-12 20:33:01.310 [Test worker] INFO  com.zaxxer.hikari.HikariDataSource - HikariPool-31 - Start completed.
2025-06-12 20:33:01.310 [Test worker] INFO  o.s.b.a.h.H2ConsoleAutoConfiguration - H2 console available at '/h2-console'. Database available at 'jdbc:h2:mem:database'
2025-06-12 20:33:01.323 [Test worker] INFO  o.h.jpa.internal.util.LogHelper - HHH000204: Processing PersistenceUnitInfo [name: default]
2025-06-12 20:33:01.324 [Test worker] INFO  o.h.c.i.RegionFactoryInitiator - HHH000026: Second-level cache disabled
2025-06-12 20:33:01.328 [Test worker] INFO  o.s.o.j.p.SpringPersistenceUnitInfo - No LoadTimeWeaver setup: ignoring JPA class transformer
2025-06-12 20:33:01.329 [Test worker] INFO  o.hibernate.orm.connections.pooling - HHH10001005: Database info:
	Database JDBC URL [Connecting through datasource 'HikariDataSource (HikariPool-31)']
	Database driver: undefined/unknown
	Database version: 2.3.232
	Autocommit mode: undefined/unknown
	Isolation level: undefined/unknown
	Minimum pool size: undefined/unknown
	Maximum pool size: undefined/unknown
2025-06-12 20:33:01.374 [Test worker] INFO  o.h.e.t.j.p.i.JtaPlatformInitiator - HHH000489: No JTA platform available (set 'hibernate.transaction.jta.platform' to enable JTA platform integration)
2025-06-12 20:33:01.382 [Test worker] INFO  o.s.o.j.LocalContainerEntityManagerFactoryBean - Initialized JPA EntityManagerFactory for persistence unit 'default'
2025-06-12 20:33:01.441 [Test worker] WARN  o.s.b.a.o.j.JpaBaseConfiguration$JpaWebConfiguration - spring.jpa.open-in-view is enabled by default. Therefore, database queries may be performed during view rendering. Explicitly configure spring.jpa.open-in-view to disable this warning
2025-06-12 20:33:01.445 [Test worker] INFO  o.s.b.a.w.s.WelcomePageHandlerMapping - Adding welcome page template: index
2025-06-12 20:33:01.511 [Test worker] INFO  o.a.coyote.http11.Http11NioProtocol - Starting ProtocolHandler ["http-nio-8080"]
2025-06-12 20:33:01.512 [Test worker] INFO  o.s.b.w.e.tomcat.TomcatWebServer - Tomcat started on port 8080 (http) with context path '/'
2025-06-12 20:33:01.513 [Test worker] INFO  roomescape.api.ThemeApiTest - Started ThemeApiTest in 0.366 seconds (process running for 18.116)
2025-06-12 20:33:01.592 [Test worker] INFO  o.s.b.w.e.tomcat.GracefulShutdown - Commencing graceful shutdown. Waiting for active requests to complete
2025-06-12 20:33:01.593 [tomcat-shutdown] INFO  o.a.coyote.http11.Http11NioProtocol - Pausing ProtocolHandler ["http-nio-8080"]
2025-06-12 20:33:01.594 [tomcat-shutdown] INFO  o.s.b.w.e.tomcat.GracefulShutdown - Graceful shutdown complete
2025-06-12 20:33:01.594 [Test worker] INFO  o.a.coyote.http11.Http11NioProtocol - Stopping ProtocolHandler ["http-nio-8080"]
2025-06-12 20:33:01.595 [Test worker] INFO  o.s.o.j.LocalContainerEntityManagerFactoryBean - Closing JPA EntityManagerFactory for persistence unit 'default'
2025-06-12 20:33:01.596 [Test worker] INFO  com.zaxxer.hikari.HikariDataSource - HikariPool-31 - Shutdown initiated...
2025-06-12 20:33:01.618 [Test worker] INFO  com.zaxxer.hikari.HikariDataSource - HikariPool-31 - Shutdown completed.
2025-06-12 20:33:01.632 [Test worker] INFO  roomescape.api.ThemeApiTest - Starting ThemeApiTest using Java 21.0.4 with PID 94104 (started by yuseokhyeon in /Users/yuseokhyeon/woowa7/level2/spring-roomescape-payment)
2025-06-12 20:33:01.633 [Test worker] INFO  roomescape.api.ThemeApiTest - No active profile set, falling back to 1 default profile: "default"
2025-06-12 20:33:01.757 [Test worker] INFO  o.s.d.r.c.RepositoryConfigurationDelegate - Bootstrapping Spring Data JPA repositories in DEFAULT mode.
2025-06-12 20:33:01.765 [Test worker] INFO  o.s.d.r.c.RepositoryConfigurationDelegate - Finished Spring Data repository scanning in 6 ms. Found 6 JPA repository interfaces.
2025-06-12 20:33:01.804 [Test worker] INFO  o.s.b.w.e.tomcat.TomcatWebServer - Tomcat initialized with port 8080 (http)
2025-06-12 20:33:01.804 [Test worker] INFO  o.a.coyote.http11.Http11NioProtocol - Initializing ProtocolHandler ["http-nio-8080"]
2025-06-12 20:33:01.804 [Test worker] INFO  o.a.catalina.core.StandardService - Starting service [Tomcat]
2025-06-12 20:33:01.804 [Test worker] INFO  o.a.catalina.core.StandardEngine - Starting Servlet engine: [Apache Tomcat/10.1.33]
2025-06-12 20:33:01.811 [Test worker] INFO  o.a.c.c.C.[Tomcat-1].[localhost].[/] - Initializing Spring embedded WebApplicationContext
2025-06-12 20:33:01.811 [Test worker] INFO  o.s.b.w.s.c.ServletWebServerApplicationContext - Root WebApplicationContext: initialization completed in 178 ms
2025-06-12 20:33:01.817 [Test worker] INFO  com.zaxxer.hikari.HikariDataSource - HikariPool-32 - Starting...
2025-06-12 20:33:01.818 [Test worker] INFO  com.zaxxer.hikari.pool.HikariPool - HikariPool-32 - Added connection conn186: url=jdbc:h2:mem:database user=SA
2025-06-12 20:33:01.818 [Test worker] INFO  com.zaxxer.hikari.HikariDataSource - HikariPool-32 - Start completed.
2025-06-12 20:33:01.818 [Test worker] INFO  o.s.b.a.h.H2ConsoleAutoConfiguration - H2 console available at '/h2-console'. Database available at 'jdbc:h2:mem:database'
2025-06-12 20:33:01.832 [Test worker] INFO  o.h.jpa.internal.util.LogHelper - HHH000204: Processing PersistenceUnitInfo [name: default]
2025-06-12 20:33:01.833 [Test worker] INFO  o.h.c.i.RegionFactoryInitiator - HHH000026: Second-level cache disabled
2025-06-12 20:33:01.838 [Test worker] INFO  o.s.o.j.p.SpringPersistenceUnitInfo - No LoadTimeWeaver setup: ignoring JPA class transformer
2025-06-12 20:33:01.838 [Test worker] INFO  o.hibernate.orm.connections.pooling - HHH10001005: Database info:
	Database JDBC URL [Connecting through datasource 'HikariDataSource (HikariPool-32)']
	Database driver: undefined/unknown
	Database version: 2.3.232
	Autocommit mode: undefined/unknown
	Isolation level: undefined/unknown
	Minimum pool size: undefined/unknown
	Maximum pool size: undefined/unknown
2025-06-12 20:33:01.886 [Test worker] INFO  o.h.e.t.j.p.i.JtaPlatformInitiator - HHH000489: No JTA platform available (set 'hibernate.transaction.jta.platform' to enable JTA platform integration)
2025-06-12 20:33:01.891 [Test worker] INFO  o.s.o.j.LocalContainerEntityManagerFactoryBean - Initialized JPA EntityManagerFactory for persistence unit 'default'
2025-06-12 20:33:01.959 [Test worker] WARN  o.s.b.a.o.j.JpaBaseConfiguration$JpaWebConfiguration - spring.jpa.open-in-view is enabled by default. Therefore, database queries may be performed during view rendering. Explicitly configure spring.jpa.open-in-view to disable this warning
2025-06-12 20:33:01.963 [Test worker] INFO  o.s.b.a.w.s.WelcomePageHandlerMapping - Adding welcome page template: index
2025-06-12 20:33:02.033 [Test worker] INFO  o.a.coyote.http11.Http11NioProtocol - Starting ProtocolHandler ["http-nio-8080"]
2025-06-12 20:33:02.035 [Test worker] INFO  o.s.b.w.e.tomcat.TomcatWebServer - Tomcat started on port 8080 (http) with context path '/'
2025-06-12 20:33:02.036 [Test worker] INFO  roomescape.api.ThemeApiTest - Started ThemeApiTest in 0.416 seconds (process running for 18.639)
2025-06-12 20:33:02.117 [Test worker] INFO  o.s.b.w.e.tomcat.GracefulShutdown - Commencing graceful shutdown. Waiting for active requests to complete
2025-06-12 20:33:02.118 [tomcat-shutdown] INFO  o.a.coyote.http11.Http11NioProtocol - Pausing ProtocolHandler ["http-nio-8080"]
2025-06-12 20:33:02.138 [tomcat-shutdown] INFO  o.s.b.w.e.tomcat.GracefulShutdown - Graceful shutdown complete
2025-06-12 20:33:02.138 [Test worker] INFO  o.a.coyote.http11.Http11NioProtocol - Stopping ProtocolHandler ["http-nio-8080"]
2025-06-12 20:33:02.145 [Test worker] INFO  o.s.o.j.LocalContainerEntityManagerFactoryBean - Closing JPA EntityManagerFactory for persistence unit 'default'
2025-06-12 20:33:02.147 [Test worker] INFO  com.zaxxer.hikari.HikariDataSource - HikariPool-32 - Shutdown initiated...
2025-06-12 20:33:02.149 [Test worker] INFO  com.zaxxer.hikari.HikariDataSource - HikariPool-32 - Shutdown completed.
2025-06-12 20:33:02.196 [Test worker] INFO  roomescape.api.ThemeApiTest - Starting ThemeApiTest using Java 21.0.4 with PID 94104 (started by yuseokhyeon in /Users/yuseokhyeon/woowa7/level2/spring-roomescape-payment)
2025-06-12 20:33:02.196 [Test worker] INFO  roomescape.api.ThemeApiTest - No active profile set, falling back to 1 default profile: "default"
2025-06-12 20:33:02.415 [Test worker] INFO  o.s.d.r.c.RepositoryConfigurationDelegate - Bootstrapping Spring Data JPA repositories in DEFAULT mode.
2025-06-12 20:33:02.429 [Test worker] INFO  o.s.d.r.c.RepositoryConfigurationDelegate - Finished Spring Data repository scanning in 11 ms. Found 6 JPA repository interfaces.
2025-06-12 20:33:02.512 [Test worker] INFO  o.s.b.w.e.tomcat.TomcatWebServer - Tomcat initialized with port 8080 (http)
2025-06-12 20:33:02.512 [Test worker] INFO  o.a.coyote.http11.Http11NioProtocol - Initializing ProtocolHandler ["http-nio-8080"]
2025-06-12 20:33:02.512 [Test worker] INFO  o.a.catalina.core.StandardService - Starting service [Tomcat]
2025-06-12 20:33:02.512 [Test worker] INFO  o.a.catalina.core.StandardEngine - Starting Servlet engine: [Apache Tomcat/10.1.33]
2025-06-12 20:33:02.522 [Test worker] INFO  o.a.c.c.C.[Tomcat-1].[localhost].[/] - Initializing Spring embedded WebApplicationContext
2025-06-12 20:33:02.522 [Test worker] INFO  o.s.b.w.s.c.ServletWebServerApplicationContext - Root WebApplicationContext: initialization completed in 324 ms
2025-06-12 20:33:02.530 [Test worker] INFO  com.zaxxer.hikari.HikariDataSource - HikariPool-33 - Starting...
2025-06-12 20:33:02.530 [Test worker] INFO  com.zaxxer.hikari.pool.HikariPool - HikariPool-33 - Added connection conn193: url=jdbc:h2:mem:database user=SA
2025-06-12 20:33:02.530 [Test worker] INFO  com.zaxxer.hikari.HikariDataSource - HikariPool-33 - Start completed.
2025-06-12 20:33:02.530 [Test worker] INFO  o.s.b.a.h.H2ConsoleAutoConfiguration - H2 console available at '/h2-console'. Database available at 'jdbc:h2:mem:database'
2025-06-12 20:33:02.548 [Test worker] INFO  o.h.jpa.internal.util.LogHelper - HHH000204: Processing PersistenceUnitInfo [name: default]
2025-06-12 20:33:02.549 [Test worker] INFO  o.h.c.i.RegionFactoryInitiator - HHH000026: Second-level cache disabled
2025-06-12 20:33:02.555 [Test worker] INFO  o.s.o.j.p.SpringPersistenceUnitInfo - No LoadTimeWeaver setup: ignoring JPA class transformer
2025-06-12 20:33:02.556 [Test worker] INFO  o.hibernate.orm.connections.pooling - HHH10001005: Database info:
	Database JDBC URL [Connecting through datasource 'HikariDataSource (HikariPool-33)']
	Database driver: undefined/unknown
	Database version: 2.3.232
	Autocommit mode: undefined/unknown
	Isolation level: undefined/unknown
	Minimum pool size: undefined/unknown
	Maximum pool size: undefined/unknown
2025-06-12 20:33:02.620 [Test worker] INFO  o.h.e.t.j.p.i.JtaPlatformInitiator - HHH000489: No JTA platform available (set 'hibernate.transaction.jta.platform' to enable JTA platform integration)
2025-06-12 20:33:02.626 [Test worker] INFO  o.s.o.j.LocalContainerEntityManagerFactoryBean - Initialized JPA EntityManagerFactory for persistence unit 'default'
2025-06-12 20:33:02.692 [Test worker] WARN  o.s.b.a.o.j.JpaBaseConfiguration$JpaWebConfiguration - spring.jpa.open-in-view is enabled by default. Therefore, database queries may be performed during view rendering. Explicitly configure spring.jpa.open-in-view to disable this warning
2025-06-12 20:33:02.697 [Test worker] INFO  o.s.b.a.w.s.WelcomePageHandlerMapping - Adding welcome page template: index
2025-06-12 20:33:02.812 [Test worker] INFO  o.a.coyote.http11.Http11NioProtocol - Starting ProtocolHandler ["http-nio-8080"]
2025-06-12 20:33:02.817 [Test worker] INFO  o.s.b.w.e.tomcat.TomcatWebServer - Tomcat started on port 8080 (http) with context path '/'
2025-06-12 20:33:02.819 [Test worker] INFO  roomescape.api.ThemeApiTest - Started ThemeApiTest in 0.664 seconds (process running for 19.422)
2025-06-12 20:33:02.855 [http-nio-auto-4-exec-8] INFO  r.presentation.ThemeController - 테마 생성: 테마 id = 1, 테마 이름 = 테마1
2025-06-12 20:33:02.888 [Test worker] INFO  o.s.b.w.e.tomcat.GracefulShutdown - Commencing graceful shutdown. Waiting for active requests to complete
2025-06-12 20:33:02.896 [tomcat-shutdown] INFO  o.a.coyote.http11.Http11NioProtocol - Pausing ProtocolHandler ["http-nio-8080"]
2025-06-12 20:33:02.897 [tomcat-shutdown] INFO  o.s.b.w.e.tomcat.GracefulShutdown - Graceful shutdown complete
2025-06-12 20:33:02.897 [Test worker] INFO  o.a.coyote.http11.Http11NioProtocol - Stopping ProtocolHandler ["http-nio-8080"]
2025-06-12 20:33:02.899 [Test worker] INFO  o.s.o.j.LocalContainerEntityManagerFactoryBean - Closing JPA EntityManagerFactory for persistence unit 'default'
2025-06-12 20:33:02.906 [Test worker] INFO  com.zaxxer.hikari.HikariDataSource - HikariPool-33 - Shutdown initiated...
2025-06-12 20:33:02.910 [Test worker] INFO  com.zaxxer.hikari.HikariDataSource - HikariPool-33 - Shutdown completed.
2025-06-12 20:33:02.949 [Test worker] INFO  roomescape.api.ThemeApiTest - Starting ThemeApiTest using Java 21.0.4 with PID 94104 (started by yuseokhyeon in /Users/yuseokhyeon/woowa7/level2/spring-roomescape-payment)
2025-06-12 20:33:02.949 [Test worker] INFO  roomescape.api.ThemeApiTest - No active profile set, falling back to 1 default profile: "default"
2025-06-12 20:33:03.134 [Test worker] INFO  o.s.d.r.c.RepositoryConfigurationDelegate - Bootstrapping Spring Data JPA repositories in DEFAULT mode.
2025-06-12 20:33:03.147 [Test worker] INFO  o.s.d.r.c.RepositoryConfigurationDelegate - Finished Spring Data repository scanning in 11 ms. Found 6 JPA repository interfaces.
2025-06-12 20:33:03.209 [Test worker] INFO  o.s.b.w.e.tomcat.TomcatWebServer - Tomcat initialized with port 8080 (http)
2025-06-12 20:33:03.209 [Test worker] INFO  o.a.coyote.http11.Http11NioProtocol - Initializing ProtocolHandler ["http-nio-8080"]
2025-06-12 20:33:03.210 [Test worker] INFO  o.a.catalina.core.StandardService - Starting service [Tomcat]
2025-06-12 20:33:03.210 [Test worker] INFO  o.a.catalina.core.StandardEngine - Starting Servlet engine: [Apache Tomcat/10.1.33]
2025-06-12 20:33:03.228 [Test worker] INFO  o.a.c.c.C.[Tomcat-1].[localhost].[/] - Initializing Spring embedded WebApplicationContext
2025-06-12 20:33:03.228 [Test worker] INFO  o.s.b.w.s.c.ServletWebServerApplicationContext - Root WebApplicationContext: initialization completed in 278 ms
2025-06-12 20:33:03.237 [Test worker] INFO  com.zaxxer.hikari.HikariDataSource - HikariPool-34 - Starting...
2025-06-12 20:33:03.238 [Test worker] INFO  com.zaxxer.hikari.pool.HikariPool - HikariPool-34 - Added connection conn202: url=jdbc:h2:mem:database user=SA
2025-06-12 20:33:03.239 [Test worker] INFO  com.zaxxer.hikari.HikariDataSource - HikariPool-34 - Start completed.
2025-06-12 20:33:03.239 [Test worker] INFO  o.s.b.a.h.H2ConsoleAutoConfiguration - H2 console available at '/h2-console'. Database available at 'jdbc:h2:mem:database'
2025-06-12 20:33:03.258 [Test worker] INFO  o.h.jpa.internal.util.LogHelper - HHH000204: Processing PersistenceUnitInfo [name: default]
2025-06-12 20:33:03.259 [Test worker] INFO  o.h.c.i.RegionFactoryInitiator - HHH000026: Second-level cache disabled
2025-06-12 20:33:03.263 [Test worker] INFO  o.s.o.j.p.SpringPersistenceUnitInfo - No LoadTimeWeaver setup: ignoring JPA class transformer
2025-06-12 20:33:03.264 [Test worker] INFO  o.hibernate.orm.connections.pooling - HHH10001005: Database info:
	Database JDBC URL [Connecting through datasource 'HikariDataSource (HikariPool-34)']
	Database driver: undefined/unknown
	Database version: 2.3.232
	Autocommit mode: undefined/unknown
	Isolation level: undefined/unknown
	Minimum pool size: undefined/unknown
	Maximum pool size: undefined/unknown
2025-06-12 20:33:03.317 [Test worker] INFO  o.h.e.t.j.p.i.JtaPlatformInitiator - HHH000489: No JTA platform available (set 'hibernate.transaction.jta.platform' to enable JTA platform integration)
2025-06-12 20:33:03.326 [Test worker] INFO  o.s.o.j.LocalContainerEntityManagerFactoryBean - Initialized JPA EntityManagerFactory for persistence unit 'default'
2025-06-12 20:33:03.379 [Test worker] WARN  o.s.b.a.o.j.JpaBaseConfiguration$JpaWebConfiguration - spring.jpa.open-in-view is enabled by default. Therefore, database queries may be performed during view rendering. Explicitly configure spring.jpa.open-in-view to disable this warning
2025-06-12 20:33:03.382 [Test worker] INFO  o.s.b.a.w.s.WelcomePageHandlerMapping - Adding welcome page template: index
2025-06-12 20:33:03.428 [Test worker] INFO  o.a.coyote.http11.Http11NioProtocol - Starting ProtocolHandler ["http-nio-8080"]
2025-06-12 20:33:03.429 [Test worker] INFO  o.s.b.w.e.tomcat.TomcatWebServer - Tomcat started on port 8080 (http) with context path '/'
2025-06-12 20:33:03.430 [Test worker] INFO  roomescape.api.ThemeApiTest - Started ThemeApiTest in 0.511 seconds (process running for 20.033)
2025-06-12 20:33:03.454 [Test worker] INFO  o.s.t.c.s.AnnotationConfigContextLoaderUtils - Could not detect default configuration classes for test class [roomescape.api.WaitingApiTest]: WaitingApiTest does not declare any static, non-private, non-final, nested classes annotated with @Configuration.
2025-06-12 20:33:03.455 [Test worker] INFO  o.s.b.t.c.SpringBootTestContextBootstrapper - Found @SpringBootConfiguration roomescape.RoomescapeApplication for test class roomescape.api.WaitingApiTest
2025-06-12 20:33:03.457 [Test worker] INFO  o.s.b.w.e.tomcat.GracefulShutdown - Commencing graceful shutdown. Waiting for active requests to complete
2025-06-12 20:33:03.458 [tomcat-shutdown] INFO  o.a.coyote.http11.Http11NioProtocol - Pausing ProtocolHandler ["http-nio-8080"]
2025-06-12 20:33:03.459 [tomcat-shutdown] INFO  o.s.b.w.e.tomcat.GracefulShutdown - Graceful shutdown complete
2025-06-12 20:33:03.459 [Test worker] INFO  o.a.coyote.http11.Http11NioProtocol - Stopping ProtocolHandler ["http-nio-8080"]
2025-06-12 20:33:03.459 [Test worker] INFO  o.s.o.j.LocalContainerEntityManagerFactoryBean - Closing JPA EntityManagerFactory for persistence unit 'default'
2025-06-12 20:33:03.460 [Test worker] INFO  com.zaxxer.hikari.HikariDataSource - HikariPool-34 - Shutdown initiated...
2025-06-12 20:33:03.478 [Test worker] INFO  com.zaxxer.hikari.HikariDataSource - HikariPool-34 - Shutdown completed.
2025-06-12 20:33:03.491 [Test worker] INFO  roomescape.api.WaitingApiTest - Starting WaitingApiTest using Java 21.0.4 with PID 94104 (started by yuseokhyeon in /Users/yuseokhyeon/woowa7/level2/spring-roomescape-payment)
2025-06-12 20:33:03.491 [Test worker] INFO  roomescape.api.WaitingApiTest - No active profile set, falling back to 1 default profile: "default"
2025-06-12 20:33:03.567 [Test worker] INFO  o.s.d.r.c.RepositoryConfigurationDelegate - Bootstrapping Spring Data JPA repositories in DEFAULT mode.
2025-06-12 20:33:03.574 [Test worker] INFO  o.s.d.r.c.RepositoryConfigurationDelegate - Finished Spring Data repository scanning in 6 ms. Found 6 JPA repository interfaces.
2025-06-12 20:33:03.618 [Test worker] INFO  o.s.b.w.e.tomcat.TomcatWebServer - Tomcat initialized with port 8080 (http)
2025-06-12 20:33:03.619 [Test worker] INFO  o.a.coyote.http11.Http11NioProtocol - Initializing ProtocolHandler ["http-nio-8080"]
2025-06-12 20:33:03.619 [Test worker] INFO  o.a.catalina.core.StandardService - Starting service [Tomcat]
2025-06-12 20:33:03.619 [Test worker] INFO  o.a.catalina.core.StandardEngine - Starting Servlet engine: [Apache Tomcat/10.1.33]
2025-06-12 20:33:03.625 [Test worker] INFO  o.a.c.c.C.[Tomcat-1].[localhost].[/] - Initializing Spring embedded WebApplicationContext
2025-06-12 20:33:03.625 [Test worker] INFO  o.s.b.w.s.c.ServletWebServerApplicationContext - Root WebApplicationContext: initialization completed in 133 ms
2025-06-12 20:33:03.629 [Test worker] INFO  com.zaxxer.hikari.HikariDataSource - HikariPool-35 - Starting...
2025-06-12 20:33:03.630 [Test worker] INFO  com.zaxxer.hikari.pool.HikariPool - HikariPool-35 - Added connection conn207: url=jdbc:h2:mem:database user=SA
2025-06-12 20:33:03.630 [Test worker] INFO  com.zaxxer.hikari.HikariDataSource - HikariPool-35 - Start completed.
2025-06-12 20:33:03.630 [Test worker] INFO  o.s.b.a.h.H2ConsoleAutoConfiguration - H2 console available at '/h2-console'. Database available at 'jdbc:h2:mem:database'
2025-06-12 20:33:03.639 [Test worker] INFO  o.h.jpa.internal.util.LogHelper - HHH000204: Processing PersistenceUnitInfo [name: default]
2025-06-12 20:33:03.640 [Test worker] INFO  o.h.c.i.RegionFactoryInitiator - HHH000026: Second-level cache disabled
2025-06-12 20:33:03.643 [Test worker] INFO  o.s.o.j.p.SpringPersistenceUnitInfo - No LoadTimeWeaver setup: ignoring JPA class transformer
2025-06-12 20:33:03.644 [Test worker] INFO  o.hibernate.orm.connections.pooling - HHH10001005: Database info:
	Database JDBC URL [Connecting through datasource 'HikariDataSource (HikariPool-35)']
	Database driver: undefined/unknown
	Database version: 2.3.232
	Autocommit mode: undefined/unknown
	Isolation level: undefined/unknown
	Minimum pool size: undefined/unknown
	Maximum pool size: undefined/unknown
2025-06-12 20:33:03.679 [Test worker] INFO  o.h.e.t.j.p.i.JtaPlatformInitiator - HHH000489: No JTA platform available (set 'hibernate.transaction.jta.platform' to enable JTA platform integration)
2025-06-12 20:33:03.683 [Test worker] INFO  o.s.o.j.LocalContainerEntityManagerFactoryBean - Initialized JPA EntityManagerFactory for persistence unit 'default'
2025-06-12 20:33:03.720 [Test worker] WARN  o.s.b.a.o.j.JpaBaseConfiguration$JpaWebConfiguration - spring.jpa.open-in-view is enabled by default. Therefore, database queries may be performed during view rendering. Explicitly configure spring.jpa.open-in-view to disable this warning
2025-06-12 20:33:03.723 [Test worker] INFO  o.s.b.a.w.s.WelcomePageHandlerMapping - Adding welcome page template: index
2025-06-12 20:33:03.764 [Test worker] INFO  o.a.coyote.http11.Http11NioProtocol - Starting ProtocolHandler ["http-nio-8080"]
2025-06-12 20:33:03.765 [Test worker] INFO  o.s.b.w.e.tomcat.TomcatWebServer - Tomcat started on port 8080 (http) with context path '/'
2025-06-12 20:33:03.766 [Test worker] INFO  roomescape.api.WaitingApiTest - Started WaitingApiTest in 0.286 seconds (process running for 20.369)
2025-06-12 20:33:03.786 [Test worker] INFO  o.s.b.w.e.tomcat.GracefulShutdown - Commencing graceful shutdown. Waiting for active requests to complete
2025-06-12 20:33:03.786 [tomcat-shutdown] INFO  o.a.coyote.http11.Http11NioProtocol - Pausing ProtocolHandler ["http-nio-8080"]
2025-06-12 20:33:03.787 [tomcat-shutdown] INFO  o.s.b.w.e.tomcat.GracefulShutdown - Graceful shutdown complete
2025-06-12 20:33:03.787 [Test worker] INFO  o.a.coyote.http11.Http11NioProtocol - Stopping ProtocolHandler ["http-nio-8080"]
2025-06-12 20:33:03.788 [Test worker] INFO  o.s.o.j.LocalContainerEntityManagerFactoryBean - Closing JPA EntityManagerFactory for persistence unit 'default'
2025-06-12 20:33:03.789 [Test worker] INFO  com.zaxxer.hikari.HikariDataSource - HikariPool-35 - Shutdown initiated...
2025-06-12 20:33:03.806 [Test worker] INFO  com.zaxxer.hikari.HikariDataSource - HikariPool-35 - Shutdown completed.
2025-06-12 20:33:03.817 [Test worker] INFO  roomescape.api.WaitingApiTest - Starting WaitingApiTest using Java 21.0.4 with PID 94104 (started by yuseokhyeon in /Users/yuseokhyeon/woowa7/level2/spring-roomescape-payment)
2025-06-12 20:33:03.817 [Test worker] INFO  roomescape.api.WaitingApiTest - No active profile set, falling back to 1 default profile: "default"
2025-06-12 20:33:03.882 [Test worker] INFO  o.s.d.r.c.RepositoryConfigurationDelegate - Bootstrapping Spring Data JPA repositories in DEFAULT mode.
2025-06-12 20:33:03.888 [Test worker] INFO  o.s.d.r.c.RepositoryConfigurationDelegate - Finished Spring Data repository scanning in 5 ms. Found 6 JPA repository interfaces.
2025-06-12 20:33:03.909 [Test worker] INFO  o.s.b.w.e.tomcat.TomcatWebServer - Tomcat initialized with port 8080 (http)
2025-06-12 20:33:03.909 [Test worker] INFO  o.a.coyote.http11.Http11NioProtocol - Initializing ProtocolHandler ["http-nio-8080"]
2025-06-12 20:33:03.909 [Test worker] INFO  o.a.catalina.core.StandardService - Starting service [Tomcat]
2025-06-12 20:33:03.909 [Test worker] INFO  o.a.catalina.core.StandardEngine - Starting Servlet engine: [Apache Tomcat/10.1.33]
2025-06-12 20:33:03.915 [Test worker] INFO  o.a.c.c.C.[Tomcat-1].[localhost].[/] - Initializing Spring embedded WebApplicationContext
2025-06-12 20:33:03.915 [Test worker] INFO  o.s.b.w.s.c.ServletWebServerApplicationContext - Root WebApplicationContext: initialization completed in 98 ms
2025-06-12 20:33:03.919 [Test worker] INFO  com.zaxxer.hikari.HikariDataSource - HikariPool-36 - Starting...
2025-06-12 20:33:03.919 [Test worker] INFO  com.zaxxer.hikari.pool.HikariPool - HikariPool-36 - Added connection conn210: url=jdbc:h2:mem:database user=SA
2025-06-12 20:33:03.919 [Test worker] INFO  com.zaxxer.hikari.HikariDataSource - HikariPool-36 - Start completed.
2025-06-12 20:33:03.919 [Test worker] INFO  o.s.b.a.h.H2ConsoleAutoConfiguration - H2 console available at '/h2-console'. Database available at 'jdbc:h2:mem:database'
2025-06-12 20:33:03.934 [Test worker] INFO  o.h.jpa.internal.util.LogHelper - HHH000204: Processing PersistenceUnitInfo [name: default]
2025-06-12 20:33:03.935 [Test worker] INFO  o.h.c.i.RegionFactoryInitiator - HHH000026: Second-level cache disabled
2025-06-12 20:33:03.938 [Test worker] INFO  o.s.o.j.p.SpringPersistenceUnitInfo - No LoadTimeWeaver setup: ignoring JPA class transformer
2025-06-12 20:33:03.939 [Test worker] INFO  o.hibernate.orm.connections.pooling - HHH10001005: Database info:
	Database JDBC URL [Connecting through datasource 'HikariDataSource (HikariPool-36)']
	Database driver: undefined/unknown
	Database version: 2.3.232
	Autocommit mode: undefined/unknown
	Isolation level: undefined/unknown
	Minimum pool size: undefined/unknown
	Maximum pool size: undefined/unknown
2025-06-12 20:33:03.969 [Test worker] INFO  o.h.e.t.j.p.i.JtaPlatformInitiator - HHH000489: No JTA platform available (set 'hibernate.transaction.jta.platform' to enable JTA platform integration)
2025-06-12 20:33:03.972 [Test worker] INFO  o.s.o.j.LocalContainerEntityManagerFactoryBean - Initialized JPA EntityManagerFactory for persistence unit 'default'
2025-06-12 20:33:04.009 [Test worker] WARN  o.s.b.a.o.j.JpaBaseConfiguration$JpaWebConfiguration - spring.jpa.open-in-view is enabled by default. Therefore, database queries may be performed during view rendering. Explicitly configure spring.jpa.open-in-view to disable this warning
2025-06-12 20:33:04.012 [Test worker] INFO  o.s.b.a.w.s.WelcomePageHandlerMapping - Adding welcome page template: index
2025-06-12 20:33:04.045 [Test worker] INFO  o.a.coyote.http11.Http11NioProtocol - Starting ProtocolHandler ["http-nio-8080"]
2025-06-12 20:33:04.046 [Test worker] INFO  o.s.b.w.e.tomcat.TomcatWebServer - Tomcat started on port 8080 (http) with context path '/'
2025-06-12 20:33:04.047 [Test worker] INFO  roomescape.api.WaitingApiTest - Started WaitingApiTest in 0.239 seconds (process running for 20.65)
2025-06-12 20:33:04.066 [Test worker] INFO  o.s.b.w.e.tomcat.GracefulShutdown - Commencing graceful shutdown. Waiting for active requests to complete
2025-06-12 20:33:04.067 [tomcat-shutdown] INFO  o.a.coyote.http11.Http11NioProtocol - Pausing ProtocolHandler ["http-nio-8080"]
2025-06-12 20:33:04.068 [tomcat-shutdown] INFO  o.s.b.w.e.tomcat.GracefulShutdown - Graceful shutdown complete
2025-06-12 20:33:04.068 [Test worker] INFO  o.a.coyote.http11.Http11NioProtocol - Stopping ProtocolHandler ["http-nio-8080"]
2025-06-12 20:33:04.069 [Test worker] INFO  o.s.o.j.LocalContainerEntityManagerFactoryBean - Closing JPA EntityManagerFactory for persistence unit 'default'
2025-06-12 20:33:04.070 [Test worker] INFO  com.zaxxer.hikari.HikariDataSource - HikariPool-36 - Shutdown initiated...
2025-06-12 20:33:04.095 [Test worker] INFO  com.zaxxer.hikari.HikariDataSource - HikariPool-36 - Shutdown completed.
2025-06-12 20:33:04.105 [Test worker] INFO  roomescape.api.WaitingApiTest - Starting WaitingApiTest using Java 21.0.4 with PID 94104 (started by yuseokhyeon in /Users/yuseokhyeon/woowa7/level2/spring-roomescape-payment)
2025-06-12 20:33:04.106 [Test worker] INFO  roomescape.api.WaitingApiTest - No active profile set, falling back to 1 default profile: "default"
2025-06-12 20:33:04.251 [Test worker] INFO  o.s.d.r.c.RepositoryConfigurationDelegate - Bootstrapping Spring Data JPA repositories in DEFAULT mode.
2025-06-12 20:33:04.259 [Test worker] INFO  o.s.d.r.c.RepositoryConfigurationDelegate - Finished Spring Data repository scanning in 6 ms. Found 6 JPA repository interfaces.
2025-06-12 20:33:04.279 [Test worker] INFO  o.s.b.w.e.tomcat.TomcatWebServer - Tomcat initialized with port 8080 (http)
2025-06-12 20:33:04.279 [Test worker] INFO  o.a.coyote.http11.Http11NioProtocol - Initializing ProtocolHandler ["http-nio-8080"]
2025-06-12 20:33:04.280 [Test worker] INFO  o.a.catalina.core.StandardService - Starting service [Tomcat]
2025-06-12 20:33:04.280 [Test worker] INFO  o.a.catalina.core.StandardEngine - Starting Servlet engine: [Apache Tomcat/10.1.33]
2025-06-12 20:33:04.286 [Test worker] INFO  o.a.c.c.C.[Tomcat-1].[localhost].[/] - Initializing Spring embedded WebApplicationContext
2025-06-12 20:33:04.286 [Test worker] INFO  o.s.b.w.s.c.ServletWebServerApplicationContext - Root WebApplicationContext: initialization completed in 180 ms
2025-06-12 20:33:04.289 [Test worker] INFO  com.zaxxer.hikari.HikariDataSource - HikariPool-37 - Starting...
2025-06-12 20:33:04.290 [Test worker] INFO  com.zaxxer.hikari.pool.HikariPool - HikariPool-37 - Added connection conn213: url=jdbc:h2:mem:database user=SA
2025-06-12 20:33:04.290 [Test worker] INFO  com.zaxxer.hikari.HikariDataSource - HikariPool-37 - Start completed.
2025-06-12 20:33:04.290 [Test worker] INFO  o.s.b.a.h.H2ConsoleAutoConfiguration - H2 console available at '/h2-console'. Database available at 'jdbc:h2:mem:database'
2025-06-12 20:33:04.298 [Test worker] INFO  o.h.jpa.internal.util.LogHelper - HHH000204: Processing PersistenceUnitInfo [name: default]
2025-06-12 20:33:04.299 [Test worker] INFO  o.h.c.i.RegionFactoryInitiator - HHH000026: Second-level cache disabled
2025-06-12 20:33:04.302 [Test worker] INFO  o.s.o.j.p.SpringPersistenceUnitInfo - No LoadTimeWeaver setup: ignoring JPA class transformer
2025-06-12 20:33:04.303 [Test worker] INFO  o.hibernate.orm.connections.pooling - HHH10001005: Database info:
	Database JDBC URL [Connecting through datasource 'HikariDataSource (HikariPool-37)']
	Database driver: undefined/unknown
	Database version: 2.3.232
	Autocommit mode: undefined/unknown
	Isolation level: undefined/unknown
	Minimum pool size: undefined/unknown
	Maximum pool size: undefined/unknown
2025-06-12 20:33:04.333 [Test worker] INFO  o.h.e.t.j.p.i.JtaPlatformInitiator - HHH000489: No JTA platform available (set 'hibernate.transaction.jta.platform' to enable JTA platform integration)
2025-06-12 20:33:04.336 [Test worker] INFO  o.s.o.j.LocalContainerEntityManagerFactoryBean - Initialized JPA EntityManagerFactory for persistence unit 'default'
2025-06-12 20:33:04.370 [Test worker] WARN  o.s.b.a.o.j.JpaBaseConfiguration$JpaWebConfiguration - spring.jpa.open-in-view is enabled by default. Therefore, database queries may be performed during view rendering. Explicitly configure spring.jpa.open-in-view to disable this warning
2025-06-12 20:33:04.372 [Test worker] INFO  o.s.b.a.w.s.WelcomePageHandlerMapping - Adding welcome page template: index
2025-06-12 20:33:04.409 [Test worker] INFO  o.a.coyote.http11.Http11NioProtocol - Starting ProtocolHandler ["http-nio-8080"]
2025-06-12 20:33:04.409 [Test worker] INFO  o.s.b.w.e.tomcat.TomcatWebServer - Tomcat started on port 8080 (http) with context path '/'
2025-06-12 20:33:04.411 [Test worker] INFO  roomescape.api.WaitingApiTest - Started WaitingApiTest in 0.314 seconds (process running for 21.013)
2025-06-12 20:33:04.424 [http-nio-auto-4-exec-5] INFO  r.presentation.WaitingController - 예약 대기 생성 완료: 예약 대기 Id=1, 회원 Id=1, 테마 Id=1, 시간 Id=1, 날짜=2026-08-05
2025-06-12 20:33:04.661 [Test worker] INFO  o.s.t.c.s.AnnotationConfigContextLoaderUtils - Could not detect default configuration classes for test class [roomescape.unit.infrastructure.MemberRepositoryAdapterTest]: MemberRepositoryAdapterTest does not declare any static, non-private, non-final, nested classes annotated with @Configuration.
2025-06-12 20:33:04.672 [Test worker] INFO  o.s.b.t.c.SpringBootTestContextBootstrapper - Found @SpringBootConfiguration roomescape.RoomescapeApplication for test class roomescape.unit.infrastructure.MemberRepositoryAdapterTest
2025-06-12 20:33:04.681 [Test worker] INFO  r.u.i.MemberRepositoryAdapterTest - Starting MemberRepositoryAdapterTest using Java 21.0.4 with PID 94104 (started by yuseokhyeon in /Users/yuseokhyeon/woowa7/level2/spring-roomescape-payment)
2025-06-12 20:33:04.681 [Test worker] INFO  r.u.i.MemberRepositoryAdapterTest - No active profile set, falling back to 1 default profile: "default"
2025-06-12 20:33:04.712 [Test worker] INFO  o.s.d.r.c.RepositoryConfigurationDelegate - Bootstrapping Spring Data JPA repositories in DEFAULT mode.
2025-06-12 20:33:04.721 [Test worker] INFO  o.s.d.r.c.RepositoryConfigurationDelegate - Finished Spring Data repository scanning in 8 ms. Found 6 JPA repository interfaces.
2025-06-12 20:33:04.727 [Test worker] INFO  o.s.b.t.a.j.TestDatabaseAutoConfiguration$EmbeddedDataSourceBeanFactoryPostProcessor - Replacing 'dataSource' DataSource bean with embedded version
2025-06-12 20:33:04.735 [Test worker] INFO  o.s.j.d.e.EmbeddedDatabaseFactory - Starting embedded database: url='jdbc:h2:mem:8bb9ec47-230b-45a0-a78e-c96f76140923;DB_CLOSE_DELAY=-1;DB_CLOSE_ON_EXIT=false', username='sa'
2025-06-12 20:33:04.743 [Test worker] INFO  o.h.jpa.internal.util.LogHelper - HHH000204: Processing PersistenceUnitInfo [name: default]
2025-06-12 20:33:04.744 [Test worker] INFO  o.h.c.i.RegionFactoryInitiator - HHH000026: Second-level cache disabled
2025-06-12 20:33:04.747 [Test worker] INFO  o.s.o.j.p.SpringPersistenceUnitInfo - No LoadTimeWeaver setup: ignoring JPA class transformer
2025-06-12 20:33:04.749 [Test worker] INFO  o.hibernate.orm.connections.pooling - HHH10001005: Database info:
	Database JDBC URL [Connecting through datasource 'org.springframework.jdbc.datasource.embedded.EmbeddedDatabaseFactory$EmbeddedDataSourceProxy@7e5fee2f']
	Database driver: undefined/unknown
	Database version: 2.3.232
	Autocommit mode: undefined/unknown
	Isolation level: undefined/unknown
	Minimum pool size: undefined/unknown
	Maximum pool size: undefined/unknown
2025-06-12 20:33:04.774 [Test worker] INFO  o.h.e.t.j.p.i.JtaPlatformInitiator - HHH000489: No JTA platform available (set 'hibernate.transaction.jta.platform' to enable JTA platform integration)
2025-06-12 20:33:04.779 [Test worker] INFO  o.s.o.j.LocalContainerEntityManagerFactoryBean - Initialized JPA EntityManagerFactory for persistence unit 'default'
2025-06-12 20:33:04.806 [Test worker] INFO  r.u.i.MemberRepositoryAdapterTest - Started MemberRepositoryAdapterTest in 0.133 seconds (process running for 21.408)
2025-06-12 20:33:04.831 [Test worker] INFO  o.s.t.c.s.AnnotationConfigContextLoaderUtils - Could not detect default configuration classes for test class [roomescape.unit.infrastructure.ReservationRepositoryAdaptorTest]: ReservationRepositoryAdaptorTest does not declare any static, non-private, non-final, nested classes annotated with @Configuration.
2025-06-12 20:33:04.834 [Test worker] INFO  o.s.b.t.c.SpringBootTestContextBootstrapper - Found @SpringBootConfiguration roomescape.RoomescapeApplication for test class roomescape.unit.infrastructure.ReservationRepositoryAdaptorTest
2025-06-12 20:33:04.990 [Test worker] INFO  o.s.t.c.s.AnnotationConfigContextLoaderUtils - Could not detect default configuration classes for test class [roomescape.unit.infrastructure.ReservationTimeRepositoryAdaptorTest]: ReservationTimeRepositoryAdaptorTest does not declare any static, non-private, non-final, nested classes annotated with @Configuration.
2025-06-12 20:33:04.994 [Test worker] INFO  o.s.b.t.c.SpringBootTestContextBootstrapper - Found @SpringBootConfiguration roomescape.RoomescapeApplication for test class roomescape.unit.infrastructure.ReservationTimeRepositoryAdaptorTest
2025-06-12 20:33:05.017 [Test worker] INFO  o.s.t.c.s.AnnotationConfigContextLoaderUtils - Could not detect default configuration classes for test class [roomescape.unit.infrastructure.ThemeRepositoryAdaptorTest]: ThemeRepositoryAdaptorTest does not declare any static, non-private, non-final, nested classes annotated with @Configuration.
2025-06-12 20:33:05.020 [Test worker] INFO  o.s.b.t.c.SpringBootTestContextBootstrapper - Found @SpringBootConfiguration roomescape.RoomescapeApplication for test class roomescape.unit.infrastructure.ThemeRepositoryAdaptorTest
2025-06-12 20:33:05.049 [Test worker] INFO  o.s.t.c.s.AnnotationConfigContextLoaderUtils - Could not detect default configuration classes for test class [roomescape.unit.infrastructure.WaitingRepositoryAdaptorTest]: WaitingRepositoryAdaptorTest does not declare any static, non-private, non-final, nested classes annotated with @Configuration.
2025-06-12 20:33:05.053 [Test worker] INFO  o.s.b.t.c.SpringBootTestContextBootstrapper - Found @SpringBootConfiguration roomescape.RoomescapeApplication for test class roomescape.unit.infrastructure.WaitingRepositoryAdaptorTest
2025-06-12 20:33:05.144 [Test worker] INFO  o.s.t.c.s.AnnotationConfigContextLoaderUtils - Could not detect default configuration classes for test class [roomescape.unit.presentation.AdminControllerTest]: AdminControllerTest does not declare any static, non-private, non-final, nested classes annotated with @Configuration.
2025-06-12 20:33:05.153 [Test worker] INFO  o.s.b.t.c.SpringBootTestContextBootstrapper - Found @SpringBootConfiguration roomescape.RoomescapeApplication for test class roomescape.unit.presentation.AdminControllerTest
2025-06-12 20:33:05.163 [Test worker] INFO  r.u.presentation.AdminControllerTest - Starting AdminControllerTest using Java 21.0.4 with PID 94104 (started by yuseokhyeon in /Users/yuseokhyeon/woowa7/level2/spring-roomescape-payment)
2025-06-12 20:33:05.163 [Test worker] INFO  r.u.presentation.AdminControllerTest - No active profile set, falling back to 1 default profile: "default"
2025-06-12 20:33:05.342 [Test worker] INFO  o.s.b.a.w.s.WelcomePageHandlerMapping - Adding welcome page template: index
2025-06-12 20:33:05.361 [Test worker] INFO  o.s.b.t.m.w.SpringBootMockServletContext - Initializing Spring TestDispatcherServlet ''
2025-06-12 20:33:05.361 [Test worker] INFO  o.s.t.w.s.TestDispatcherServlet - Initializing Servlet ''
2025-06-12 20:33:05.362 [Test worker] INFO  o.s.t.w.s.TestDispatcherServlet - Completed initialization in 1 ms
2025-06-12 20:33:05.367 [Test worker] INFO  r.u.presentation.AdminControllerTest - Started AdminControllerTest in 0.21 seconds (process running for 21.969)
2025-06-12 20:33:05.381 [Test worker] INFO  r.presentation.AdminController - 관리자 예약 생성: 테마ID = 1, 날짜 = 2025-01-01, 시간ID = 1
2025-06-12 20:33:05.398 [Test worker] INFO  o.s.t.c.s.AnnotationConfigContextLoaderUtils - Could not detect default configuration classes for test class [roomescape.unit.presentation.AuthControllerTest]: AuthControllerTest does not declare any static, non-private, non-final, nested classes annotated with @Configuration.
2025-06-12 20:33:05.402 [Test worker] INFO  o.s.b.t.c.SpringBootTestContextBootstrapper - Found @SpringBootConfiguration roomescape.RoomescapeApplication for test class roomescape.unit.presentation.AuthControllerTest
2025-06-12 20:33:05.410 [Test worker] INFO  r.u.presentation.AuthControllerTest - Starting AuthControllerTest using Java 21.0.4 with PID 94104 (started by yuseokhyeon in /Users/yuseokhyeon/woowa7/level2/spring-roomescape-payment)
2025-06-12 20:33:05.410 [Test worker] INFO  r.u.presentation.AuthControllerTest - No active profile set, falling back to 1 default profile: "default"
2025-06-12 20:33:05.499 [Test worker] INFO  o.s.b.a.w.s.WelcomePageHandlerMapping - Adding welcome page template: index
2025-06-12 20:33:05.510 [Test worker] INFO  o.s.b.t.m.w.SpringBootMockServletContext - Initializing Spring TestDispatcherServlet ''
2025-06-12 20:33:05.510 [Test worker] INFO  o.s.t.w.s.TestDispatcherServlet - Initializing Servlet ''
2025-06-12 20:33:05.510 [Test worker] INFO  o.s.t.w.s.TestDispatcherServlet - Completed initialization in 0 ms
2025-06-12 20:33:05.512 [Test worker] INFO  r.u.presentation.AuthControllerTest - Started AuthControllerTest in 0.109 seconds (process running for 22.114)
2025-06-12 20:33:05.523 [Test worker] INFO  r.presentation.AuthController - 유저 로그인: email=email@domain.com
2025-06-12 20:33:05.532 [Test worker] WARN  r.exception.GlobalExceptionHandler - 권한 없음: message = 유효하지 않은 토큰입니다., status = 401 UNAUTHORIZED
2025-06-12 20:33:05.536 [Test worker] INFO  o.s.t.c.s.AnnotationConfigContextLoaderUtils - Could not detect default configuration classes for test class [roomescape.unit.presentation.MemberControllerTest]: MemberControllerTest does not declare any static, non-private, non-final, nested classes annotated with @Configuration.
2025-06-12 20:33:05.538 [Test worker] INFO  o.s.b.t.c.SpringBootTestContextBootstrapper - Found @SpringBootConfiguration roomescape.RoomescapeApplication for test class roomescape.unit.presentation.MemberControllerTest
2025-06-12 20:33:05.545 [Test worker] INFO  r.u.p.MemberControllerTest - Starting MemberControllerTest using Java 21.0.4 with PID 94104 (started by yuseokhyeon in /Users/yuseokhyeon/woowa7/level2/spring-roomescape-payment)
2025-06-12 20:33:05.545 [Test worker] INFO  r.u.p.MemberControllerTest - No active profile set, falling back to 1 default profile: "default"
2025-06-12 20:33:05.686 [Test worker] INFO  o.s.b.a.w.s.WelcomePageHandlerMapping - Adding welcome page template: index
2025-06-12 20:33:05.706 [Test worker] INFO  o.s.b.t.m.w.SpringBootMockServletContext - Initializing Spring TestDispatcherServlet ''
2025-06-12 20:33:05.706 [Test worker] INFO  o.s.t.w.s.TestDispatcherServlet - Initializing Servlet ''
2025-06-12 20:33:05.706 [Test worker] INFO  o.s.t.w.s.TestDispatcherServlet - Completed initialization in 0 ms
2025-06-12 20:33:05.708 [Test worker] INFO  r.u.p.MemberControllerTest - Started MemberControllerTest in 0.169 seconds (process running for 22.31)
2025-06-12 20:33:05.718 [Test worker] INFO  r.presentation.MemberController - 회원 가입 완료: username=name1, id=1
2025-06-12 20:33:05.768 [Test worker] INFO  o.s.t.c.s.AnnotationConfigContextLoaderUtils - Could not detect default configuration classes for test class [roomescape.unit.presentation.ReservationControllerTest]: ReservationControllerTest does not declare any static, non-private, non-final, nested classes annotated with @Configuration.
2025-06-12 20:33:05.772 [Test worker] INFO  o.s.b.t.c.SpringBootTestContextBootstrapper - Found @SpringBootConfiguration roomescape.RoomescapeApplication for test class roomescape.unit.presentation.ReservationControllerTest
2025-06-12 20:33:05.779 [Test worker] INFO  r.u.p.ReservationControllerTest - Starting ReservationControllerTest using Java 21.0.4 with PID 94104 (started by yuseokhyeon in /Users/yuseokhyeon/woowa7/level2/spring-roomescape-payment)
2025-06-12 20:33:05.779 [Test worker] INFO  r.u.p.ReservationControllerTest - No active profile set, falling back to 1 default profile: "default"
2025-06-12 20:33:05.902 [Test worker] INFO  o.s.b.a.w.s.WelcomePageHandlerMapping - Adding welcome page template: index
2025-06-12 20:33:05.914 [Test worker] INFO  o.s.b.t.m.w.SpringBootMockServletContext - Initializing Spring TestDispatcherServlet ''
2025-06-12 20:33:05.914 [Test worker] INFO  o.s.t.w.s.TestDispatcherServlet - Initializing Servlet ''
2025-06-12 20:33:05.914 [Test worker] INFO  o.s.t.w.s.TestDispatcherServlet - Completed initialization in 0 ms
2025-06-12 20:33:05.916 [Test worker] INFO  r.u.p.ReservationControllerTest - Started ReservationControllerTest in 0.143 seconds (process running for 22.518)
2025-06-12 20:33:05.923 [Test worker] INFO  r.presentation.ReservationController - 회원 예약 생성: 회원ID = 1, 테마ID = 1, 날짜 = 2025-01-01, 시간ID = 1, 금액 = 1000
2025-06-12 20:33:05.937 [Test worker] INFO  o.s.t.c.s.AnnotationConfigContextLoaderUtils - Could not detect default configuration classes for test class [roomescape.unit.presentation.ReservationTimeControllerTest]: ReservationTimeControllerTest does not declare any static, non-private, non-final, nested classes annotated with @Configuration.
2025-06-12 20:33:05.940 [Test worker] INFO  o.s.b.t.c.SpringBootTestContextBootstrapper - Found @SpringBootConfiguration roomescape.RoomescapeApplication for test class roomescape.unit.presentation.ReservationTimeControllerTest
2025-06-12 20:33:05.947 [Test worker] INFO  r.u.p.ReservationTimeControllerTest - Starting ReservationTimeControllerTest using Java 21.0.4 with PID 94104 (started by yuseokhyeon in /Users/yuseokhyeon/woowa7/level2/spring-roomescape-payment)
2025-06-12 20:33:05.947 [Test worker] INFO  r.u.p.ReservationTimeControllerTest - No active profile set, falling back to 1 default profile: "default"
2025-06-12 20:33:06.049 [Test worker] INFO  o.s.b.a.w.s.WelcomePageHandlerMapping - Adding welcome page template: index
2025-06-12 20:33:06.076 [Test worker] INFO  o.s.b.t.m.w.SpringBootMockServletContext - Initializing Spring TestDispatcherServlet ''
2025-06-12 20:33:06.076 [Test worker] INFO  o.s.t.w.s.TestDispatcherServlet - Initializing Servlet ''
2025-06-12 20:33:06.076 [Test worker] INFO  o.s.t.w.s.TestDispatcherServlet - Completed initialization in 0 ms
2025-06-12 20:33:06.078 [Test worker] INFO  r.u.p.ReservationTimeControllerTest - Started ReservationTimeControllerTest in 0.137 seconds (process running for 22.681)
2025-06-12 20:33:06.086 [Test worker] INFO  r.p.ReservationTimeController - 예약 시간 생성: 예약시간 id = 1, 시작시간 = 09:00
2025-06-12 20:33:06.095 [Test worker] INFO  o.s.t.c.s.AnnotationConfigContextLoaderUtils - Could not detect default configuration classes for test class [roomescape.unit.presentation.ThemeControllerTest]: ThemeControllerTest does not declare any static, non-private, non-final, nested classes annotated with @Configuration.
2025-06-12 20:33:06.099 [Test worker] INFO  o.s.b.t.c.SpringBootTestContextBootstrapper - Found @SpringBootConfiguration roomescape.RoomescapeApplication for test class roomescape.unit.presentation.ThemeControllerTest
2025-06-12 20:33:06.108 [Test worker] INFO  r.u.presentation.ThemeControllerTest - Starting ThemeControllerTest using Java 21.0.4 with PID 94104 (started by yuseokhyeon in /Users/yuseokhyeon/woowa7/level2/spring-roomescape-payment)
2025-06-12 20:33:06.109 [Test worker] INFO  r.u.presentation.ThemeControllerTest - No active profile set, falling back to 1 default profile: "default"
2025-06-12 20:33:06.204 [Test worker] INFO  o.s.b.a.w.s.WelcomePageHandlerMapping - Adding welcome page template: index
2025-06-12 20:33:06.218 [Test worker] INFO  o.s.b.t.m.w.SpringBootMockServletContext - Initializing Spring TestDispatcherServlet ''
2025-06-12 20:33:06.218 [Test worker] INFO  o.s.t.w.s.TestDispatcherServlet - Initializing Servlet ''
2025-06-12 20:33:06.218 [Test worker] INFO  o.s.t.w.s.TestDispatcherServlet - Completed initialization in 0 ms
2025-06-12 20:33:06.221 [Test worker] INFO  r.u.presentation.ThemeControllerTest - Started ThemeControllerTest in 0.121 seconds (process running for 22.823)
2025-06-12 20:33:06.226 [Test worker] INFO  r.presentation.ThemeController - 테마 생성: 테마 id = 1, 테마 이름 = theme1
2025-06-12 20:33:06.330 [SpringApplicationShutdownHook] INFO  o.s.b.w.e.tomcat.GracefulShutdown - Commencing graceful shutdown. Waiting for active requests to complete
2025-06-12 20:33:06.331 [tomcat-shutdown] INFO  o.s.b.w.e.tomcat.GracefulShutdown - Graceful shutdown complete
2025-06-12 20:33:06.332 [SpringApplicationShutdownHook] INFO  o.s.o.j.LocalContainerEntityManagerFactoryBean - Closing JPA EntityManagerFactory for persistence unit 'default'
2025-06-12 20:33:06.333 [SpringApplicationShutdownHook] INFO  com.zaxxer.hikari.HikariDataSource - HikariPool-25 - Shutdown initiated...
2025-06-12 20:33:06.333 [SpringApplicationShutdownHook] INFO  com.zaxxer.hikari.HikariDataSource - HikariPool-25 - Shutdown completed.
2025-06-12 20:33:06.334 [SpringApplicationShutdownHook] INFO  o.s.b.w.e.tomcat.GracefulShutdown - Commencing graceful shutdown. Waiting for active requests to complete
2025-06-12 20:33:06.335 [tomcat-shutdown] INFO  o.s.b.w.e.tomcat.GracefulShutdown - Graceful shutdown complete
2025-06-12 20:33:06.336 [SpringApplicationShutdownHook] INFO  o.s.o.j.LocalContainerEntityManagerFactoryBean - Closing JPA EntityManagerFactory for persistence unit 'default'
2025-06-12 20:33:06.336 [SpringApplicationShutdownHook] INFO  com.zaxxer.hikari.HikariDataSource - HikariPool-37 - Shutdown initiated...
2025-06-12 20:33:06.337 [SpringApplicationShutdownHook] INFO  com.zaxxer.hikari.HikariDataSource - HikariPool-37 - Shutdown completed.
2025-06-12 20:33:06.337 [SpringApplicationShutdownHook] INFO  o.s.o.j.LocalContainerEntityManagerFactoryBean - Closing JPA EntityManagerFactory for persistence unit 'default'
